,time,SSC (mg/L)
0,1994-10-01 00:00:00.000,30.855555555555554
1,1994-10-02 00:00:00.000,31.50561797752809
2,1994-10-03 00:00:00.000,33.285714285714285
3,1994-10-04 00:00:00.000,33.18681318681319
4,1994-10-05 00:00:00.000,32.160919540229884
5,1994-10-06 00:00:00.000,33.31818181818182
6,1994-10-07 00:00:00.000,30.6
7,1994-10-08 00:00:00.000,32.0
8,1994-10-09 00:00:00.000,32.76190476190476
9,1994-10-10 00:00:00.000,33.57746478873239
10,1994-10-11 00:00:00.000,31.96923076923077
11,1994-10-12 00:00:00.000,31.397058823529413
12,1994-10-13 00:00:00.000,32.02597402597402
13,1994-10-14 00:00:00.000,33.94505494505494
14,1994-10-15 00:00:00.000,34.365591397849464
15,1994-10-16 00:00:00.000,35.489583333333336
16,1994-10-17 00:00:00.000,35.166666666666664
17,1994-10-18 00:00:00.000,33.4
18,1994-10-19 00:00:00.000,34.57142857142857
19,1994-10-20 00:00:00.000,33.901234567901234
20,1994-10-21 00:00:00.000,32.810810810810814
21,1994-10-22 00:00:00.000,32.629629629629626
22,1994-10-23 00:00:00.000,30.9
23,1994-10-24 00:00:00.000,30.2
24,1994-10-25 00:00:00.000,29.8125
25,1994-10-26 00:00:00.000,30.857142857142858
26,1994-10-27 00:00:00.000,29.666666666666668
27,1994-10-28 00:00:00.000,29.0
28,1994-10-29 00:00:00.000,29.0
29,1994-10-30 00:00:00.000,29.214285714285715
30,1994-10-31 00:00:00.000,28.923076923076923
31,1994-11-01 00:00:00.000,29.266666666666666
32,1994-11-02 00:00:00.000,30.20408163265306
33,1994-11-03 00:00:00.000,31.144927536231883
34,1994-11-04 00:00:00.000,32.63768115942029
35,1994-11-05 00:00:00.000,32.3
36,1994-11-06 00:00:00.000,32.324675324675326
37,1994-11-07 00:00:00.000,32.646153846153844
38,1994-11-08 00:00:00.000,32.705882352941174
39,1994-11-09 00:00:00.000,33.57142857142857
40,1994-11-10 00:00:00.000,30.653846153846153
41,1994-11-11 00:00:00.000,31.485714285714284
42,1994-11-12 00:00:00.000,31.944444444444443
43,1994-11-13 00:00:00.000,31.413793103448278
44,1994-11-14 00:00:00.000,29.85185185185185
45,1994-11-15 00:00:00.000,30.647058823529413
46,1994-11-16 00:00:00.000,31.46938775510204
47,1994-11-17 00:00:00.000,31.53030303030303
48,1994-11-18 00:00:00.000,32.09722222222222
49,1994-11-19 00:00:00.000,32.342465753424655
50,1994-11-20 00:00:00.000,31.305084745762713
51,1994-11-21 00:00:00.000,31.029411764705884
52,1994-11-22 00:00:00.000,32.074074074074076
53,1994-11-23 00:00:00.000,30.59090909090909
54,1994-11-24 00:00:00.000,27.8
55,1994-11-25 00:00:00.000,31.48148148148148
56,1994-11-26 00:00:00.000,31.636363636363637
57,1994-11-27 00:00:00.000,31.2
58,1994-11-28 00:00:00.000,30.52
59,1994-11-29 00:00:00.000,31.0
60,1994-11-30 00:00:00.000,32.28
61,1994-12-01 00:00:00.000,33.507936507936506
62,1994-12-02 00:00:00.000,42.04255319148936
63,1994-12-03 00:00:00.000,50.425
64,1994-12-04 00:00:00.000,35.054794520547944
65,1994-12-05 00:00:00.000,33.38961038961039
66,1994-12-06 00:00:00.000,29.655172413793103
67,1994-12-07 00:00:00.000,26.0
68,1994-12-08 00:00:00.000,22.625
69,1994-12-09 00:00:00.000,26.19298245614035
70,1994-12-10 00:00:00.000,28.75
71,1994-12-11 00:00:00.000,28.13186813186813
72,1994-12-12 00:00:00.000,28.4468085106383
73,1994-12-13 00:00:00.000,27.34375
74,1994-12-14 00:00:00.000,26.51578947368421
75,1994-12-15 00:00:00.000,25.875
76,1994-12-16 00:00:00.000,26.0
77,1994-12-17 00:00:00.000,26.183673469387756
78,1994-12-18 00:00:00.000,25.59375
79,1994-12-19 00:00:00.000,25.25
80,1994-12-20 00:00:00.000,24.760416666666668
81,1994-12-21 00:00:00.000,24.4468085106383
82,1994-12-22 00:00:00.000,24.666666666666668
83,1994-12-23 00:00:00.000,26.041666666666668
84,1994-12-24 00:00:00.000,25.416666666666668
85,1994-12-25 00:00:00.000,28.447916666666668
86,1994-12-26 00:00:00.000,28.5
87,1994-12-27 00:00:00.000,28.48421052631579
88,1994-12-28 00:00:00.000,29.97872340425532
89,1994-12-29 00:00:00.000,29.677083333333332
90,1994-12-30 00:00:00.000,30.105882352941176
91,1994-12-31 00:00:00.000,32.14102564102564
92,1995-01-01 00:00:00.000,32.0
93,1995-01-02 00:00:00.000,32.0
94,1995-01-03 00:00:00.000,32.0
95,1995-01-04 00:00:00.000,32.0
96,1995-01-05 00:00:00.000,33.0
97,1995-01-06 00:00:00.000,33.0
98,1995-01-07 00:00:00.000,33.0
99,1995-01-08 00:00:00.000,33.0
100,1995-01-09 00:00:00.000,32.509433962264154
101,1995-01-10 00:00:00.000,36.48936170212766
102,1995-01-11 00:00:00.000,67.22916666666667
103,1995-01-12 00:00:00.000,128.10416666666666
104,1995-01-13 00:00:00.000,220.29166666666666
105,1995-01-14 00:00:00.000,223.35416666666666
106,1995-01-15 00:00:00.000,189.66666666666666
107,1995-01-16 00:00:00.000,171.46875
108,1995-01-17 00:00:00.000,149.8
109,1995-01-18 00:00:00.000,133.03125
110,1995-01-19 00:00:00.000,149.52083333333334
111,1995-01-20 00:00:00.000,137.74193548387098
112,1995-01-21 00:00:00.000,132.0
113,1995-01-22 00:00:00.000,126.0
114,1995-01-23 00:00:00.000,119.80952380952381
115,1995-01-24 00:00:00.000,106.62666666666667
116,1995-01-25 00:00:00.000,96.20833333333333
117,1995-01-26 00:00:00.000,81.77083333333333
118,1995-01-27 00:00:00.000,75.03125
119,1995-01-28 00:00:00.000,85.36458333333333
120,1995-01-29 00:00:00.000,76.27083333333333
121,1995-01-30 00:00:00.000,68.59375
122,1995-01-31 00:00:00.000,62.864583333333336
123,1995-02-01 00:00:00.000,60.84375
124,1995-02-02 00:00:00.000,53.270833333333336
125,1995-02-03 00:00:00.000,47.46478873239437
126,1995-02-04 00:00:00.000,47.947916666666664
127,1995-02-05 00:00:00.000,46.635416666666664
128,1995-02-06 00:00:00.000,55.416666666666664
129,1995-02-07 00:00:00.000,64.59375
130,1995-02-08 00:00:00.000,56.177083333333336
131,1995-02-09 00:00:00.000,46.729166666666664
132,1995-02-10 00:00:00.000,43.375
133,1995-02-11 00:00:00.000,39.822916666666664
134,1995-02-12 00:00:00.000,37.427083333333336
135,1995-02-13 00:00:00.000,35.28409090909091
136,1995-02-14 00:00:00.000,33.708333333333336
137,1995-02-15 00:00:00.000,30.635416666666668
138,1995-02-16 00:00:00.000,30.66315789473684
139,1995-02-17 00:00:00.000,31.145833333333332
140,1995-02-18 00:00:00.000,29.614583333333332
141,1995-02-19 00:00:00.000,28.125
142,1995-02-20 00:00:00.000,26.760416666666668
143,1995-02-21 00:00:00.000,25.5625
144,1995-02-22 00:00:00.000,24.085106382978722
145,1995-02-23 00:00:00.000,22.25
146,1995-02-24 00:00:00.000,20.625
147,1995-02-25 00:00:00.000,21.385416666666668
148,1995-02-26 00:00:00.000,21.770833333333332
149,1995-02-27 00:00:00.000,22.03125
150,1995-02-28 00:00:00.000,23.1875
151,1995-03-01 00:00:00.000,24.395833333333332
152,1995-03-02 00:00:00.000,24.833333333333332
153,1995-03-03 00:00:00.000,24.645833333333332
154,1995-03-04 00:00:00.000,21.5
155,1995-03-05 00:00:00.000,19.1875
156,1995-03-06 00:00:00.000,16.8
157,1995-03-07 00:00:00.000,15.305882352941177
158,1995-03-08 00:00:00.000,13.950819672131148
159,1995-03-09 00:00:00.000,14.0
160,1995-03-10 00:00:00.000,30.5
161,1995-03-11 00:00:00.000,26.382978723404257
162,1995-03-12 00:00:00.000,82.3125
163,1995-03-13 00:00:00.000,171.19791666666666
164,1995-03-14 00:00:00.000,148.23958333333334
165,1995-03-15 00:00:00.000,104.40816326530613
166,1995-03-16 00:00:00.000,69.85365853658537
167,1995-03-17 00:00:00.000,59.135416666666664
168,1995-03-18 00:00:00.000,50.583333333333336
169,1995-03-19 00:00:00.000,52.03125
170,1995-03-20 00:00:00.000,59.21875
171,1995-03-21 00:00:00.000,50.489583333333336
172,1995-03-22 00:00:00.000,52.29347826086956
173,1995-03-23 00:00:00.000,49.51647826086956
174,1995-03-24 00:00:00.000,46.73947826086956
175,1995-03-25 00:00:00.000,43.96247826086956
176,1995-03-26 00:00:00.000,41.18547826086956
177,1995-03-27 00:00:00.000,38.40847826086956
178,1995-03-28 00:00:00.000,35.63147826086956
179,1995-03-29 00:00:00.000,32.854478260869556
180,1995-03-30 00:00:00.000,30.077478260869555
181,1995-03-31 00:00:00.000,27.433962264150942
182,1995-04-01 00:00:00.000,28.322916666666668
183,1995-04-02 00:00:00.000,26.583333333333332
184,1995-04-03 00:00:00.000,25.5625
185,1995-04-04 00:00:00.000,24.270833333333332
186,1995-04-05 00:00:00.000,23.041666666666668
187,1995-04-06 00:00:00.000,22.8125
188,1995-04-07 00:00:00.000,22.052083333333332
189,1995-04-08 00:00:00.000,21.239583333333332
190,1995-04-09 00:00:00.000,21.666666666666668
191,1995-04-10 00:00:00.000,24.586206896551722
192,1995-04-11 00:00:00.000,25.186206896551724
193,1995-04-12 00:00:00.000,25.786206896551725
194,1995-04-13 00:00:00.000,26.386206896551727
195,1995-04-14 00:00:00.000,26.986206896551728
196,1995-04-15 00:00:00.000,27.58620689655173
197,1995-04-16 00:00:00.000,28.18620689655173
198,1995-04-17 00:00:00.000,28.786206896551732
199,1995-04-18 00:00:00.000,29.386206896551734
200,1995-04-19 00:00:00.000,29.986206896551735
201,1995-04-20 00:00:00.000,31.3125
202,1995-04-21 00:00:00.000,30.208333333333332
203,1995-04-22 00:00:00.000,29.5
204,1995-04-23 00:00:00.000,29.052083333333332
205,1995-04-24 00:00:00.000,28.604166666666668
206,1995-04-25 00:00:00.000,31.520833333333332
207,1995-04-26 00:00:00.000,32.5
208,1995-04-27 00:00:00.000,32.895833333333336
209,1995-04-28 00:00:00.000,32.166666666666664
210,1995-04-29 00:00:00.000,33.302083333333336
211,1995-04-30 00:00:00.000,30.548387096774192
212,1995-05-01 00:00:00.000,30.410526315789475
213,1995-05-02 00:00:00.000,30.291666666666668
214,1995-05-03 00:00:00.000,35.75
215,1995-05-04 00:00:00.000,42.927083333333336
216,1995-05-05 00:00:00.000,72.94791666666667
217,1995-05-06 00:00:00.000,60.458333333333336
218,1995-05-07 00:00:00.000,49.885416666666664
219,1995-05-08 00:00:00.000,43.833333333333336
220,1995-05-09 00:00:00.000,39.50033333333334
221,1995-05-10 00:00:00.000,35.16733333333334
222,1995-05-11 00:00:00.000,30.784313725490197
223,1995-05-12 00:00:00.000,31.645833333333332
224,1995-05-13 00:00:00.000,31.15625
225,1995-05-14 00:00:00.000,30.3125
226,1995-05-15 00:00:00.000,30.270833333333332
227,1995-05-16 00:00:00.000,29.625
228,1995-05-17 00:00:00.000,28.760416666666668
229,1995-05-18 00:00:00.000,28.104166666666668
230,1995-05-19 00:00:00.000,26.97590361445783
231,1995-05-20 00:00:00.000,27.15490361445783
232,1995-05-21 00:00:00.000,27.333903614457828
233,1995-05-22 00:00:00.000,27.512903614457827
234,1995-05-23 00:00:00.000,27.691903614457825
235,1995-05-24 00:00:00.000,27.870903614457823
236,1995-05-25 00:00:00.000,28.049903614457822
237,1995-05-26 00:00:00.000,28.22890361445782
238,1995-05-27 00:00:00.000,28.40790361445782
239,1995-05-28 00:00:00.000,28.586903614457817
240,1995-05-29 00:00:00.000,28.765903614457816
241,1995-05-30 00:00:00.000,28.944903614457814
242,1995-05-31 00:00:00.000,29.123903614457813
243,1995-06-01 00:00:00.000,29.30290361445781
244,1995-06-02 00:00:00.000,29.48190361445781
245,1995-06-03 00:00:00.000,29.66090361445781
246,1995-06-04 00:00:00.000,29.839903614457807
247,1995-06-05 00:00:00.000,30.018903614457805
248,1995-06-06 00:00:00.000,30.197903614457804
249,1995-06-07 00:00:00.000,30.376903614457802
250,1995-06-08 00:00:00.000,30.5559036144578
251,1995-06-09 00:00:00.000,30.7349036144578
252,1995-06-10 00:00:00.000,30.913903614457798
253,1995-06-11 00:00:00.000,31.092903614457796
254,1995-06-12 00:00:00.000,31.271903614457795
255,1995-06-13 00:00:00.000,31.450903614457793
256,1995-06-14 00:00:00.000,31.629903614457792
257,1995-06-15 00:00:00.000,31.80890361445779
258,1995-06-16 00:00:00.000,32.44642857142857
259,1995-06-17 00:00:00.000,32.833333333333336
260,1995-06-18 00:00:00.000,30.739583333333332
261,1995-06-19 00:00:00.000,29.364583333333332
262,1995-06-20 00:00:00.000,27.57894736842105
263,1995-06-21 00:00:00.000,25.239583333333332
264,1995-06-22 00:00:00.000,25.15625
265,1995-06-23 00:00:00.000,25.810526315789474
266,1995-06-24 00:00:00.000,25.96875
267,1995-06-25 00:00:00.000,27.0
268,1995-06-26 00:00:00.000,29.177083333333332
269,1995-06-27 00:00:00.000,32.822916666666664
270,1995-06-28 00:00:00.000,34.572916666666664
271,1995-06-29 00:00:00.000,35.666666666666664
272,1995-06-30 00:00:00.000,38.052083333333336
273,1995-07-01 00:00:00.000,40.96875
274,1995-07-02 00:00:00.000,39.31428571428572
275,1995-07-03 00:00:00.000,39.702127659574465
276,1995-07-04 00:00:00.000,38.458333333333336
277,1995-07-05 00:00:00.000,36.614583333333336
278,1995-07-06 00:00:00.000,37.260416666666664
279,1995-07-07 00:00:00.000,38.78947368421053
280,1995-07-08 00:00:00.000,38.38947368421053
281,1995-07-09 00:00:00.000,37.98947368421053
282,1995-07-10 00:00:00.000,37.58947368421053
283,1995-07-11 00:00:00.000,37.18947368421053
284,1995-07-12 00:00:00.000,36.57446808510638
285,1995-07-13 00:00:00.000,39.229166666666664
286,1995-07-14 00:00:00.000,38.69318181818182
287,1995-07-15 00:00:00.000,38.0
288,1995-07-16 00:00:00.000,39.270833333333336
289,1995-07-17 00:00:00.000,37.552083333333336
290,1995-07-18 00:00:00.000,34.625
291,1995-07-19 00:00:00.000,33.552083333333336
292,1995-07-20 00:00:00.000,32.19230769230769
293,1995-07-21 00:00:00.000,32.0
294,1995-07-22 00:00:00.000,33.0
295,1995-07-23 00:00:00.000,33.0
296,1995-07-24 00:00:00.000,33.0
297,1995-07-25 00:00:00.000,33.0
298,1995-07-26 00:00:00.000,34.0
299,1995-07-27 00:00:00.000,34.0
300,1995-07-28 00:00:00.000,34.075471698113205
301,1995-07-29 00:00:00.000,36.916666666666664
302,1995-07-30 00:00:00.000,36.247058823529414
303,1995-07-31 00:00:00.000,35.59375
304,1995-08-01 00:00:00.000,37.15625
305,1995-08-02 00:00:00.000,35.5
306,1995-08-03 00:00:00.000,35.786
307,1995-08-04 00:00:00.000,36.072
308,1995-08-05 00:00:00.000,36.358000000000004
309,1995-08-06 00:00:00.000,36.644000000000005
310,1995-08-07 00:00:00.000,36.93000000000001
311,1995-08-08 00:00:00.000,37.21600000000001
312,1995-08-09 00:00:00.000,37.50200000000001
313,1995-08-10 00:00:00.000,37.78800000000001
314,1995-08-11 00:00:00.000,38.07400000000001
315,1995-08-12 00:00:00.000,38.360000000000014
316,1995-08-13 00:00:00.000,38.646000000000015
317,1995-08-14 00:00:00.000,38.932000000000016
318,1995-08-15 00:00:00.000,39.21800000000002
319,1995-08-16 00:00:00.000,39.50400000000002
320,1995-08-17 00:00:00.000,39.79000000000002
321,1995-08-18 00:00:00.000,40.07600000000002
322,1995-08-19 00:00:00.000,40.36200000000002
323,1995-08-20 00:00:00.000,40.648000000000025
324,1995-08-21 00:00:00.000,40.934000000000026
325,1995-08-22 00:00:00.000,41.22000000000003
326,1995-08-23 00:00:00.000,41.50600000000003
327,1995-08-24 00:00:00.000,41.79200000000003
328,1995-08-25 00:00:00.000,42.07800000000003
329,1995-08-26 00:00:00.000,42.36400000000003
330,1995-08-27 00:00:00.000,42.650000000000034
331,1995-08-28 00:00:00.000,42.936000000000035
332,1995-08-29 00:00:00.000,43.22200000000004
333,1995-08-30 00:00:00.000,44.05769230769231
334,1995-08-31 00:00:00.000,44.1875
335,1995-09-01 00:00:00.000,43.5
336,1995-09-02 00:00:00.000,43.367
337,1995-09-03 00:00:00.000,43.233999999999995
338,1995-09-04 00:00:00.000,43.10099999999999
339,1995-09-05 00:00:00.000,42.96799999999999
340,1995-09-06 00:00:00.000,42.83499999999999
341,1995-09-07 00:00:00.000,42.701999999999984
342,1995-09-08 00:00:00.000,42.56899999999998
343,1995-09-09 00:00:00.000,42.43599999999998
344,1995-09-10 00:00:00.000,42.302999999999976
345,1995-09-11 00:00:00.000,42.16999999999997
346,1995-09-12 00:00:00.000,42.03699999999997
347,1995-09-13 00:00:00.000,41.90399999999997
348,1995-09-14 00:00:00.000,41.770999999999965
349,1995-09-15 00:00:00.000,41.63799999999996
350,1995-09-16 00:00:00.000,41.50499999999996
351,1995-09-17 00:00:00.000,41.37199999999996
352,1995-09-18 00:00:00.000,41.238999999999955
353,1995-09-19 00:00:00.000,41.10599999999995
354,1995-09-20 00:00:00.000,40.97299999999995
355,1995-09-21 00:00:00.000,40.83999999999995
356,1995-09-22 00:00:00.000,40.706999999999944
357,1995-09-23 00:00:00.000,40.57399999999994
358,1995-09-24 00:00:00.000,40.44099999999994
359,1995-09-25 00:00:00.000,40.307999999999936
360,1995-09-26 00:00:00.000,40.17499999999993
361,1995-09-27 00:00:00.000,40.04199999999993
362,1995-09-28 00:00:00.000,39.90899999999993
363,1995-09-29 00:00:00.000,39.775999999999925
364,1995-09-30 00:00:00.000,39.64299999999992
365,1995-10-01 00:00:00.000,39.50999999999992
366,1995-10-02 00:00:00.000,39.37699999999992
367,1995-10-03 00:00:00.000,39.243999999999915
368,1995-10-04 00:00:00.000,39.11099999999991
369,1995-10-05 00:00:00.000,38.97799999999991
370,1995-10-06 00:00:00.000,38.84499999999991
371,1995-10-07 00:00:00.000,38.711999999999904
372,1995-10-08 00:00:00.000,38.5789999999999
373,1995-10-09 00:00:00.000,38.4459999999999
374,1995-10-10 00:00:00.000,38.312999999999896
375,1995-10-11 00:00:00.000,38.17999999999989
376,1995-10-12 00:00:00.000,38.04699999999989
377,1995-10-13 00:00:00.000,37.91399999999989
378,1995-10-14 00:00:00.000,37.780999999999885
379,1995-10-15 00:00:00.000,37.64799999999988
380,1995-10-16 00:00:00.000,37.51499999999988
381,1995-10-17 00:00:00.000,37.38199999999988
382,1995-10-18 00:00:00.000,37.248999999999874
383,1995-10-19 00:00:00.000,37.11599999999987
384,1995-10-20 00:00:00.000,36.98299999999987
385,1995-10-21 00:00:00.000,36.849999999999866
386,1995-10-22 00:00:00.000,36.716999999999864
387,1995-10-23 00:00:00.000,36.58399999999986
388,1995-10-24 00:00:00.000,36.45099999999986
389,1995-10-25 00:00:00.000,36.317999999999856
390,1995-10-26 00:00:00.000,36.18499999999985
391,1995-10-27 00:00:00.000,36.05199999999985
392,1995-10-28 00:00:00.000,35.91899999999985
393,1995-10-29 00:00:00.000,35.785999999999845
394,1995-10-30 00:00:00.000,35.65299999999984
395,1995-10-31 00:00:00.000,35.51999999999984
396,1995-11-01 00:00:00.000,35.38699999999984
397,1995-11-02 00:00:00.000,35.253999999999834
398,1995-11-03 00:00:00.000,35.12099999999983
399,1995-11-04 00:00:00.000,34.98799999999983
400,1995-11-05 00:00:00.000,34.854999999999826
401,1995-11-06 00:00:00.000,34.721999999999824
402,1995-11-07 00:00:00.000,34.58899999999982
403,1995-11-08 00:00:00.000,34.45599999999982
404,1995-11-09 00:00:00.000,34.322999999999816
405,1995-11-10 00:00:00.000,34.18999999999981
406,1995-11-11 00:00:00.000,34.05699999999981
407,1995-11-12 00:00:00.000,33.92399999999981
408,1995-11-13 00:00:00.000,33.790999999999805
409,1995-11-14 00:00:00.000,33.6579999999998
410,1995-11-15 00:00:00.000,33.5249999999998
411,1995-11-16 00:00:00.000,33.3919999999998
412,1995-11-17 00:00:00.000,33.258999999999794
413,1995-11-18 00:00:00.000,33.12599999999979
414,1995-11-19 00:00:00.000,32.99299999999979
415,1995-11-20 00:00:00.000,32.859999999999786
416,1995-11-21 00:00:00.000,32.726999999999784
417,1995-11-22 00:00:00.000,32.59399999999978
418,1995-11-23 00:00:00.000,32.46099999999978
419,1995-11-24 00:00:00.000,32.327999999999776
420,1995-11-25 00:00:00.000,32.19499999999977
421,1995-11-26 00:00:00.000,32.06199999999977
422,1995-11-27 00:00:00.000,31.92899999999977
423,1995-11-28 00:00:00.000,31.795999999999772
424,1995-11-29 00:00:00.000,31.662999999999773
425,1995-11-30 00:00:00.000,31.529999999999774
426,1995-12-01 00:00:00.000,31.396999999999775
427,1995-12-02 00:00:00.000,31.263999999999776
428,1995-12-03 00:00:00.000,31.130999999999776
429,1995-12-04 00:00:00.000,30.997999999999777
430,1995-12-05 00:00:00.000,30.864999999999778
431,1995-12-06 00:00:00.000,30.73199999999978
432,1995-12-07 00:00:00.000,30.59899999999978
433,1995-12-08 00:00:00.000,30.512820512820515
434,1995-12-09 00:00:00.000,29.0
435,1995-12-10 00:00:00.000,29.354166666666668
436,1995-12-11 00:00:00.000,29.5
437,1995-12-12 00:00:00.000,36.34375
438,1995-12-13 00:00:00.000,32.357142857142854
439,1995-12-14 00:00:00.000,34.0
440,1995-12-15 00:00:00.000,36.0
441,1995-12-16 00:00:00.000,42.642105263157895
442,1995-12-17 00:00:00.000,57.361702127659576
443,1995-12-18 00:00:00.000,67.66666666666667
444,1995-12-19 00:00:00.000,83.84375
445,1995-12-20 00:00:00.000,94.15957446808511
446,1995-12-21 00:00:00.000,95.36458333333333
447,1995-12-22 00:00:00.000,90.77777777777777
448,1995-12-23 00:00:00.000,84.375
449,1995-12-24 00:00:00.000,79.42708333333333
450,1995-12-25 00:00:00.000,75.76041666666667
451,1995-12-26 00:00:00.000,69.97916666666667
452,1995-12-27 00:00:00.000,63.4375
453,1995-12-28 00:00:00.000,58.395833333333336
454,1995-12-29 00:00:00.000,55.395833333333336
455,1995-12-30 00:00:00.000,51.208333333333336
456,1995-12-31 00:00:00.000,47.864583333333336
457,1996-01-01 00:00:00.000,44.604166666666664
458,1996-01-02 00:00:00.000,43.1875
459,1996-01-03 00:00:00.000,42.354166666666664
460,1996-01-04 00:00:00.000,40.947916666666664
461,1996-01-05 00:00:00.000,41.645833333333336
462,1996-01-06 00:00:00.000,39.385416666666664
463,1996-01-07 00:00:00.000,38.145833333333336
464,1996-01-08 00:00:00.000,39.166666666666664
465,1996-01-09 00:00:00.000,40.4375
466,1996-01-10 00:00:00.000,39.625
467,1996-01-11 00:00:00.000,39.791666666666664
468,1996-01-12 00:00:00.000,40.666666666666664
469,1996-01-13 00:00:00.000,38.3125
470,1996-01-14 00:00:00.000,36.541666666666664
471,1996-01-15 00:00:00.000,34.8125
472,1996-01-16 00:00:00.000,39.645833333333336
473,1996-01-17 00:00:00.000,40.59375
474,1996-01-18 00:00:00.000,41.0625
475,1996-01-19 00:00:00.000,41.9
476,1996-01-20 00:00:00.000,41.26086956521739
477,1996-01-21 00:00:00.000,41.177083333333336
478,1996-01-22 00:00:00.000,42.510416666666664
479,1996-01-23 00:00:00.000,52.302083333333336
480,1996-01-24 00:00:00.000,65.69791666666667
481,1996-01-25 00:00:00.000,66.42708333333333
482,1996-01-26 00:00:00.000,56.15625
483,1996-01-27 00:00:00.000,57.197916666666664
484,1996-01-28 00:00:00.000,49.25
485,1996-01-29 00:00:00.000,40.604166666666664
486,1996-01-30 00:00:00.000,36.822916666666664
487,1996-01-31 00:00:00.000,36.5
488,1996-02-01 00:00:00.000,40.45744680851064
489,1996-02-02 00:00:00.000,44.145833333333336
490,1996-02-03 00:00:00.000,41.322916666666664
491,1996-02-04 00:00:00.000,43.614583333333336
492,1996-02-05 00:00:00.000,41.104166666666664
493,1996-02-06 00:00:00.000,36.84375
494,1996-02-07 00:00:00.000,42.322916666666664
495,1996-02-08 00:00:00.000,42.4375
496,1996-02-09 00:00:00.000,41.53125
497,1996-02-10 00:00:00.000,36.922222222222224
498,1996-02-11 00:00:00.000,38.0
499,1996-02-12 00:00:00.000,42.784946236559136
500,1996-02-13 00:00:00.000,42.4468085106383
501,1996-02-14 00:00:00.000,40.635416666666664
502,1996-02-15 00:00:00.000,41.2
503,1996-02-16 00:00:00.000,40.86666666666667
504,1996-02-17 00:00:00.000,41.104166666666664
505,1996-02-18 00:00:00.000,41.0625
506,1996-02-19 00:00:00.000,43.604166666666664
507,1996-02-20 00:00:00.000,39.53125
508,1996-02-21 00:00:00.000,38.5
509,1996-02-22 00:00:00.000,39.135416666666664
510,1996-02-23 00:00:00.000,49.9375
511,1996-02-24 00:00:00.000,55.135416666666664
512,1996-02-25 00:00:00.000,51.333333333333336
513,1996-02-26 00:00:00.000,52.010416666666664
514,1996-02-27 00:00:00.000,49.625
515,1996-02-28 00:00:00.000,49.041666666666664
516,1996-02-29 00:00:00.000,47.03125
517,1996-03-01 00:00:00.000,42.5625
518,1996-03-02 00:00:00.000,38.822916666666664
519,1996-03-03 00:00:00.000,34.458333333333336
520,1996-03-04 00:00:00.000,34.854166666666664
521,1996-03-05 00:00:00.000,34.37894736842105
522,1996-03-06 00:00:00.000,31.382978723404257
523,1996-03-07 00:00:00.000,31.354166666666668
524,1996-03-08 00:00:00.000,31.6875
525,1996-03-09 00:00:00.000,30.260416666666668
526,1996-03-10 00:00:00.000,29.875
527,1996-03-11 00:00:00.000,29.395833333333332
528,1996-03-12 00:00:00.000,31.020833333333332
529,1996-03-13 00:00:00.000,38.15151515151515
530,1996-03-14 00:00:00.000,33.520833333333336
531,1996-03-15 00:00:00.000,32.875
532,1996-03-16 00:00:00.000,33.84375
533,1996-03-17 00:00:00.000,34.979166666666664
534,1996-03-18 00:00:00.000,35.90625
535,1996-03-19 00:00:00.000,35.541666666666664
536,1996-03-20 00:00:00.000,34.041666666666664
537,1996-03-21 00:00:00.000,32.541666666666664
538,1996-03-22 00:00:00.000,31.041666666666664
539,1996-03-23 00:00:00.000,29.541666666666664
540,1996-03-24 00:00:00.000,28.041666666666664
541,1996-03-25 00:00:00.000,27.37735849056604
542,1996-03-26 00:00:00.000,26.5
543,1996-03-27 00:00:00.000,25.375
544,1996-03-28 00:00:00.000,25.229166666666668
545,1996-03-29 00:00:00.000,24.822916666666668
546,1996-03-30 00:00:00.000,23.75
547,1996-03-31 00:00:00.000,24.729166666666668
548,1996-04-01 00:00:00.000,27.083333333333332
549,1996-04-02 00:00:00.000,27.927083333333332
550,1996-04-03 00:00:00.000,28.552083333333332
551,1996-04-04 00:00:00.000,28.896551724137932
552,1996-04-05 00:00:00.000,29.0
553,1996-04-06 00:00:00.000,29.0
554,1996-04-07 00:00:00.000,30.0
555,1996-04-08 00:00:00.000,30.0
556,1996-04-09 00:00:00.000,30.49019607843137
557,1996-04-10 00:00:00.000,30.625
558,1996-04-11 00:00:00.000,31.25
559,1996-04-12 00:00:00.000,32.166666666666664
560,1996-04-13 00:00:00.000,36.010416666666664
561,1996-04-14 00:00:00.000,42.0
562,1996-04-15 00:00:00.000,42.239583333333336
563,1996-04-16 00:00:00.000,39.81578947368421
564,1996-04-17 00:00:00.000,32.958333333333336
565,1996-04-18 00:00:00.000,32.708333333333336
566,1996-04-19 00:00:00.000,30.59375
567,1996-04-20 00:00:00.000,28.21875
568,1996-04-21 00:00:00.000,26.96842105263158
569,1996-04-22 00:00:00.000,24.28421052631579
570,1996-04-23 00:00:00.000,23.273684210526316
571,1996-04-24 00:00:00.000,24.270833333333332
572,1996-04-25 00:00:00.000,29.739583333333332
573,1996-04-26 00:00:00.000,31.43617021276596
574,1996-04-27 00:00:00.000,23.072916666666668
575,1996-04-28 00:00:00.000,24.583333333333332
576,1996-04-29 00:00:00.000,22.92063492063492
577,1996-04-30 00:00:00.000,24.30851063829787
578,1996-05-01 00:00:00.000,26.072916666666668
579,1996-05-02 00:00:00.000,28.072916666666668
580,1996-05-03 00:00:00.000,31.510416666666668
581,1996-05-04 00:00:00.000,33.53448275862069
582,1996-05-05 00:00:00.000,34.0
583,1996-05-06 00:00:00.000,34.0
584,1996-05-07 00:00:00.000,34.0
585,1996-05-08 00:00:00.000,34.0
586,1996-05-09 00:00:00.000,34.0
587,1996-05-10 00:00:00.000,34.0
588,1996-05-11 00:00:00.000,34.0
589,1996-05-12 00:00:00.000,35.0
590,1996-05-13 00:00:00.000,35.0
591,1996-05-14 00:00:00.000,35.0
592,1996-05-15 00:00:00.000,35.0
593,1996-05-16 00:00:00.000,35.0
594,1996-05-17 00:00:00.000,35.0
595,1996-05-18 00:00:00.000,35.0
596,1996-05-19 00:00:00.000,35.31707317073171
597,1996-05-20 00:00:00.000,34.916666666666664
598,1996-05-21 00:00:00.000,35.895833333333336
599,1996-05-22 00:00:00.000,33.114583333333336
600,1996-05-23 00:00:00.000,31.5
601,1996-05-24 00:00:00.000,32.020833333333336
602,1996-05-25 00:00:00.000,34.729166666666664
603,1996-05-26 00:00:00.000,34.1875
604,1996-05-27 00:00:00.000,38.55789473684211
605,1996-05-28 00:00:00.000,40.51578947368421
606,1996-05-29 00:00:00.000,35.02173913043478
607,1996-05-30 00:00:00.000,34.666666666666664
608,1996-05-31 00:00:00.000,35.739583333333336
609,1996-06-01 00:00:00.000,36.75
610,1996-06-02 00:00:00.000,38.71875
611,1996-06-03 00:00:00.000,40.21875
612,1996-06-04 00:00:00.000,42.239583333333336
613,1996-06-05 00:00:00.000,41.96875
614,1996-06-06 00:00:00.000,41.645833333333336
615,1996-06-07 00:00:00.000,41.21875
616,1996-06-08 00:00:00.000,44.447916666666664
617,1996-06-09 00:00:00.000,47.71875
618,1996-06-10 00:00:00.000,42.6875
619,1996-06-11 00:00:00.000,42.28125
620,1996-06-12 00:00:00.000,43.895833333333336
621,1996-06-13 00:00:00.000,44.979166666666664
622,1996-06-14 00:00:00.000,42.59375
623,1996-06-15 00:00:00.000,44.75
624,1996-06-16 00:00:00.000,47.375
625,1996-06-17 00:00:00.000,45.947916666666664
626,1996-06-18 00:00:00.000,44.125
627,1996-06-19 00:00:00.000,42.041666666666664
628,1996-06-20 00:00:00.000,44.614583333333336
629,1996-06-21 00:00:00.000,46.75
630,1996-06-22 00:00:00.000,46.5
631,1996-06-23 00:00:00.000,48.875
632,1996-06-24 00:00:00.000,49.947916666666664
633,1996-06-25 00:00:00.000,48.395833333333336
634,1996-06-26 00:00:00.000,46.5
635,1996-06-27 00:00:00.000,42.208333333333336
636,1996-06-28 00:00:00.000,43.333333333333336
637,1996-06-29 00:00:00.000,43.0625
638,1996-06-30 00:00:00.000,43.583333333333336
639,1996-07-01 00:00:00.000,44.294736842105266
640,1996-07-02 00:00:00.000,49.270833333333336
641,1996-07-03 00:00:00.000,52.833333333333336
642,1996-07-04 00:00:00.000,50.197916666666664
643,1996-07-05 00:00:00.000,50.53125
644,1996-07-06 00:00:00.000,49.53125
645,1996-07-07 00:00:00.000,50.3
646,1996-07-08 00:00:00.000,53.0
647,1996-07-09 00:00:00.000,55.42857142857143
648,1996-07-10 00:00:00.000,51.5625
649,1996-07-11 00:00:00.000,51.979166666666664
650,1996-07-12 00:00:00.000,48.53658536585366
651,1996-07-13 00:00:00.000,49.28125
652,1996-07-14 00:00:00.000,53.88157894736842
653,1996-07-15 00:00:00.000,54.175
654,1996-07-16 00:00:00.000,51.256410256410255
655,1996-07-17 00:00:00.000,48.71875
656,1996-07-18 00:00:00.000,46.08
657,1996-07-19 00:00:00.000,43.02564102564103
658,1996-07-20 00:00:00.000,42.114583333333336
659,1996-07-21 00:00:00.000,40.16867469879518
660,1996-07-22 00:00:00.000,44.20224719101124
661,1996-07-23 00:00:00.000,46.78125
662,1996-07-24 00:00:00.000,44.385416666666664
663,1996-07-25 00:00:00.000,43.10227272727273
664,1996-07-26 00:00:00.000,47.88157894736842
665,1996-07-27 00:00:00.000,45.48717948717949
666,1996-07-28 00:00:00.000,42.616279069767444
667,1996-07-29 00:00:00.000,43.0125
668,1996-07-30 00:00:00.000,49.352112676056336
669,1996-07-31 00:00:00.000,46.21875
670,1996-08-01 00:00:00.000,52.729166666666664
671,1996-08-02 00:00:00.000,51.208333333333336
672,1996-08-03 00:00:00.000,51.541666666666664
673,1996-08-04 00:00:00.000,49.21875
674,1996-08-05 00:00:00.000,54.5
675,1996-08-06 00:00:00.000,46.59375
676,1996-08-07 00:00:00.000,48.677083333333336
677,1996-08-08 00:00:00.000,46.0625
678,1996-08-09 00:00:00.000,43.510416666666664
679,1996-08-10 00:00:00.000,42.08988764044944
680,1996-08-11 00:00:00.000,40.885416666666664
681,1996-08-12 00:00:00.000,41.479166666666664
682,1996-08-13 00:00:00.000,40.15625
683,1996-08-14 00:00:00.000,42.59770114942529
684,1996-08-15 00:00:00.000,42.0
685,1996-08-16 00:00:00.000,41.0
686,1996-08-17 00:00:00.000,40.0
687,1996-08-18 00:00:00.000,39.0
688,1996-08-19 00:00:00.000,38.0
689,1996-08-20 00:00:00.000,37.0
690,1996-08-21 00:00:00.000,36.0
691,1996-08-22 00:00:00.000,35.01923076923077
692,1996-08-23 00:00:00.000,35.5
693,1996-08-24 00:00:00.000,40.21875
694,1996-08-25 00:00:00.000,43.520833333333336
695,1996-08-26 00:00:00.000,42.03125
696,1996-08-27 00:00:00.000,40.927083333333336
697,1996-08-28 00:00:00.000,41.6875
698,1996-08-29 00:00:00.000,42.666666666666664
699,1996-08-30 00:00:00.000,45.010416666666664
700,1996-08-31 00:00:00.000,43.98765432098765
701,1996-09-01 00:00:00.000,52.46551724137931
702,1996-09-02 00:00:00.000,59.379746835443036
703,1996-09-03 00:00:00.000,55.15277777777778
704,1996-09-04 00:00:00.000,48.865671641791046
705,1996-09-05 00:00:00.000,39.602739726027394
706,1996-09-06 00:00:00.000,36.177083333333336
707,1996-09-07 00:00:00.000,33.90625
708,1996-09-08 00:00:00.000,32.552083333333336
709,1996-09-09 00:00:00.000,32.229166666666664
710,1996-09-10 00:00:00.000,33.09375
711,1996-09-11 00:00:00.000,39.052083333333336
712,1996-09-12 00:00:00.000,36.787234042553195
713,1996-09-13 00:00:00.000,38.979166666666664
714,1996-09-14 00:00:00.000,37.28125
715,1996-09-15 00:00:00.000,38.802083333333336
716,1996-09-16 00:00:00.000,37.583333333333336
717,1996-09-17 00:00:00.000,36.458333333333336
718,1996-09-18 00:00:00.000,35.291666666666664
719,1996-09-19 00:00:00.000,31.822916666666668
720,1996-09-20 00:00:00.000,29.958333333333332
721,1996-09-21 00:00:00.000,29.552083333333332
722,1996-09-22 00:00:00.000,30.302083333333332
723,1996-09-23 00:00:00.000,33.65625
724,1996-09-24 00:00:00.000,38.25
725,1996-09-25 00:00:00.000,37.891304347826086
726,1996-09-26 00:00:00.000,44.291666666666664
727,1996-09-27 00:00:00.000,44.114583333333336
728,1996-09-28 00:00:00.000,42.6875
729,1996-09-29 00:00:00.000,45.208333333333336
730,1996-09-30 00:00:00.000,50.104166666666664
731,1996-10-01 00:00:00.000,40.291666666666664
732,1996-10-02 00:00:00.000,37.375
733,1996-10-03 00:00:00.000,34.041666666666664
734,1996-10-04 00:00:00.000,29.739583333333332
735,1996-10-05 00:00:00.000,27.677083333333332
736,1996-10-06 00:00:00.000,26.927083333333332
737,1996-10-07 00:00:00.000,25.708333333333332
738,1996-10-08 00:00:00.000,24.4375
739,1996-10-09 00:00:00.000,24.083333333333332
740,1996-10-10 00:00:00.000,26.885416666666668
741,1996-10-11 00:00:00.000,25.5625
742,1996-10-12 00:00:00.000,26.666666666666668
743,1996-10-13 00:00:00.000,26.580645161290324
744,1996-10-14 00:00:00.000,26.447916666666668
745,1996-10-15 00:00:00.000,26.635416666666668
746,1996-10-16 00:00:00.000,27.760416666666668
747,1996-10-17 00:00:00.000,28.104166666666668
748,1996-10-18 00:00:00.000,28.072916666666668
749,1996-10-19 00:00:00.000,29.6875
750,1996-10-20 00:00:00.000,28.946236559139784
751,1996-10-21 00:00:00.000,31.208333333333332
752,1996-10-22 00:00:00.000,30.885416666666668
753,1996-10-23 00:00:00.000,30.604166666666668
754,1996-10-24 00:00:00.000,33.463157894736845
755,1996-10-25 00:00:00.000,35.895833333333336
756,1996-10-26 00:00:00.000,40.333333333333336
757,1996-10-27 00:00:00.000,39.0625
758,1996-10-28 00:00:00.000,39.395833333333336
759,1996-10-29 00:00:00.000,38.75
760,1996-10-30 00:00:00.000,37.41935483870968
761,1996-10-31 00:00:00.000,33.757894736842104
762,1996-11-01 00:00:00.000,33.020833333333336
763,1996-11-02 00:00:00.000,28.625
764,1996-11-03 00:00:00.000,25.145833333333336
765,1996-11-04 00:00:00.000,21.666666666666668
766,1996-11-05 00:00:00.000,22.6875
767,1996-11-06 00:00:00.000,23.333333333333332
768,1996-11-07 00:00:00.000,23.926315789473684
769,1996-11-08 00:00:00.000,26.347368421052632
770,1996-11-09 00:00:00.000,25.47222222222222
771,1996-11-10 00:00:00.000,23.1
772,1996-11-11 00:00:00.000,26.221052631578946
773,1996-11-12 00:00:00.000,23.53125
774,1996-11-13 00:00:00.000,25.083333333333332
775,1996-11-14 00:00:00.000,24.25
776,1996-11-15 00:00:00.000,24.65625
777,1996-11-16 00:00:00.000,23.768421052631577
778,1996-11-17 00:00:00.000,25.135416666666668
779,1996-11-18 00:00:00.000,24.3125
780,1996-11-19 00:00:00.000,26.333333333333332
781,1996-11-20 00:00:00.000,25.645833333333332
782,1996-11-21 00:00:00.000,25.208333333333332
783,1996-11-22 00:00:00.000,27.27659574468085
784,1996-11-23 00:00:00.000,29.677083333333332
785,1996-11-24 00:00:00.000,27.395833333333332
786,1996-11-25 00:00:00.000,27.296296296296298
787,1996-11-26 00:00:00.000,27.263157894736842
788,1996-11-27 00:00:00.000,26.595744680851062
789,1996-11-28 00:00:00.000,26.10989010989011
790,1996-11-29 00:00:00.000,25.96875
791,1996-11-30 00:00:00.000,24.739583333333332
792,1996-12-01 00:00:00.000,25.552083333333332
793,1996-12-02 00:00:00.000,25.84375
794,1996-12-03 00:00:00.000,26.875
795,1996-12-04 00:00:00.000,27.395833333333332
796,1996-12-05 00:00:00.000,28.28125
797,1996-12-06 00:00:00.000,27.677083333333332
798,1996-12-07 00:00:00.000,27.52238805970149
799,1996-12-08 00:00:00.000,27.0
800,1996-12-09 00:00:00.000,27.0
801,1996-12-10 00:00:00.000,26.11111111111111
802,1996-12-11 00:00:00.000,28.489583333333332
803,1996-12-12 00:00:00.000,28.621052631578948
804,1996-12-13 00:00:00.000,28.041666666666668
805,1996-12-14 00:00:00.000,29.979166666666668
806,1996-12-15 00:00:00.000,30.364583333333332
807,1996-12-16 00:00:00.000,28.885416666666668
808,1996-12-17 00:00:00.000,28.20212765957447
809,1996-12-18 00:00:00.000,29.854166666666668
810,1996-12-19 00:00:00.000,31.729166666666668
811,1996-12-20 00:00:00.000,31.416666666666668
812,1996-12-21 00:00:00.000,31.88421052631579
813,1996-12-22 00:00:00.000,30.864583333333332
814,1996-12-23 00:00:00.000,25.885416666666668
815,1996-12-24 00:00:00.000,23.333333333333332
816,1996-12-25 00:00:00.000,23.0625
817,1996-12-26 00:00:00.000,23.916666666666668
818,1996-12-27 00:00:00.000,26.739583333333332
819,1996-12-28 00:00:00.000,25.822916666666668
820,1996-12-29 00:00:00.000,25.28125
821,1996-12-30 00:00:00.000,23.875
822,1996-12-31 00:00:00.000,22.40625
823,1997-01-01 00:00:00.000,26.489583333333332
824,1997-01-02 00:00:00.000,41.71875
825,1997-01-03 00:00:00.000,133.70833333333334
826,1997-01-04 00:00:00.000,169.4814814814815
827,1997-01-05 00:00:00.000,172.65
828,1997-01-06 00:00:00.000,161.40217391304347
829,1997-01-07 00:00:00.000,171.97530864197532
830,1997-01-08 00:00:00.000,107.4225352112676
831,1997-01-09 00:00:00.000,94.34444444444445
832,1997-01-10 00:00:00.000,77.72941176470589
833,1997-01-11 00:00:00.000,70.72340425531915
834,1997-01-12 00:00:00.000,76.3953488372093
835,1997-01-13 00:00:00.000,50.01190476190476
836,1997-01-14 00:00:00.000,58.03157894736842
837,1997-01-15 00:00:00.000,51.729166666666664
838,1997-01-16 00:00:00.000,47.55789473684211
839,1997-01-17 00:00:00.000,44.15625
840,1997-01-18 00:00:00.000,45.084210526315786
841,1997-01-19 00:00:00.000,39.25
842,1997-01-20 00:00:00.000,40.541666666666664
843,1997-01-21 00:00:00.000,41.260416666666664
844,1997-01-22 00:00:00.000,44.903225806451616
845,1997-01-23 00:00:00.000,52.97894736842105
846,1997-01-24 00:00:00.000,52.59375
847,1997-01-25 00:00:00.000,61.635416666666664
848,1997-01-26 00:00:00.000,82.1875
849,1997-01-27 00:00:00.000,55.114583333333336
850,1997-01-28 00:00:00.000,54.34375
851,1997-01-29 00:00:00.000,49.385416666666664
852,1997-01-30 00:00:00.000,46.833333333333336
853,1997-01-31 00:00:00.000,45.65625
854,1997-02-01 00:00:00.000,45.895833333333336
855,1997-02-02 00:00:00.000,46.708333333333336
856,1997-02-03 00:00:00.000,42.614583333333336
857,1997-02-04 00:00:00.000,44.46875
858,1997-02-05 00:00:00.000,41.895833333333336
859,1997-02-06 00:00:00.000,39.583333333333336
860,1997-02-07 00:00:00.000,39.604166666666664
861,1997-02-08 00:00:00.000,36.395833333333336
862,1997-02-09 00:00:00.000,32.747368421052634
863,1997-02-10 00:00:00.000,32.9375
864,1997-02-11 00:00:00.000,33.05263157894737
865,1997-02-12 00:00:00.000,30.614583333333332
866,1997-02-13 00:00:00.000,29.145833333333332
867,1997-02-14 00:00:00.000,29.864583333333332
868,1997-02-15 00:00:00.000,31.072916666666668
869,1997-02-16 00:00:00.000,31.697916666666668
870,1997-02-17 00:00:00.000,29.46875
871,1997-02-18 00:00:00.000,29.427083333333332
872,1997-02-19 00:00:00.000,26.895833333333332
873,1997-02-20 00:00:00.000,26.302083333333332
874,1997-02-21 00:00:00.000,26.541666666666668
875,1997-02-22 00:00:00.000,26.53125
876,1997-02-23 00:00:00.000,29.697916666666668
877,1997-02-24 00:00:00.000,32.604166666666664
878,1997-02-25 00:00:00.000,32.0989010989011
879,1997-02-26 00:00:00.000,31.677083333333332
880,1997-02-27 00:00:00.000,31.875
881,1997-02-28 00:00:00.000,31.1875
882,1997-03-01 00:00:00.000,31.65625
883,1997-03-02 00:00:00.000,31.53125
884,1997-03-03 00:00:00.000,29.572916666666668
885,1997-03-04 00:00:00.000,29.125
886,1997-03-05 00:00:00.000,30.354166666666668
887,1997-03-06 00:00:00.000,33.65625
888,1997-03-07 00:00:00.000,35.645833333333336
889,1997-03-08 00:00:00.000,36.864583333333336
890,1997-03-09 00:00:00.000,37.416666666666664
891,1997-03-10 00:00:00.000,38.25
892,1997-03-11 00:00:00.000,41.083333333333336
893,1997-03-12 00:00:00.000,41.552083333333336
894,1997-03-13 00:00:00.000,37.15625
895,1997-03-14 00:00:00.000,35.385416666666664
896,1997-03-15 00:00:00.000,34.78125
897,1997-03-16 00:00:00.000,30.333333333333332
898,1997-03-17 00:00:00.000,30.73333333333333
899,1997-03-18 00:00:00.000,31.13333333333333
900,1997-03-19 00:00:00.000,31.533333333333328
901,1997-03-20 00:00:00.000,31.933333333333326
902,1997-03-21 00:00:00.000,32.33333333333333
903,1997-03-22 00:00:00.000,32.73333333333333
904,1997-03-23 00:00:00.000,33.133333333333326
905,1997-03-24 00:00:00.000,33.533333333333324
906,1997-03-25 00:00:00.000,33.93333333333332
907,1997-03-26 00:00:00.000,33.875
908,1997-03-27 00:00:00.000,32.177083333333336
909,1997-03-28 00:00:00.000,26.052083333333332
910,1997-03-29 00:00:00.000,23.0
911,1997-03-30 00:00:00.000,23.6875
912,1997-03-31 00:00:00.000,22.989583333333332
913,1997-04-01 00:00:00.000,24.197916666666668
914,1997-04-02 00:00:00.000,32.760416666666664
915,1997-04-03 00:00:00.000,49.885416666666664
916,1997-04-04 00:00:00.000,67.72916666666667
917,1997-04-05 00:00:00.000,75.21875
918,1997-04-06 00:00:00.000,88.55208333333333
919,1997-04-07 00:00:00.000,87.30208333333333
920,1997-04-08 00:00:00.000,96.125
921,1997-04-09 00:00:00.000,105.15789473684211
922,1997-04-10 00:00:00.000,95.08333333333333
923,1997-04-11 00:00:00.000,87.06315789473685
924,1997-04-12 00:00:00.000,84.11458333333333
925,1997-04-13 00:00:00.000,78.76041666666667
926,1997-04-14 00:00:00.000,71.47916666666667
927,1997-04-15 00:00:00.000,67.17708333333333
928,1997-04-16 00:00:00.000,74.07291666666667
929,1997-04-17 00:00:00.000,76.30208333333333
930,1997-04-18 00:00:00.000,73.55208333333333
931,1997-04-19 00:00:00.000,65.63541666666667
932,1997-04-20 00:00:00.000,63.395833333333336
933,1997-04-21 00:00:00.000,63.125
934,1997-04-22 00:00:00.000,70.20833333333333
935,1997-04-23 00:00:00.000,77.86458333333333
936,1997-04-24 00:00:00.000,76.57858333333333
937,1997-04-25 00:00:00.000,75.29258333333333
938,1997-04-26 00:00:00.000,74.00658333333332
939,1997-04-27 00:00:00.000,72.72058333333332
940,1997-04-28 00:00:00.000,71.43458333333332
941,1997-04-29 00:00:00.000,70.14858333333332
942,1997-04-30 00:00:00.000,68.86258333333332
943,1997-05-01 00:00:00.000,68.8695652173913
944,1997-05-02 00:00:00.000,78.98958333333333
945,1997-05-03 00:00:00.000,80.30208333333333
946,1997-05-04 00:00:00.000,82.67567567567568
947,1997-05-05 00:00:00.000,86.80459770114942
948,1997-05-06 00:00:00.000,92.34482758620689
949,1997-05-07 00:00:00.000,90.32222222222222
950,1997-05-08 00:00:00.000,92.72368421052632
951,1997-05-09 00:00:00.000,88.06666666666666
952,1997-05-10 00:00:00.000,86.35897435897436
953,1997-05-11 00:00:00.000,85.3529411764706
954,1997-05-12 00:00:00.000,73.51063829787235
955,1997-05-13 00:00:00.000,69.77083333333333
956,1997-05-14 00:00:00.000,71.88541666666667
957,1997-05-15 00:00:00.000,65.76041666666667
958,1997-05-16 00:00:00.000,60.791666666666664
959,1997-05-17 00:00:00.000,49.229166666666664
960,1997-05-18 00:00:00.000,41.3125
961,1997-05-19 00:00:00.000,38.739583333333336
962,1997-05-20 00:00:00.000,44.052083333333336
963,1997-05-21 00:00:00.000,48.114583333333336
964,1997-05-22 00:00:00.000,45.145833333333336
965,1997-05-23 00:00:00.000,45.864583333333336
966,1997-05-24 00:00:00.000,50.947916666666664
967,1997-05-25 00:00:00.000,48.84375
968,1997-05-26 00:00:00.000,52.65625
969,1997-05-27 00:00:00.000,50.90625
970,1997-05-28 00:00:00.000,57.25
971,1997-05-29 00:00:00.000,54.63461538461539
972,1997-05-30 00:00:00.000,55.348615384615385
973,1997-05-31 00:00:00.000,56.062615384615384
974,1997-06-01 00:00:00.000,56.77661538461538
975,1997-06-02 00:00:00.000,57.49061538461538
976,1997-06-03 00:00:00.000,58.20461538461538
977,1997-06-04 00:00:00.000,58.91861538461538
978,1997-06-05 00:00:00.000,60.13333333333333
979,1997-06-06 00:00:00.000,65.19791666666667
980,1997-06-07 00:00:00.000,63.04210526315789
981,1997-06-08 00:00:00.000,62.729166666666664
982,1997-06-09 00:00:00.000,61.979166666666664
983,1997-06-10 00:00:00.000,64.20833333333333
984,1997-06-11 00:00:00.000,67.625
985,1997-06-12 00:00:00.000,75.40625
986,1997-06-13 00:00:00.000,68.6875
987,1997-06-14 00:00:00.000,64.98958333333333
988,1997-06-15 00:00:00.000,66.97916666666667
989,1997-06-16 00:00:00.000,67.86458333333333
990,1997-06-17 00:00:00.000,70.375
991,1997-06-18 00:00:00.000,64.10416666666667
992,1997-06-19 00:00:00.000,62.34375
993,1997-06-20 00:00:00.000,64.14893617021276
994,1997-06-21 00:00:00.000,67.875
995,1997-06-22 00:00:00.000,69.67708333333333
996,1997-06-23 00:00:00.000,67.76041666666667
997,1997-06-24 00:00:00.000,67.28125
998,1997-06-25 00:00:00.000,64.30208333333333
999,1997-06-26 00:00:00.000,64.60416666666667
1000,1997-06-27 00:00:00.000,68.02083333333333
1001,1997-06-28 00:00:00.000,69.61458333333333
1002,1997-06-29 00:00:00.000,67.8125
1003,1997-06-30 00:00:00.000,62.15625
1004,1997-07-01 00:00:00.000,58.07368421052632
1005,1997-07-02 00:00:00.000,54.833333333333336
1006,1997-07-03 00:00:00.000,53.583333333333336
1007,1997-07-04 00:00:00.000,54.520833333333336
1008,1997-07-05 00:00:00.000,53.770833333333336
1009,1997-07-06 00:00:00.000,56.145833333333336
1010,1997-07-07 00:00:00.000,56.708333333333336
1011,1997-07-08 00:00:00.000,56.510416666666664
1012,1997-07-09 00:00:00.000,48.36363636363637
1013,1997-07-10 00:00:00.000,49.763636363636365
1014,1997-07-11 00:00:00.000,51.163636363636364
1015,1997-07-12 00:00:00.000,52.56363636363636
1016,1997-07-13 00:00:00.000,53.96363636363636
1017,1997-07-14 00:00:00.000,55.41818181818182
1018,1997-07-15 00:00:00.000,52.697916666666664
1019,1997-07-16 00:00:00.000,51.385416666666664
1020,1997-07-17 00:00:00.000,50.72631578947368
1021,1997-07-18 00:00:00.000,49.791666666666664
1022,1997-07-19 00:00:00.000,53.375
1023,1997-07-20 00:00:00.000,62.40625
1024,1997-07-21 00:00:00.000,62.46875
1025,1997-07-22 00:00:00.000,68.63541666666667
1026,1997-07-23 00:00:00.000,66.84375
1027,1997-07-24 00:00:00.000,64.51041666666667
1028,1997-07-25 00:00:00.000,69.57291666666667
1029,1997-07-26 00:00:00.000,81.11458333333333
1030,1997-07-27 00:00:00.000,80.27083333333333
1031,1997-07-28 00:00:00.000,79.40625
1032,1997-07-29 00:00:00.000,76.23958333333333
1033,1997-07-30 00:00:00.000,71.66666666666667
1034,1997-07-31 00:00:00.000,66.28125
1035,1997-08-01 00:00:00.000,63.989583333333336
1036,1997-08-02 00:00:00.000,63.625
1037,1997-08-03 00:00:00.000,65.09473684210526
1038,1997-08-04 00:00:00.000,65.39583333333333
1039,1997-08-05 00:00:00.000,66.10416666666667
1040,1997-08-06 00:00:00.000,67.73958333333333
1041,1997-08-07 00:00:00.000,65.5
1042,1997-08-08 00:00:00.000,65.167
1043,1997-08-09 00:00:00.000,64.834
1044,1997-08-10 00:00:00.000,64.501
1045,1997-08-11 00:00:00.000,64.168
1046,1997-08-12 00:00:00.000,63.83500000000001
1047,1997-08-13 00:00:00.000,63.50200000000001
1048,1997-08-14 00:00:00.000,63.16900000000001
1049,1997-08-15 00:00:00.000,62.83600000000001
1050,1997-08-16 00:00:00.000,62.503000000000014
1051,1997-08-17 00:00:00.000,62.170000000000016
1052,1997-08-18 00:00:00.000,61.83700000000002
1053,1997-08-19 00:00:00.000,61.50400000000002
1054,1997-08-20 00:00:00.000,61.17100000000002
1055,1997-08-21 00:00:00.000,60.83800000000002
1056,1997-08-22 00:00:00.000,60.505000000000024
1057,1997-08-23 00:00:00.000,60.172000000000025
1058,1997-08-24 00:00:00.000,59.83900000000003
1059,1997-08-25 00:00:00.000,59.67605633802817
1060,1997-08-26 00:00:00.000,52.854166666666664
1061,1997-08-27 00:00:00.000,52.291666666666664
1062,1997-08-28 00:00:00.000,51.625
1063,1997-08-29 00:00:00.000,49.78125
1064,1997-08-30 00:00:00.000,49.791666666666664
1065,1997-08-31 00:00:00.000,51.760416666666664
1066,1997-09-01 00:00:00.000,49.395833333333336
1067,1997-09-02 00:00:00.000,50.319148936170215
1068,1997-09-03 00:00:00.000,49.18314893617021
1069,1997-09-04 00:00:00.000,48.04714893617021
1070,1997-09-05 00:00:00.000,46.91114893617021
1071,1997-09-06 00:00:00.000,45.775148936170204
1072,1997-09-07 00:00:00.000,44.6391489361702
1073,1997-09-08 00:00:00.000,43.5031489361702
1074,1997-09-09 00:00:00.000,42.367148936170196
1075,1997-09-10 00:00:00.000,41.23114893617019
1076,1997-09-11 00:00:00.000,40.09514893617019
1077,1997-09-12 00:00:00.000,38.95914893617019
1078,1997-09-13 00:00:00.000,37.823148936170185
1079,1997-09-14 00:00:00.000,36.68714893617018
1080,1997-09-15 00:00:00.000,35.55114893617018
1081,1997-09-16 00:00:00.000,34.415148936170176
1082,1997-09-17 00:00:00.000,33.279148936170174
1083,1997-09-18 00:00:00.000,32.14314893617017
1084,1997-09-19 00:00:00.000,31.00714893617017
1085,1997-09-20 00:00:00.000,29.871148936170172
1086,1997-09-21 00:00:00.000,28.735148936170173
1087,1997-09-22 00:00:00.000,27.599148936170174
1088,1997-09-23 00:00:00.000,26.463148936170175
1089,1997-09-24 00:00:00.000,25.327148936170175
1090,1997-09-25 00:00:00.000,24.78723404255319
1091,1997-09-26 00:00:00.000,25.010752688172044
1092,1997-09-27 00:00:00.000,24.895833333333332
1093,1997-09-28 00:00:00.000,24.645833333333332
1094,1997-09-29 00:00:00.000,24.473684210526315
1095,1997-09-30 00:00:00.000,25.84375
1096,1997-10-01 00:00:00.000,27.0
1097,1997-10-02 00:00:00.000,28.08108108108108
1098,1997-10-03 00:00:00.000,28.56451612903226
1099,1997-10-04 00:00:00.000,28.647516129032258
1100,1997-10-05 00:00:00.000,28.730516129032257
1101,1997-10-06 00:00:00.000,28.813516129032255
1102,1997-10-07 00:00:00.000,28.896516129032253
1103,1997-10-08 00:00:00.000,28.979516129032252
1104,1997-10-09 00:00:00.000,29.06251612903225
1105,1997-10-10 00:00:00.000,29.14551612903225
1106,1997-10-11 00:00:00.000,29.228516129032247
1107,1997-10-12 00:00:00.000,29.311516129032245
1108,1997-10-13 00:00:00.000,29.394516129032244
1109,1997-10-14 00:00:00.000,29.477516129032242
1110,1997-10-15 00:00:00.000,29.56051612903224
1111,1997-10-16 00:00:00.000,29.64351612903224
1112,1997-10-17 00:00:00.000,29.726516129032238
1113,1997-10-18 00:00:00.000,30.837209302325583
1114,1997-10-19 00:00:00.000,32.010416666666664
1115,1997-10-20 00:00:00.000,28.833333333333332
1116,1997-10-21 00:00:00.000,28.854166666666668
1117,1997-10-22 00:00:00.000,26.34375
1118,1997-10-23 00:00:00.000,25.072916666666668
1119,1997-10-24 00:00:00.000,26.78125
1120,1997-10-25 00:00:00.000,27.96875
1121,1997-10-26 00:00:00.000,28.71875
1122,1997-10-27 00:00:00.000,28.84375
1123,1997-10-28 00:00:00.000,28.40625
1124,1997-10-29 00:00:00.000,28.885416666666668
1125,1997-10-30 00:00:00.000,28.778947368421054
1126,1997-10-31 00:00:00.000,29.729166666666668
1127,1997-11-01 00:00:00.000,28.75
1128,1997-11-02 00:00:00.000,28.677419354838708
1129,1997-11-03 00:00:00.000,28.851419354838708
1130,1997-11-04 00:00:00.000,29.025419354838707
1131,1997-11-05 00:00:00.000,29.199419354838707
1132,1997-11-06 00:00:00.000,29.373419354838706
1133,1997-11-07 00:00:00.000,29.547419354838706
1134,1997-11-08 00:00:00.000,29.721419354838705
1135,1997-11-09 00:00:00.000,29.895419354838705
1136,1997-11-10 00:00:00.000,30.069419354838704
1137,1997-11-11 00:00:00.000,30.243419354838704
1138,1997-11-12 00:00:00.000,30.417419354838703
1139,1997-11-13 00:00:00.000,30.591419354838703
1140,1997-11-14 00:00:00.000,30.765419354838702
1141,1997-11-15 00:00:00.000,30.9394193548387
1142,1997-11-16 00:00:00.000,31.1134193548387
1143,1997-11-17 00:00:00.000,31.2874193548387
1144,1997-11-18 00:00:00.000,31.4614193548387
1145,1997-11-19 00:00:00.000,31.6354193548387
1146,1997-11-20 00:00:00.000,31.8094193548387
1147,1997-11-21 00:00:00.000,31.9834193548387
1148,1997-11-22 00:00:00.000,32.1574193548387
1149,1997-11-23 00:00:00.000,32.3314193548387
1150,1997-11-24 00:00:00.000,32.5054193548387
1151,1997-11-25 00:00:00.000,32.6794193548387
1152,1997-11-26 00:00:00.000,32.829787234042556
1153,1997-11-27 00:00:00.000,29.90625
1154,1997-11-28 00:00:00.000,30.790123456790123
1155,1997-11-29 00:00:00.000,32.29012345679013
1156,1997-11-30 00:00:00.000,33.79012345679013
1157,1997-12-01 00:00:00.000,35.29012345679013
1158,1997-12-02 00:00:00.000,36.79012345679013
1159,1997-12-03 00:00:00.000,38.29012345679013
1160,1997-12-04 00:00:00.000,39.79012345679013
1161,1997-12-05 00:00:00.000,41.29012345679013
1162,1997-12-06 00:00:00.000,42.79012345679013
1163,1997-12-07 00:00:00.000,44.29012345679013
1164,1997-12-08 00:00:00.000,45.79012345679013
1165,1997-12-09 00:00:00.000,47.29012345679013
1166,1997-12-10 00:00:00.000,48.79012345679013
1167,1997-12-11 00:00:00.000,50.29012345679013
1168,1997-12-12 00:00:00.000,51.79012345679013
1169,1997-12-13 00:00:00.000,53.29012345679013
1170,1997-12-14 00:00:00.000,54.79012345679013
1171,1997-12-15 00:00:00.000,56.29012345679013
1172,1997-12-16 00:00:00.000,57.79012345679013
1173,1997-12-17 00:00:00.000,59.29012345679013
1174,1997-12-18 00:00:00.000,60.79012345679013
1175,1997-12-19 00:00:00.000,62.29012345679013
1176,1997-12-20 00:00:00.000,63.79012345679013
1177,1997-12-21 00:00:00.000,65.29012345679013
1178,1997-12-22 00:00:00.000,66.79012345679013
1179,1997-12-23 00:00:00.000,67.38297872340425
1180,1997-12-24 00:00:00.000,66.63541666666667
1181,1997-12-25 00:00:00.000,64.30208333333333
1182,1997-12-26 00:00:00.000,60.75
1183,1997-12-27 00:00:00.000,57.376344086021504
1184,1997-12-28 00:00:00.000,55.80487804878049
1185,1997-12-29 00:00:00.000,57.22105263157895
1186,1997-12-30 00:00:00.000,56.529411764705884
1187,1997-12-31 00:00:00.000,54.21518987341772
1188,1998-01-01 00:00:00.000,54.15384615384615
1189,1998-01-02 00:00:00.000,55.416666666666664
1190,1998-01-03 00:00:00.000,53.421052631578945
1191,1998-01-04 00:00:00.000,50.1875
1192,1998-01-05 00:00:00.000,47.89473684210526
1193,1998-01-06 00:00:00.000,45.18888888888889
1194,1998-01-07 00:00:00.000,46.05263157894737
1195,1998-01-08 00:00:00.000,46.10526315789474
1196,1998-01-09 00:00:00.000,46.739583333333336
1197,1998-01-10 00:00:00.000,47.802083333333336
1198,1998-01-11 00:00:00.000,49.71578947368421
1199,1998-01-12 00:00:00.000,49.410526315789475
1200,1998-01-13 00:00:00.000,45.229166666666664
1201,1998-01-14 00:00:00.000,44.614583333333336
1202,1998-01-15 00:00:00.000,44.28125
1203,1998-01-16 00:00:00.000,47.297872340425535
1204,1998-01-17 00:00:00.000,54.708333333333336
1205,1998-01-18 00:00:00.000,55.723404255319146
1206,1998-01-19 00:00:00.000,61.229166666666664
1207,1998-01-20 00:00:00.000,56.68421052631579
1208,1998-01-21 00:00:00.000,60.083333333333336
1209,1998-01-22 00:00:00.000,72.04166666666667
1210,1998-01-23 00:00:00.000,89.47872340425532
1211,1998-01-24 00:00:00.000,75.65625
1212,1998-01-25 00:00:00.000,70.19791666666667
1213,1998-01-26 00:00:00.000,68.48958333333333
1214,1998-01-27 00:00:00.000,64.8125
1215,1998-01-28 00:00:00.000,60.85263157894737
1216,1998-01-29 00:00:00.000,58.739583333333336
1217,1998-01-30 00:00:00.000,51.96875
1218,1998-01-31 00:00:00.000,50.31395348837209
1219,1998-02-01 00:00:00.000,54.81395348837209
1220,1998-02-02 00:00:00.000,59.31395348837209
1221,1998-02-03 00:00:00.000,63.81395348837209
1222,1998-02-04 00:00:00.000,68.31395348837209
1223,1998-02-05 00:00:00.000,72.81395348837209
1224,1998-02-06 00:00:00.000,77.31395348837209
1225,1998-02-07 00:00:00.000,81.81395348837209
1226,1998-02-08 00:00:00.000,86.31395348837209
1227,1998-02-09 00:00:00.000,90.81395348837209
1228,1998-02-10 00:00:00.000,95.31395348837209
1229,1998-02-11 00:00:00.000,99.81395348837209
1230,1998-02-12 00:00:00.000,104.0
1231,1998-02-13 00:00:00.000,92.72631578947369
1232,1998-02-14 00:00:00.000,86.48958333333333
1233,1998-02-15 00:00:00.000,60.854166666666664
1234,1998-02-16 00:00:00.000,59.78125
1235,1998-02-17 00:00:00.000,56.9375
1236,1998-02-18 00:00:00.000,55.208333333333336
1237,1998-02-19 00:00:00.000,57.333333333333336
1238,1998-02-20 00:00:00.000,51.708333333333336
1239,1998-02-21 00:00:00.000,74.73958333333333
1240,1998-02-22 00:00:00.000,70.86458333333333
1241,1998-02-23 00:00:00.000,103.41666666666667
1242,1998-02-24 00:00:00.000,71.51041666666667
1243,1998-02-25 00:00:00.000,65.57291666666667
1244,1998-02-26 00:00:00.000,61.416666666666664
1245,1998-02-27 00:00:00.000,52.020833333333336
1246,1998-02-28 00:00:00.000,49.34375
1247,1998-03-01 00:00:00.000,47.75
1248,1998-03-02 00:00:00.000,43.958333333333336
1249,1998-03-03 00:00:00.000,39.46875
1250,1998-03-04 00:00:00.000,34.63157894736842
1251,1998-03-05 00:00:00.000,35.294736842105266
1252,1998-03-06 00:00:00.000,35.177083333333336
1253,1998-03-07 00:00:00.000,34.46875
1254,1998-03-08 00:00:00.000,32.510416666666664
1255,1998-03-09 00:00:00.000,30.739583333333332
1256,1998-03-10 00:00:00.000,30.06896551724138
1257,1998-03-11 00:00:00.000,29.6734693877551
1258,1998-03-12 00:00:00.000,29.357894736842105
1259,1998-03-13 00:00:00.000,29.239583333333332
1260,1998-03-14 00:00:00.000,26.541176470588237
1261,1998-03-15 00:00:00.000,25.1875
1262,1998-03-16 00:00:00.000,24.614583333333332
1263,1998-03-17 00:00:00.000,23.125
1264,1998-03-18 00:00:00.000,23.239583333333332
1265,1998-03-19 00:00:00.000,25.510416666666668
1266,1998-03-20 00:00:00.000,27.17283950617284
1267,1998-03-21 00:00:00.000,27.0
1268,1998-03-22 00:00:00.000,27.0
1269,1998-03-23 00:00:00.000,26.893617021276597
1270,1998-03-24 00:00:00.000,28.552083333333332
1271,1998-03-25 00:00:00.000,33.34375
1272,1998-03-26 00:00:00.000,38.17894736842105
1273,1998-03-27 00:00:00.000,48.104166666666664
1274,1998-03-28 00:00:00.000,50.41269841269841
1275,1998-03-29 00:00:00.000,56.0
1276,1998-03-30 00:00:00.000,62.13333333333333
1277,1998-03-31 00:00:00.000,56.739583333333336
1278,1998-04-01 00:00:00.000,50.208333333333336
1279,1998-04-02 00:00:00.000,47.791666666666664
1280,1998-04-03 00:00:00.000,44.78125
1281,1998-04-04 00:00:00.000,41.614583333333336
1282,1998-04-05 00:00:00.000,39.479166666666664
1283,1998-04-06 00:00:00.000,38.979166666666664
1284,1998-04-07 00:00:00.000,38.0
1285,1998-04-08 00:00:00.000,38.4375
1286,1998-04-09 00:00:00.000,39.5
1287,1998-04-10 00:00:00.000,41.322916666666664
1288,1998-04-11 00:00:00.000,41.583333333333336
1289,1998-04-12 00:00:00.000,40.697916666666664
1290,1998-04-13 00:00:00.000,40.291666666666664
1291,1998-04-14 00:00:00.000,37.59375
1292,1998-04-15 00:00:00.000,36.510416666666664
1293,1998-04-16 00:00:00.000,36.81666666666667
1294,1998-04-17 00:00:00.000,37.0
1295,1998-04-18 00:00:00.000,37.0
1296,1998-04-19 00:00:00.000,37.0
1297,1998-04-20 00:00:00.000,37.0
1298,1998-04-21 00:00:00.000,37.0
1299,1998-04-22 00:00:00.000,37.0
1300,1998-04-23 00:00:00.000,37.0
1301,1998-04-24 00:00:00.000,37.0
1302,1998-04-25 00:00:00.000,37.0
1303,1998-04-26 00:00:00.000,37.0
1304,1998-04-27 00:00:00.000,37.19298245614035
1305,1998-04-28 00:00:00.000,37.479166666666664
1306,1998-04-29 00:00:00.000,36.677083333333336
1307,1998-04-30 00:00:00.000,39.09375
1308,1998-05-01 00:00:00.000,38.78125
1309,1998-05-02 00:00:00.000,35.96875
1310,1998-05-03 00:00:00.000,33.833333333333336
1311,1998-05-04 00:00:00.000,32.447916666666664
1312,1998-05-05 00:00:00.000,32.645833333333336
1313,1998-05-06 00:00:00.000,34.010416666666664
1314,1998-05-07 00:00:00.000,36.864583333333336
1315,1998-05-08 00:00:00.000,40.291666666666664
1316,1998-05-09 00:00:00.000,42.416666666666664
1317,1998-05-10 00:00:00.000,42.68421052631579
1318,1998-05-11 00:00:00.000,42.729166666666664
1319,1998-05-12 00:00:00.000,42.348314606741575
1320,1998-05-13 00:00:00.000,43.655913978494624
1321,1998-05-14 00:00:00.000,46.18279569892473
1322,1998-05-15 00:00:00.000,42.83870967741935
1323,1998-05-16 00:00:00.000,44.92553191489362
1324,1998-05-17 00:00:00.000,49.25
1325,1998-05-18 00:00:00.000,33.5
1326,1998-05-19 00:00:00.000,30.666666666666668
1327,1998-05-20 00:00:00.000,33.947916666666664
1328,1998-05-21 00:00:00.000,36.31521739130435
1329,1998-05-22 00:00:00.000,38.760416666666664
1330,1998-05-23 00:00:00.000,40.71875
1331,1998-05-24 00:00:00.000,42.541666666666664
1332,1998-05-25 00:00:00.000,43.71875
1333,1998-05-26 00:00:00.000,44.375
1334,1998-05-27 00:00:00.000,39.78125
1335,1998-05-28 00:00:00.000,37.5
1336,1998-05-29 00:00:00.000,37.135416666666664
1337,1998-05-30 00:00:00.000,36.197916666666664
1338,1998-05-31 00:00:00.000,34.052083333333336
1339,1998-06-01 00:00:00.000,34.520833333333336
1340,1998-06-02 00:00:00.000,39.989583333333336
1341,1998-06-03 00:00:00.000,41.677083333333336
1342,1998-06-04 00:00:00.000,39.833333333333336
1343,1998-06-05 00:00:00.000,38.479166666666664
1344,1998-06-06 00:00:00.000,40.92631578947368
1345,1998-06-07 00:00:00.000,41.520833333333336
1346,1998-06-08 00:00:00.000,39.59375
1347,1998-06-09 00:00:00.000,38.739583333333336
1348,1998-06-10 00:00:00.000,41.3125
1349,1998-06-11 00:00:00.000,40.072916666666664
1350,1998-06-12 00:00:00.000,40.0
1351,1998-06-13 00:00:00.000,40.15625
1352,1998-06-14 00:00:00.000,43.208333333333336
1353,1998-06-15 00:00:00.000,44.541666666666664
1354,1998-06-16 00:00:00.000,41.868852459016395
1355,1998-06-17 00:00:00.000,43.0
1356,1998-06-18 00:00:00.000,44.0
1357,1998-06-19 00:00:00.000,45.0
1358,1998-06-20 00:00:00.000,45.0
1359,1998-06-21 00:00:00.000,45.53846153846154
1360,1998-06-22 00:00:00.000,46.4375
1361,1998-06-23 00:00:00.000,47.388888888888886
1362,1998-06-24 00:00:00.000,46.75288888888888
1363,1998-06-25 00:00:00.000,46.11688888888888
1364,1998-06-26 00:00:00.000,45.48088888888888
1365,1998-06-27 00:00:00.000,44.844888888888875
1366,1998-06-28 00:00:00.000,44.20888888888887
1367,1998-06-29 00:00:00.000,43.57288888888887
1368,1998-06-30 00:00:00.000,42.936888888888866
1369,1998-07-01 00:00:00.000,42.30088888888886
1370,1998-07-02 00:00:00.000,41.66488888888886
1371,1998-07-03 00:00:00.000,41.02888888888886
1372,1998-07-04 00:00:00.000,40.4
1373,1998-07-05 00:00:00.000,41.205882352941174
1374,1998-07-06 00:00:00.000,41.0
1375,1998-07-07 00:00:00.000,41.0
1376,1998-07-08 00:00:00.000,41.0
1377,1998-07-09 00:00:00.000,41.0
1378,1998-07-10 00:00:00.000,41.0
1379,1998-07-11 00:00:00.000,40.0
1380,1998-07-12 00:00:00.000,40.0
1381,1998-07-13 00:00:00.000,40.0
1382,1998-07-14 00:00:00.000,40.0
1383,1998-07-15 00:00:00.000,40.0
1384,1998-07-16 00:00:00.000,39.59574468085106
1385,1998-07-17 00:00:00.000,39.770833333333336
1386,1998-07-18 00:00:00.000,40.541666666666664
1387,1998-07-19 00:00:00.000,41.34375
1388,1998-07-20 00:00:00.000,44.5625
1389,1998-07-21 00:00:00.000,48.260416666666664
1390,1998-07-22 00:00:00.000,51.28125
1391,1998-07-23 00:00:00.000,56.858695652173914
1392,1998-07-24 00:00:00.000,53.96078431372549
1393,1998-07-25 00:00:00.000,58.86206896551724
1394,1998-07-26 00:00:00.000,61.447916666666664
1395,1998-07-27 00:00:00.000,62.890625
1396,1998-07-28 00:00:00.000,59.090625
1397,1998-07-29 00:00:00.000,55.290625000000006
1398,1998-07-30 00:00:00.000,51.49062500000001
1399,1998-07-31 00:00:00.000,47.69062500000001
1400,1998-08-01 00:00:00.000,44.130434782608695
1401,1998-08-02 00:00:00.000,43.59375
1402,1998-08-03 00:00:00.000,46.260416666666664
1403,1998-08-04 00:00:00.000,44.677083333333336
1404,1998-08-05 00:00:00.000,41.82051282051282
1405,1998-08-06 00:00:00.000,40.78378378378378
1406,1998-08-07 00:00:00.000,44.270833333333336
1407,1998-08-08 00:00:00.000,48.65625
1408,1998-08-09 00:00:00.000,51.322916666666664
1409,1998-08-10 00:00:00.000,54.09375
1410,1998-08-11 00:00:00.000,52.958333333333336
1411,1998-08-12 00:00:00.000,52.75
1412,1998-08-13 00:00:00.000,56.083333333333336
1413,1998-08-14 00:00:00.000,59.635416666666664
1414,1998-08-15 00:00:00.000,86.05208333333333
1415,1998-08-16 00:00:00.000,65.79166666666667
1416,1998-08-17 00:00:00.000,59.65625
1417,1998-08-18 00:00:00.000,59.291666666666664
1418,1998-08-19 00:00:00.000,56.354166666666664
1419,1998-08-20 00:00:00.000,58.541666666666664
1420,1998-08-21 00:00:00.000,57.635416666666664
1421,1998-08-22 00:00:00.000,55.729166666666664
1422,1998-08-23 00:00:00.000,51.552083333333336
1423,1998-08-24 00:00:00.000,49.28125
1424,1998-08-25 00:00:00.000,52.56842105263158
1425,1998-08-26 00:00:00.000,49.145833333333336
1426,1998-08-27 00:00:00.000,47.583333333333336
1427,1998-08-28 00:00:00.000,44.0625
1428,1998-08-29 00:00:00.000,38.177083333333336
1429,1998-08-30 00:00:00.000,42.5625
1430,1998-08-31 00:00:00.000,40.802083333333336
1431,1998-09-01 00:00:00.000,37.354166666666664
1432,1998-09-02 00:00:00.000,35.947916666666664
1433,1998-09-03 00:00:00.000,37.864583333333336
1434,1998-09-04 00:00:00.000,40.229166666666664
1435,1998-09-05 00:00:00.000,44.489583333333336
1436,1998-09-06 00:00:00.000,44.46875
1437,1998-09-07 00:00:00.000,47.510416666666664
1438,1998-09-08 00:00:00.000,54.75
1439,1998-09-09 00:00:00.000,59.354166666666664
1440,1998-09-10 00:00:00.000,65.93684210526315
1441,1998-09-11 00:00:00.000,54.510416666666664
1442,1998-09-12 00:00:00.000,49.333333333333336
1443,1998-09-13 00:00:00.000,47.96875
1444,1998-09-14 00:00:00.000,47.84375
1445,1998-09-15 00:00:00.000,51.104166666666664
1446,1998-09-16 00:00:00.000,52.5
1447,1998-09-17 00:00:00.000,52.125
1448,1998-09-18 00:00:00.000,49.5
1449,1998-09-19 00:00:00.000,47.552083333333336
1450,1998-09-20 00:00:00.000,51.885416666666664
1451,1998-09-21 00:00:00.000,55.4375
1452,1998-09-22 00:00:00.000,51.71875
1453,1998-09-23 00:00:00.000,46.895833333333336
1454,1998-09-24 00:00:00.000,45.822916666666664
1455,1998-09-25 00:00:00.000,46.21875
1456,1998-09-26 00:00:00.000,43.489583333333336
1457,1998-09-27 00:00:00.000,41.104166666666664
1458,1998-09-28 00:00:00.000,43.177083333333336
1459,1998-09-29 00:00:00.000,58.9375
1460,1998-09-30 00:00:00.000,49.40625
1461,1998-10-01 00:00:00.000,44.96875
1462,1998-10-02 00:00:00.000,43.822916666666664
1463,1998-10-03 00:00:00.000,45.78125
1464,1998-10-04 00:00:00.000,49.791666666666664
1465,1998-10-05 00:00:00.000,43.0
1466,1998-10-06 00:00:00.000,50.83333333333333
1467,1998-10-07 00:00:00.000,58.666666666666664
1468,1998-10-08 00:00:00.000,55.810526315789474
1469,1998-10-09 00:00:00.000,53.5625
1470,1998-10-10 00:00:00.000,50.010416666666664
1471,1998-10-11 00:00:00.000,49.40625
1472,1998-10-12 00:00:00.000,47.708333333333336
1473,1998-10-13 00:00:00.000,48.34375
1474,1998-10-14 00:00:00.000,47.885416666666664
1475,1998-10-15 00:00:00.000,47.791666666666664
1476,1998-10-16 00:00:00.000,50.052083333333336
1477,1998-10-17 00:00:00.000,50.635416666666664
1478,1998-10-18 00:00:00.000,48.645833333333336
1479,1998-10-19 00:00:00.000,46.229166666666664
1480,1998-10-20 00:00:00.000,44.86274509803921
1481,1998-10-21 00:00:00.000,48.21875
1482,1998-10-22 00:00:00.000,48.25
1483,1998-10-23 00:00:00.000,43.0
1484,1998-10-24 00:00:00.000,39.285714285714285
1485,1998-10-25 00:00:00.000,35.57142857142857
1486,1998-10-26 00:00:00.000,37.302083333333336
1487,1998-10-27 00:00:00.000,36.1025641025641
1488,1998-10-28 00:00:00.000,39.791666666666664
1489,1998-10-29 00:00:00.000,41.427083333333336
1490,1998-10-30 00:00:00.000,43.302083333333336
1491,1998-10-31 00:00:00.000,43.770833333333336
1492,1998-11-01 00:00:00.000,45.22105263157895
1493,1998-11-02 00:00:00.000,46.989583333333336
1494,1998-11-03 00:00:00.000,50.354166666666664
1495,1998-11-04 00:00:00.000,49.822916666666664
1496,1998-11-05 00:00:00.000,50.677083333333336
1497,1998-11-06 00:00:00.000,48.16842105263158
1498,1998-11-07 00:00:00.000,49.38947368421053
1499,1998-11-08 00:00:00.000,49.3125
1500,1998-11-09 00:00:00.000,46.114583333333336
1501,1998-11-10 00:00:00.000,44.9468085106383
1502,1998-11-11 00:00:00.000,44.197916666666664
1503,1998-11-12 00:00:00.000,45.239583333333336
1504,1998-11-13 00:00:00.000,45.989583333333336
1505,1998-11-14 00:00:00.000,45.135416666666664
1506,1998-11-15 00:00:00.000,46.739583333333336
1507,1998-11-16 00:00:00.000,45.979166666666664
1508,1998-11-17 00:00:00.000,45.5625
1509,1998-11-18 00:00:00.000,45.59375
1510,1998-11-19 00:00:00.000,44.854166666666664
1511,1998-11-20 00:00:00.000,45.34375
1512,1998-11-21 00:00:00.000,42.56521739130435
1513,1998-11-22 00:00:00.000,40.083333333333336
1514,1998-11-23 00:00:00.000,32.96875
1515,1998-11-24 00:00:00.000,32.770833333333336
1516,1998-11-25 00:00:00.000,32.0625
1517,1998-11-26 00:00:00.000,34.197916666666664
1518,1998-11-27 00:00:00.000,34.03125
1519,1998-11-28 00:00:00.000,37.8125
1520,1998-11-29 00:00:00.000,46.145833333333336
1521,1998-11-30 00:00:00.000,43.6
1522,1998-12-01 00:00:00.000,46.21875
1523,1998-12-02 00:00:00.000,48.427083333333336
1524,1998-12-03 00:00:00.000,43.520833333333336
1525,1998-12-04 00:00:00.000,42.6875
1526,1998-12-05 00:00:00.000,43.84375
1527,1998-12-06 00:00:00.000,44.614583333333336
1528,1998-12-07 00:00:00.000,39.260416666666664
1529,1998-12-08 00:00:00.000,37.208333333333336
1530,1998-12-09 00:00:00.000,34.666666666666664
1531,1998-12-10 00:00:00.000,32.708333333333336
1532,1998-12-11 00:00:00.000,31.010416666666668
1533,1998-12-12 00:00:00.000,30.66304347826087
1534,1998-12-13 00:00:00.000,31.46875
1535,1998-12-14 00:00:00.000,30.291666666666668
1536,1998-12-15 00:00:00.000,29.31578947368421
1537,1998-12-16 00:00:00.000,28.760416666666668
1538,1998-12-17 00:00:00.000,28.59375
1539,1998-12-18 00:00:00.000,29.50526315789474
1540,1998-12-19 00:00:00.000,30.1875
1541,1998-12-20 00:00:00.000,29.104166666666668
1542,1998-12-21 00:00:00.000,28.75
1543,1998-12-22 00:00:00.000,28.27906976744186
1544,1998-12-23 00:00:00.000,27.739583333333332
1545,1998-12-24 00:00:00.000,27.84375
1546,1998-12-25 00:00:00.000,28.073684210526316
1547,1998-12-26 00:00:00.000,31.375
1548,1998-12-27 00:00:00.000,31.416666666666668
1549,1998-12-28 00:00:00.000,32.072916666666664
1550,1998-12-29 00:00:00.000,33.229166666666664
1551,1998-12-30 00:00:00.000,35.010416666666664
1552,1998-12-31 00:00:00.000,35.458333333333336
1553,1999-01-01 00:00:00.000,35.25
1554,1999-01-02 00:00:00.000,35.239583333333336
1555,1999-01-03 00:00:00.000,33.354166666666664
1556,1999-01-04 00:00:00.000,31.90625
1557,1999-01-05 00:00:00.000,29.88421052631579
1558,1999-01-06 00:00:00.000,28.574468085106382
1559,1999-01-07 00:00:00.000,28.520833333333332
1560,1999-01-08 00:00:00.000,28.75
1561,1999-01-09 00:00:00.000,25.40625
1562,1999-01-10 00:00:00.000,23.666666666666668
1563,1999-01-11 00:00:00.000,23.210526315789473
1564,1999-01-12 00:00:00.000,23.38961038961039
1565,1999-01-13 00:00:00.000,23.760416666666668
1566,1999-01-14 00:00:00.000,25.739583333333332
1567,1999-01-15 00:00:00.000,27.552083333333332
1568,1999-01-16 00:00:00.000,28.270833333333332
1569,1999-01-17 00:00:00.000,29.958333333333332
1570,1999-01-18 00:00:00.000,30.46875
1571,1999-01-19 00:00:00.000,31.302083333333332
1572,1999-01-20 00:00:00.000,25.947916666666668
1573,1999-01-21 00:00:00.000,24.489583333333332
1574,1999-01-22 00:00:00.000,25.25
1575,1999-01-23 00:00:00.000,25.864583333333332
1576,1999-01-24 00:00:00.000,29.354166666666668
1577,1999-01-25 00:00:00.000,27.854166666666668
1578,1999-01-26 00:00:00.000,27.71578947368421
1579,1999-01-27 00:00:00.000,29.458333333333332
1580,1999-01-28 00:00:00.000,32.71875
1581,1999-01-29 00:00:00.000,34.5
1582,1999-01-30 00:00:00.000,35.052083333333336
1583,1999-01-31 00:00:00.000,32.604166666666664
1584,1999-02-01 00:00:00.000,31.25
1585,1999-02-02 00:00:00.000,29.925531914893618
1586,1999-02-03 00:00:00.000,28.489583333333332
1587,1999-02-04 00:00:00.000,27.885416666666668
1588,1999-02-05 00:00:00.000,26.75
1589,1999-02-06 00:00:00.000,26.895833333333332
1590,1999-02-07 00:00:00.000,25.53125
1591,1999-02-08 00:00:00.000,27.427083333333332
1592,1999-02-09 00:00:00.000,30.71875
1593,1999-02-10 00:00:00.000,29.96875
1594,1999-02-11 00:00:00.000,37.59375
1595,1999-02-12 00:00:00.000,42.083333333333336
1596,1999-02-13 00:00:00.000,49.572916666666664
1597,1999-02-14 00:00:00.000,52.53260869565217
1598,1999-02-15 00:00:00.000,50.291666666666664
1599,1999-02-16 00:00:00.000,47.958333333333336
1600,1999-02-17 00:00:00.000,43.802083333333336
1601,1999-02-18 00:00:00.000,39.208333333333336
1602,1999-02-19 00:00:00.000,35.0625
1603,1999-02-20 00:00:00.000,35.0
1604,1999-02-21 00:00:00.000,35.052083333333336
1605,1999-02-22 00:00:00.000,37.395833333333336
1606,1999-02-23 00:00:00.000,39.0625
1607,1999-02-24 00:00:00.000,37.333333333333336
1608,1999-02-25 00:00:00.000,35.59375
1609,1999-02-26 00:00:00.000,36.15625
1610,1999-02-27 00:00:00.000,36.53125
1611,1999-02-28 00:00:00.000,35.802083333333336
1612,1999-03-01 00:00:00.000,34.8125
1613,1999-03-02 00:00:00.000,36.078947368421055
1614,1999-03-03 00:00:00.000,33.0
1615,1999-03-04 00:00:00.000,30.06382978723404
1616,1999-03-05 00:00:00.000,29.6875
1617,1999-03-06 00:00:00.000,29.09375
1618,1999-03-07 00:00:00.000,28.5625
1619,1999-03-08 00:00:00.000,27.489583333333332
1620,1999-03-09 00:00:00.000,26.8125
1621,1999-03-10 00:00:00.000,26.65625
1622,1999-03-11 00:00:00.000,27.114583333333332
1623,1999-03-12 00:00:00.000,28.125
1624,1999-03-13 00:00:00.000,29.78125
1625,1999-03-14 00:00:00.000,31.604166666666668
1626,1999-03-15 00:00:00.000,34.0625
1627,1999-03-16 00:00:00.000,33.177083333333336
1628,1999-03-17 00:00:00.000,35.760416666666664
1629,1999-03-18 00:00:00.000,36.385416666666664
1630,1999-03-19 00:00:00.000,34.016129032258064
1631,1999-03-20 00:00:00.000,34.0
1632,1999-03-21 00:00:00.000,35.0
1633,1999-03-22 00:00:00.000,35.0
1634,1999-03-23 00:00:00.000,36.0
1635,1999-03-24 00:00:00.000,36.0
1636,1999-03-25 00:00:00.000,37.0
1637,1999-03-26 00:00:00.000,37.0
1638,1999-03-27 00:00:00.000,38.0
1639,1999-03-28 00:00:00.000,38.0
1640,1999-03-29 00:00:00.000,39.0
1641,1999-03-30 00:00:00.000,38.741379310344826
1642,1999-03-31 00:00:00.000,37.81720430107527
1643,1999-04-01 00:00:00.000,37.34375
1644,1999-04-02 00:00:00.000,38.770833333333336
1645,1999-04-03 00:00:00.000,37.53125
1646,1999-04-04 00:00:00.000,36.458333333333336
1647,1999-04-05 00:00:00.000,33.145833333333336
1648,1999-04-06 00:00:00.000,31.34375
1649,1999-04-07 00:00:00.000,31.427083333333332
1650,1999-04-08 00:00:00.000,31.46875
1651,1999-04-09 00:00:00.000,32.729166666666664
1652,1999-04-10 00:00:00.000,33.6875
1653,1999-04-11 00:00:00.000,37.239583333333336
1654,1999-04-12 00:00:00.000,39.864583333333336
1655,1999-04-13 00:00:00.000,42.427083333333336
1656,1999-04-14 00:00:00.000,45.583333333333336
1657,1999-04-15 00:00:00.000,49.260416666666664
1658,1999-04-16 00:00:00.000,53.375
1659,1999-04-17 00:00:00.000,48.0
1660,1999-04-18 00:00:00.000,44.0
1661,1999-04-19 00:00:00.000,40.0
1662,1999-04-20 00:00:00.000,35.67391304347826
1663,1999-04-21 00:00:00.000,34.645833333333336
1664,1999-04-22 00:00:00.000,33.302083333333336
1665,1999-04-23 00:00:00.000,33.5625
1666,1999-04-24 00:00:00.000,35.270833333333336
1667,1999-04-25 00:00:00.000,37.645833333333336
1668,1999-04-26 00:00:00.000,40.427083333333336
1669,1999-04-27 00:00:00.000,41.708333333333336
1670,1999-04-28 00:00:00.000,41.0625
1671,1999-04-29 00:00:00.000,45.0
1672,1999-04-30 00:00:00.000,48.90625
1673,1999-05-01 00:00:00.000,49.90625
1674,1999-05-02 00:00:00.000,49.59375
1675,1999-05-03 00:00:00.000,45.270833333333336
1676,1999-05-04 00:00:00.000,40.166666666666664
1677,1999-05-05 00:00:00.000,39.364583333333336
1678,1999-05-06 00:00:00.000,39.5625
1679,1999-05-07 00:00:00.000,38.875
1680,1999-05-08 00:00:00.000,40.205882352941174
1681,1999-05-09 00:00:00.000,48.2037037037037
1682,1999-05-10 00:00:00.000,55.96875
1683,1999-05-11 00:00:00.000,63.302083333333336
1684,1999-05-12 00:00:00.000,61.552083333333336
1685,1999-05-13 00:00:00.000,70.91666666666667
1686,1999-05-14 00:00:00.000,72.53125
1687,1999-05-15 00:00:00.000,74.02083333333333
1688,1999-05-16 00:00:00.000,78.625
1689,1999-05-17 00:00:00.000,78.3225806451613
1690,1999-05-18 00:00:00.000,84.9375
1691,1999-05-19 00:00:00.000,82.78125
1692,1999-05-20 00:00:00.000,74.21875
1693,1999-05-21 00:00:00.000,65.84810126582279
1694,1999-05-22 00:00:00.000,60.0
1695,1999-05-23 00:00:00.000,53.078947368421055
1696,1999-05-24 00:00:00.000,53.989583333333336
1697,1999-05-25 00:00:00.000,50.92553191489362
1698,1999-05-26 00:00:00.000,50.0
1699,1999-05-27 00:00:00.000,50.0
1700,1999-05-28 00:00:00.000,50.0
1701,1999-05-29 00:00:00.000,50.0
1702,1999-05-30 00:00:00.000,50.0
1703,1999-05-31 00:00:00.000,50.0
1704,1999-06-01 00:00:00.000,50.0
1705,1999-06-02 00:00:00.000,50.0
1706,1999-06-03 00:00:00.000,50.0
1707,1999-06-04 00:00:00.000,50.0
1708,1999-06-05 00:00:00.000,50.0
1709,1999-06-06 00:00:00.000,50.0
1710,1999-06-07 00:00:00.000,50.0
1711,1999-06-08 00:00:00.000,50.0
1712,1999-06-09 00:00:00.000,50.0
1713,1999-06-10 00:00:00.000,50.0
1714,1999-06-11 00:00:00.000,50.0
1715,1999-06-12 00:00:00.000,50.0
1716,1999-06-13 00:00:00.000,50.0
1717,1999-06-14 00:00:00.000,50.0
1718,1999-06-15 00:00:00.000,50.0
1719,1999-06-16 00:00:00.000,50.0
1720,1999-06-17 00:00:00.000,50.0
1721,1999-06-18 00:00:00.000,50.0
1722,1999-06-19 00:00:00.000,50.0
1723,1999-06-20 00:00:00.000,50.0
1724,1999-06-21 00:00:00.000,50.0
1725,1999-06-22 00:00:00.000,50.0
1726,1999-06-23 00:00:00.000,50.0
1727,1999-06-24 00:00:00.000,50.0
1728,1999-06-25 00:00:00.000,50.0
1729,1999-06-26 00:00:00.000,50.0
1730,1999-06-27 00:00:00.000,50.0
1731,1999-06-28 00:00:00.000,49.52777777777778
1732,1999-06-29 00:00:00.000,48.382716049382715
1733,1999-06-30 00:00:00.000,48.3780487804878
1734,1999-07-01 00:00:00.000,52.666666666666664
1735,1999-07-02 00:00:00.000,57.541666666666664
1736,1999-07-03 00:00:00.000,57.604166666666664
1737,1999-07-04 00:00:00.000,60.875
1738,1999-07-05 00:00:00.000,74.38541666666667
1739,1999-07-06 00:00:00.000,73.45833333333333
1740,1999-07-07 00:00:00.000,70.85416666666667
1741,1999-07-08 00:00:00.000,71.15625
1742,1999-07-09 00:00:00.000,69.48958333333333
1743,1999-07-10 00:00:00.000,64.86458333333333
1744,1999-07-11 00:00:00.000,62.260416666666664
1745,1999-07-12 00:00:00.000,63.385416666666664
1746,1999-07-13 00:00:00.000,74.25
1747,1999-07-14 00:00:00.000,80.89583333333333
1748,1999-07-15 00:00:00.000,83.32291666666667
1749,1999-07-16 00:00:00.000,74.08333333333333
1750,1999-07-17 00:00:00.000,76.96875
1751,1999-07-18 00:00:00.000,77.9375
1752,1999-07-19 00:00:00.000,74.11458333333333
1753,1999-07-20 00:00:00.000,67.27083333333333
1754,1999-07-21 00:00:00.000,63.229166666666664
1755,1999-07-22 00:00:00.000,65.17708333333333
1756,1999-07-23 00:00:00.000,59.302083333333336
1757,1999-07-24 00:00:00.000,53.020833333333336
1758,1999-07-25 00:00:00.000,52.895833333333336
1759,1999-07-26 00:00:00.000,55.4375
1760,1999-07-27 00:00:00.000,57.797872340425535
1761,1999-07-28 00:00:00.000,57.21875
1762,1999-07-29 00:00:00.000,59.520833333333336
1763,1999-07-30 00:00:00.000,60.28125
1764,1999-07-31 00:00:00.000,56.21875
1765,1999-08-01 00:00:00.000,52.604166666666664
1766,1999-08-02 00:00:00.000,53.34375
1767,1999-08-03 00:00:00.000,58.885416666666664
1768,1999-08-04 00:00:00.000,60.760416666666664
1769,1999-08-05 00:00:00.000,59.0
1770,1999-08-06 00:00:00.000,53.78125
1771,1999-08-07 00:00:00.000,54.09375
1772,1999-08-08 00:00:00.000,52.863157894736844
1773,1999-08-09 00:00:00.000,54.79120879120879
1774,1999-08-10 00:00:00.000,54.083333333333336
1775,1999-08-11 00:00:00.000,58.364583333333336
1776,1999-08-12 00:00:00.000,58.552083333333336
1777,1999-08-13 00:00:00.000,60.78125
1778,1999-08-14 00:00:00.000,55.333333333333336
1779,1999-08-15 00:00:00.000,52.66315789473684
1780,1999-08-16 00:00:00.000,56.791666666666664
1781,1999-08-17 00:00:00.000,55.0625
1782,1999-08-18 00:00:00.000,42.526881720430104
1783,1999-08-19 00:00:00.000,36.916666666666664
1784,1999-08-20 00:00:00.000,33.260416666666664
1785,1999-08-21 00:00:00.000,30.875
1786,1999-08-22 00:00:00.000,29.821052631578947
1787,1999-08-23 00:00:00.000,29.604166666666668
1788,1999-08-24 00:00:00.000,29.258064516129032
1789,1999-08-25 00:00:00.000,29.6875
1790,1999-08-26 00:00:00.000,30.125
1791,1999-08-27 00:00:00.000,36.104166666666664
1792,1999-08-28 00:00:00.000,38.302083333333336
1793,1999-08-29 00:00:00.000,36.583333333333336
1794,1999-08-30 00:00:00.000,34.98947368421052
1795,1999-08-31 00:00:00.000,35.614583333333336
1796,1999-09-01 00:00:00.000,33.5625
1797,1999-09-02 00:00:00.000,34.958333333333336
1798,1999-09-03 00:00:00.000,33.125
1799,1999-09-04 00:00:00.000,29.614583333333332
1800,1999-09-05 00:00:00.000,28.727272727272727
1801,1999-09-06 00:00:00.000,30.7
1802,1999-09-07 00:00:00.000,32.0
1803,1999-09-08 00:00:00.000,33.0
1804,1999-09-09 00:00:00.000,33.0
1805,1999-09-10 00:00:00.000,34.0
1806,1999-09-11 00:00:00.000,35.0
1807,1999-09-12 00:00:00.000,36.0
1808,1999-09-13 00:00:00.000,36.0
1809,1999-09-14 00:00:00.000,36.526315789473685
1810,1999-09-15 00:00:00.000,34.552083333333336
1811,1999-09-16 00:00:00.000,33.895833333333336
1812,1999-09-17 00:00:00.000,33.447916666666664
1813,1999-09-18 00:00:00.000,32.125
1814,1999-09-19 00:00:00.000,29.239583333333332
1815,1999-09-20 00:00:00.000,28.645833333333332
1816,1999-09-21 00:00:00.000,30.847826086956523
1817,1999-09-22 00:00:00.000,31.041666666666668
1818,1999-09-23 00:00:00.000,34.677083333333336
1819,1999-09-24 00:00:00.000,35.6875
1820,1999-09-25 00:00:00.000,36.6875
1821,1999-09-26 00:00:00.000,35.135416666666664
1822,1999-09-27 00:00:00.000,38.354166666666664
1823,1999-09-28 00:00:00.000,33.9375
1824,1999-09-29 00:00:00.000,35.04
1825,1999-09-30 00:00:00.000,35.0
1826,1999-10-01 00:00:00.000,24.0
1827,1999-10-02 00:00:00.000,24.0
1828,1999-10-03 00:00:00.000,24.0
1829,1999-10-04 00:00:00.000,24.0
1830,1999-10-05 00:00:00.000,24.0
1831,1999-10-06 00:00:00.000,24.0
1832,1999-10-07 00:00:00.000,24.0
1833,1999-10-08 00:00:00.000,24.0
1834,1999-10-09 00:00:00.000,24.0
1835,1999-10-10 00:00:00.000,24.0
1836,1999-10-11 00:00:00.000,24.0
1837,1999-10-12 00:00:00.000,24.0
1838,1999-10-13 00:00:00.000,23.72401119402984
1839,1999-10-14 00:00:00.000,23.682228229166665
1840,1999-10-15 00:00:00.000,17.69192385416666
1841,1999-10-16 00:00:00.000,20.16831104166667
1842,1999-10-17 00:00:00.000,17.95614989583334
1843,1999-10-18 00:00:00.000,16.926210520833337
1844,1999-10-19 00:00:00.000,17.546581458333335
1845,1999-10-20 00:00:00.000,18.651342708333328
1846,1999-10-21 00:00:00.000,20.194083020833336
1847,1999-10-22 00:00:00.000,22.249624270833326
1848,1999-10-23 00:00:00.000,32.75805880434785
1849,1999-10-24 00:00:00.000,30.399606041666676
1850,1999-10-25 00:00:00.000,32.74756708333332
1851,1999-10-26 00:00:00.000,35.8659765625
1852,1999-10-27 00:00:00.000,34.62465635416665
1853,1999-10-28 00:00:00.000,36.51020375
1854,1999-10-29 00:00:00.000,35.66180114285715
1855,1999-10-30 00:00:00.000,30.825216
1856,1999-10-31 00:00:00.000,27.921212531645565
1857,1999-11-01 00:00:00.000,26.838916145833334
1858,1999-11-02 00:00:00.000,33.926861041666676
1859,1999-11-03 00:00:00.000,57.768038229166656
1860,1999-11-04 00:00:00.000,46.90343208333335
1861,1999-11-05 00:00:00.000,38.00288208333333
1862,1999-11-06 00:00:00.000,41.41165104166666
1863,1999-11-07 00:00:00.000,37.10950166666667
1864,1999-11-08 00:00:00.000,36.78805677083332
1865,1999-11-09 00:00:00.000,37.96373614583334
1866,1999-11-10 00:00:00.000,29.746270104166666
1867,1999-11-11 00:00:00.000,23.305046458333333
1868,1999-11-12 00:00:00.000,23.600502500000005
1869,1999-11-13 00:00:00.000,20.953456374999995
1870,1999-11-14 00:00:00.000,22.0
1871,1999-11-15 00:00:00.000,22.0
1872,1999-11-16 00:00:00.000,23.0
1873,1999-11-17 00:00:00.000,23.0
1874,1999-11-18 00:00:00.000,23.547777777777775
1875,1999-11-19 00:00:00.000,25.289994895833342
1876,1999-11-20 00:00:00.000,25.132001458333335
1877,1999-11-21 00:00:00.000,25.54681104166666
1878,1999-11-22 00:00:00.000,28.57912114583334
1879,1999-11-23 00:00:00.000,33.49047239583333
1880,1999-11-24 00:00:00.000,33.69065340425532
1881,1999-11-25 00:00:00.000,30.916852916666656
1882,1999-11-26 00:00:00.000,32.19807812500001
1883,1999-11-27 00:00:00.000,28.842092736842105
1884,1999-11-28 00:00:00.000,27.843666489361702
1885,1999-11-29 00:00:00.000,26.262932291666672
1886,1999-11-30 00:00:00.000,27.042597916666665
1887,1999-12-01 00:00:00.000,26.415829166666672
1888,1999-12-02 00:00:00.000,28.489262604166655
1889,1999-12-03 00:00:00.000,28.063464687500005
1890,1999-12-04 00:00:00.000,27.69987375
1891,1999-12-05 00:00:00.000,27.178977717391298
1892,1999-12-06 00:00:00.000,27.120311458333322
1893,1999-12-07 00:00:00.000,29.99936322916666
1894,1999-12-08 00:00:00.000,27.133866145833327
1895,1999-12-09 00:00:00.000,26.590919583333328
1896,1999-12-10 00:00:00.000,26.514109687499996
1897,1999-12-11 00:00:00.000,23.918368958333335
1898,1999-12-12 00:00:00.000,21.423005208333333
1899,1999-12-13 00:00:00.000,23.0577728125
1900,1999-12-14 00:00:00.000,22.764774687499997
1901,1999-12-15 00:00:00.000,24.270971562500012
1902,1999-12-16 00:00:00.000,27.09783797872341
1903,1999-12-17 00:00:00.000,29.98295302083334
1904,1999-12-18 00:00:00.000,30.90893697916667
1905,1999-12-19 00:00:00.000,33.64800621052631
1906,1999-12-20 00:00:00.000,32.359613854166675
1907,1999-12-21 00:00:00.000,35.0028140625
1908,1999-12-22 00:00:00.000,42.14205484210526
1909,1999-12-23 00:00:00.000,40.09333031578947
1910,1999-12-24 00:00:00.000,40.156884583333344
1911,1999-12-25 00:00:00.000,41.66940697916666
1912,1999-12-26 00:00:00.000,39.916623229166674
1913,1999-12-27 00:00:00.000,39.143174687499986
1914,1999-12-28 00:00:00.000,37.88280562500001
1915,1999-12-29 00:00:00.000,40.54924760416667
1916,1999-12-30 00:00:00.000,42.39478156250001
1917,1999-12-31 00:00:00.000,41.40283145833335
1918,2000-01-01 00:00:00.000,37.61886875000001
1919,2000-01-02 00:00:00.000,36.669462291666676
1920,2000-01-03 00:00:00.000,33.7564334375
1921,2000-01-04 00:00:00.000,32.57294656250001
1922,2000-01-05 00:00:00.000,33.02516708333332
1923,2000-01-06 00:00:00.000,31.362133437499995
1924,2000-01-07 00:00:00.000,31.303794062500007
1925,2000-01-08 00:00:00.000,30.050365
1926,2000-01-09 00:00:00.000,30.23593770833335
1927,2000-01-10 00:00:00.000,30.477644895833336
1928,2000-01-11 00:00:00.000,32.056241875
1929,2000-01-12 00:00:00.000,29.04493249999999
1930,2000-01-13 00:00:00.000,29.05588468750001
1931,2000-01-14 00:00:00.000,30.28527677083333
1932,2000-01-15 00:00:00.000,32.045253541666675
1933,2000-01-16 00:00:00.000,31.110341562500015
1934,2000-01-17 00:00:00.000,29.921902708333324
1935,2000-01-18 00:00:00.000,30.656530624999988
1936,2000-01-19 00:00:00.000,30.675507187499992
1937,2000-01-20 00:00:00.000,33.79666375
1938,2000-01-21 00:00:00.000,33.11726666666669
1939,2000-01-22 00:00:00.000,31.972419687500004
1940,2000-01-23 00:00:00.000,35.63131781249998
1941,2000-01-24 00:00:00.000,33.9978153125
1942,2000-01-25 00:00:00.000,31.44132895833332
1943,2000-01-26 00:00:00.000,27.626823020833328
1944,2000-01-27 00:00:00.000,27.842360624999994
1945,2000-01-28 00:00:00.000,27.720043125000004
1946,2000-01-29 00:00:00.000,26.843217499999994
1947,2000-01-30 00:00:00.000,27.202687812500002
1948,2000-01-31 00:00:00.000,25.1024703125
1949,2000-02-01 00:00:00.000,24.35345635416667
1950,2000-02-02 00:00:00.000,24.26160979166666
1951,2000-02-03 00:00:00.000,29.59868666666667
1952,2000-02-04 00:00:00.000,28.739319479166667
1953,2000-02-05 00:00:00.000,31.870813749999982
1954,2000-02-06 00:00:00.000,31.636877916666677
1955,2000-02-07 00:00:00.000,32.276586875
1956,2000-02-08 00:00:00.000,32.644587604166674
1957,2000-02-09 00:00:00.000,31.165789270833343
1958,2000-02-10 00:00:00.000,30.936733125000018
1959,2000-02-11 00:00:00.000,29.59785531249999
1960,2000-02-12 00:00:00.000,29.85524979166668
1961,2000-02-13 00:00:00.000,29.420885312500005
1962,2000-02-14 00:00:00.000,33.45331447916667
1963,2000-02-15 00:00:00.000,35.78603757894736
1964,2000-02-16 00:00:00.000,44.212627812499996
1965,2000-02-17 00:00:00.000,47.63618041666666
1966,2000-02-18 00:00:00.000,50.99428052631579
1967,2000-02-19 00:00:00.000,54.94772343750004
1968,2000-02-20 00:00:00.000,59.53759364583332
1969,2000-02-21 00:00:00.000,58.21436697916665
1970,2000-02-22 00:00:00.000,50.25433156249999
1971,2000-02-23 00:00:00.000,43.982270416666665
1972,2000-02-24 00:00:00.000,37.56327645833331
1973,2000-02-25 00:00:00.000,33.04927635416667
1974,2000-02-26 00:00:00.000,32.85394427083332
1975,2000-02-27 00:00:00.000,31.733712604166666
1976,2000-02-28 00:00:00.000,34.19997895833333
1977,2000-02-29 00:00:00.000,37.00344979166665
1978,2000-03-01 00:00:00.000,35.777491562499996
1979,2000-03-02 00:00:00.000,33.199751458333346
1980,2000-03-03 00:00:00.000,33.32109302083334
1981,2000-03-04 00:00:00.000,36.018548125
1982,2000-03-05 00:00:00.000,35.11074552083334
1983,2000-03-06 00:00:00.000,31.640275624999997
1984,2000-03-07 00:00:00.000,31.50913854166666
1985,2000-03-08 00:00:00.000,31.215851249999996
1986,2000-03-09 00:00:00.000,30.391726249999994
1987,2000-03-10 00:00:00.000,28.99230416666666
1988,2000-03-11 00:00:00.000,30.754590425531912
1989,2000-03-12 00:00:00.000,27.995185208333336
1990,2000-03-13 00:00:00.000,24.93327166666667
1991,2000-03-14 00:00:00.000,24.146268437499995
1992,2000-03-15 00:00:00.000,23.50460760416666
1993,2000-03-16 00:00:00.000,25.737624895833324
1994,2000-03-17 00:00:00.000,26.947837999999994
1995,2000-03-18 00:00:00.000,27.53732593750001
1996,2000-03-19 00:00:00.000,30.79247510416667
1997,2000-03-20 00:00:00.000,41.75330145833332
1998,2000-03-21 00:00:00.000,48.10170260416668
1999,2000-03-22 00:00:00.000,46.52787687499998
2000,2000-03-23 00:00:00.000,44.589592708333356
2001,2000-03-24 00:00:00.000,40.56663375
2002,2000-03-25 00:00:00.000,34.04834718749999
2003,2000-03-26 00:00:00.000,26.808951250000007
2004,2000-03-27 00:00:00.000,23.196608958333332
2005,2000-03-28 00:00:00.000,20.207854583333333
2006,2000-03-29 00:00:00.000,18.518687500000002
2007,2000-03-30 00:00:00.000,19.8035634375
2008,2000-03-31 00:00:00.000,22.97066135416667
2009,2000-04-01 00:00:00.000,30.866971666666668
2010,2000-04-02 00:00:00.000,35.24546104166666
2011,2000-04-03 00:00:00.000,40.75135467391304
2012,2000-04-04 00:00:00.000,50.96727197916667
2013,2000-04-05 00:00:00.000,53.975617395833325
2014,2000-04-06 00:00:00.000,59.61093354166666
2015,2000-04-07 00:00:00.000,58.556776458333324
2016,2000-04-08 00:00:00.000,65.03125427083333
2017,2000-04-09 00:00:00.000,61.6627517708333
2018,2000-04-10 00:00:00.000,55.126645312500024
2019,2000-04-11 00:00:00.000,50.77925010526318
2020,2000-04-12 00:00:00.000,49.800809791666666
2021,2000-04-13 00:00:00.000,55.52620135416664
2022,2000-04-14 00:00:00.000,52.50806041666667
2023,2000-04-15 00:00:00.000,56.432594270833334
2024,2000-04-16 00:00:00.000,51.653175312500004
2025,2000-04-17 00:00:00.000,55.035095526315814
2026,2000-04-18 00:00:00.000,41.47009885416666
2027,2000-04-19 00:00:00.000,36.3509090625
2028,2000-04-20 00:00:00.000,27.587985671641796
2029,2000-04-21 00:00:00.000,30.66498875000001
2030,2000-04-22 00:00:00.000,28.131165833333327
2031,2000-04-23 00:00:00.000,23.790954895833327
2032,2000-04-24 00:00:00.000,21.46468135416667
2033,2000-04-25 00:00:00.000,22.75208749999999
2034,2000-04-26 00:00:00.000,22.69917
2035,2000-04-27 00:00:00.000,24.93609104166666
2036,2000-04-28 00:00:00.000,28.06917572916667
2037,2000-04-29 00:00:00.000,29.81997145833334
2038,2000-04-30 00:00:00.000,31.444003750000007
2039,2000-05-01 00:00:00.000,41.54972812499999
2040,2000-05-02 00:00:00.000,48.49352343750004
2041,2000-05-03 00:00:00.000,55.31359156250002
2042,2000-05-04 00:00:00.000,57.60332166666666
2043,2000-05-05 00:00:00.000,65.85093333333332
2044,2000-05-06 00:00:00.000,67.83946020833334
2045,2000-05-07 00:00:00.000,60.57237656250001
2046,2000-05-08 00:00:00.000,50.880991875000014
2047,2000-05-09 00:00:00.000,57.49242625
2048,2000-05-10 00:00:00.000,68.34922489583333
2049,2000-05-11 00:00:00.000,46.390197395833326
2050,2000-05-12 00:00:00.000,41.44277260416667
2051,2000-05-13 00:00:00.000,51.05131104166667
2052,2000-05-14 00:00:00.000,62.636809687500026
2053,2000-05-15 00:00:00.000,65.94852708333336
2054,2000-05-16 00:00:00.000,63.706328750000004
2055,2000-05-17 00:00:00.000,55.94581833333334
2056,2000-05-18 00:00:00.000,46.53619041666666
2057,2000-05-19 00:00:00.000,45.280086562499996
2058,2000-05-20 00:00:00.000,41.30964749999999
2059,2000-05-21 00:00:00.000,37.086332187499984
2060,2000-05-22 00:00:00.000,34.648946354166654
2061,2000-05-23 00:00:00.000,34.57965479166667
2062,2000-05-24 00:00:00.000,39.15105447916666
2063,2000-05-25 00:00:00.000,41.87178749999999
2064,2000-05-26 00:00:00.000,43.87401364583334
2065,2000-05-27 00:00:00.000,48.19250093750002
2066,2000-05-28 00:00:00.000,46.24518031249999
2067,2000-05-29 00:00:00.000,49.938344687500006
2068,2000-05-30 00:00:00.000,51.50385687500002
2069,2000-05-31 00:00:00.000,50.62587458333334
2070,2000-06-01 00:00:00.000,53.403501145833324
2071,2000-06-02 00:00:00.000,55.35711114583333
2072,2000-06-03 00:00:00.000,59.321260833333326
2073,2000-06-04 00:00:00.000,66.9408025
2074,2000-06-05 00:00:00.000,71.35868778947366
2075,2000-06-06 00:00:00.000,65.61175635416669
2076,2000-06-07 00:00:00.000,64.98144873684214
2077,2000-06-08 00:00:00.000,58.52323312499999
2078,2000-06-09 00:00:00.000,62.72847552083331
2079,2000-06-10 00:00:00.000,64.212515
2080,2000-06-11 00:00:00.000,64.53388760416667
2081,2000-06-12 00:00:00.000,66.24640489583336
2082,2000-06-13 00:00:00.000,61.531289375
2083,2000-06-14 00:00:00.000,55.13722571428573
2084,2000-06-15 00:00:00.000,48.27832978947368
2085,2000-06-16 00:00:00.000,50.98950166666665
2086,2000-06-17 00:00:00.000,54.453899062499964
2087,2000-06-18 00:00:00.000,54.257591041666664
2088,2000-06-19 00:00:00.000,48.15234291666664
2089,2000-06-20 00:00:00.000,42.86467739583333
2090,2000-06-21 00:00:00.000,39.4524384375
2091,2000-06-22 00:00:00.000,38.863695104166666
2092,2000-06-23 00:00:00.000,45.02757177083333
2093,2000-06-24 00:00:00.000,50.30030906250003
2094,2000-06-25 00:00:00.000,53.244531770833326
2095,2000-06-26 00:00:00.000,53.06965822916667
2096,2000-06-27 00:00:00.000,49.26050187500002
2097,2000-06-28 00:00:00.000,50.76655416666667
2098,2000-06-29 00:00:00.000,54.221734375000004
2099,2000-06-30 00:00:00.000,52.69074145833335
2100,2000-07-01 00:00:00.000,51.30216312499997
2101,2000-07-02 00:00:00.000,50.61322354166668
2102,2000-07-03 00:00:00.000,56.46836474358974
2103,2000-07-04 00:00:00.000,56.0
2104,2000-07-05 00:00:00.000,55.0
2105,2000-07-06 00:00:00.000,55.0
2106,2000-07-07 00:00:00.000,55.0
2107,2000-07-08 00:00:00.000,54.0
2108,2000-07-09 00:00:00.000,54.0
2109,2000-07-10 00:00:00.000,54.0
2110,2000-07-11 00:00:00.000,53.0
2111,2000-07-12 00:00:00.000,53.109175952380944
2112,2000-07-13 00:00:00.000,49.664829166666664
2113,2000-07-14 00:00:00.000,44.121793333333336
2114,2000-07-15 00:00:00.000,40.90889864583333
2115,2000-07-16 00:00:00.000,42.54659406250001
2116,2000-07-17 00:00:00.000,43.90860520833334
2117,2000-07-18 00:00:00.000,40.32348072916667
2118,2000-07-19 00:00:00.000,39.43837770833333
2119,2000-07-20 00:00:00.000,40.2841540625
2120,2000-07-21 00:00:00.000,41.66582854166667
2121,2000-07-22 00:00:00.000,41.63828541666667
2122,2000-07-23 00:00:00.000,41.460917812499986
2123,2000-07-24 00:00:00.000,41.20099312500002
2124,2000-07-25 00:00:00.000,42.65170614583333
2125,2000-07-26 00:00:00.000,42.908341562500006
2126,2000-07-27 00:00:00.000,39.92417770833335
2127,2000-07-28 00:00:00.000,40.059146250000005
2128,2000-07-29 00:00:00.000,42.27542802083331
2129,2000-07-30 00:00:00.000,44.70833177083332
2130,2000-07-31 00:00:00.000,47.16639302083335
2131,2000-08-01 00:00:00.000,47.96014717948716
2132,2000-08-02 00:00:00.000,47.0
2133,2000-08-03 00:00:00.000,47.0
2134,2000-08-04 00:00:00.000,46.0
2135,2000-08-05 00:00:00.000,46.0
2136,2000-08-06 00:00:00.000,45.0
2137,2000-08-07 00:00:00.000,45.0
2138,2000-08-08 00:00:00.000,44.0
2139,2000-08-09 00:00:00.000,43.0
2140,2000-08-10 00:00:00.000,42.0266451020408
2141,2000-08-11 00:00:00.000,36.68724604166666
2142,2000-08-12 00:00:00.000,32.75606135416667
2143,2000-08-13 00:00:00.000,32.45644854166667
2144,2000-08-14 00:00:00.000,32.44039979166667
2145,2000-08-15 00:00:00.000,31.17938010416668
2146,2000-08-16 00:00:00.000,31.969744895833326
2147,2000-08-17 00:00:00.000,33.561751979166665
2148,2000-08-18 00:00:00.000,35.17533812499999
2149,2000-08-19 00:00:00.000,36.555675208333334
2150,2000-08-20 00:00:00.000,35.68264489583332
2151,2000-08-21 00:00:00.000,31.68744593749999
2152,2000-08-22 00:00:00.000,34.17496604166666
2153,2000-08-23 00:00:00.000,35.68640406250001
2154,2000-08-24 00:00:00.000,31.137161770833327
2155,2000-08-25 00:00:00.000,28.053560729166662
2156,2000-08-26 00:00:00.000,29.010268645833317
2157,2000-08-27 00:00:00.000,32.273333749999985
2158,2000-08-28 00:00:00.000,36.500986562499996
2159,2000-08-29 00:00:00.000,40.74743520833333
2160,2000-08-30 00:00:00.000,40.572959270833344
2161,2000-08-31 00:00:00.000,39.56839427083333
2162,2000-09-01 00:00:00.000,37.170515833333326
2163,2000-09-02 00:00:00.000,36.39652510416667
2164,2000-09-03 00:00:00.000,35.335960315789464
2165,2000-09-04 00:00:00.000,32.64241885416667
2166,2000-09-05 00:00:00.000,27.655864105263152
2167,2000-09-06 00:00:00.000,25.89877692307692
2168,2000-09-07 00:00:00.000,28.56471189473684
2169,2000-09-08 00:00:00.000,25.140562857142857
2170,2000-09-09 00:00:00.000,24.0
2171,2000-09-10 00:00:00.000,23.0
2172,2000-09-11 00:00:00.000,22.0
2173,2000-09-12 00:00:00.000,21.0
2174,2000-09-13 00:00:00.000,19.160619795918368
2175,2000-09-14 00:00:00.000,17.762697395833328
2176,2000-09-15 00:00:00.000,19.741139583333332
2177,2000-09-16 00:00:00.000,19.12691343750001
2178,2000-09-17 00:00:00.000,18.25099145833334
2179,2000-09-18 00:00:00.000,16.728384374999994
2180,2000-09-19 00:00:00.000,14.939346354166668
2181,2000-09-20 00:00:00.000,14.260074920634917
2182,2000-09-21 00:00:00.000,16.818336470588235
2183,2000-09-22 00:00:00.000,18.0
2184,2000-09-23 00:00:00.000,19.1328775
2185,2000-09-24 00:00:00.000,17.02572
2186,2000-09-25 00:00:00.000,19.0
2187,2000-09-26 00:00:00.000,21.0
2188,2000-09-27 00:00:00.000,24.12624315068494
2189,2000-09-28 00:00:00.000,25.116133437500007
2190,2000-09-29 00:00:00.000,23.524270937500006
2191,2000-09-30 00:00:00.000,24.015275937499993
2192,2000-10-01 00:00:00.000,24.26821999999998
2193,2000-10-02 00:00:00.000,23.569606250000017
2194,2000-10-03 00:00:00.000,21.832421875
2195,2000-10-04 00:00:00.000,20.898910416666684
2196,2000-10-05 00:00:00.000,21.567584374999996
2197,2000-10-06 00:00:00.000,23.412714583333337
2198,2000-10-07 00:00:00.000,19.056775000000002
2199,2000-10-08 00:00:00.000,19.43772738095238
2200,2000-10-09 00:00:00.000,19.81867976190476
2201,2000-10-10 00:00:00.000,20.19963214285714
2202,2000-10-11 00:00:00.000,20.58058452380952
2203,2000-10-12 00:00:00.000,20.9615369047619
2204,2000-10-13 00:00:00.000,21.34248928571428
2205,2000-10-14 00:00:00.000,21.72344166666666
2206,2000-10-15 00:00:00.000,22.10439404761904
2207,2000-10-16 00:00:00.000,22.485346428571418
2208,2000-10-17 00:00:00.000,22.866298809523798
2209,2000-10-18 00:00:00.000,23.247251190476177
2210,2000-10-19 00:00:00.000,23.628203571428557
2211,2000-10-20 00:00:00.000,24.009155952380937
2212,2000-10-21 00:00:00.000,24.390108333333316
2213,2000-10-22 00:00:00.000,24.771060714285696
2214,2000-10-23 00:00:00.000,25.152013095238075
2215,2000-10-24 00:00:00.000,25.532965476190455
2216,2000-10-25 00:00:00.000,25.913917857142835
2217,2000-10-26 00:00:00.000,26.294870238095214
2218,2000-10-27 00:00:00.000,26.675822619047594
2219,2000-10-28 00:00:00.000,27.056774999999973
2220,2000-10-29 00:00:00.000,27.437727380952353
2221,2000-10-30 00:00:00.000,26.664927906976736
2222,2000-10-31 00:00:00.000,24.63422708333334
2223,2000-11-01 00:00:00.000,24.02283749999999
2224,2000-11-02 00:00:00.000,22.70668229166668
2225,2000-11-03 00:00:00.000,20.932707291666667
2226,2000-11-04 00:00:00.000,21.157228125000007
2227,2000-11-05 00:00:00.000,21.87788125000002
2228,2000-11-06 00:00:00.000,25.771070833333336
2229,2000-11-07 00:00:00.000,25.75456354166666
2230,2000-11-08 00:00:00.000,26.773455208333335
2231,2000-11-09 00:00:00.000,29.147448958333324
2232,2000-11-10 00:00:00.000,28.344012500000005
2233,2000-11-11 00:00:00.000,27.411532291666678
2234,2000-11-12 00:00:00.000,28.853564210526322
2235,2000-11-13 00:00:00.000,28.957877083333347
2236,2000-11-14 00:00:00.000,28.001376041666678
2237,2000-11-15 00:00:00.000,24.286120833333314
2238,2000-11-16 00:00:00.000,22.25333294117648
2239,2000-11-17 00:00:00.000,21.898502083333337
2240,2000-11-18 00:00:00.000,22.516731250000003
2241,2000-11-19 00:00:00.000,21.12017362637361
2242,2000-11-20 00:00:00.000,21.074635416666673
2243,2000-11-21 00:00:00.000,21.857779166666674
2244,2000-11-22 00:00:00.000,21.215008333333344
2245,2000-11-23 00:00:00.000,21.34612500000001
2246,2000-11-24 00:00:00.000,20.961652083333338
2247,2000-11-25 00:00:00.000,20.743639583333344
2248,2000-11-26 00:00:00.000,21.221309375000008
2249,2000-11-27 00:00:00.000,20.02989479166668
2250,2000-11-28 00:00:00.000,19.11275312500001
2251,2000-11-29 00:00:00.000,20.56569270833334
2252,2000-11-30 00:00:00.000,17.197205208333326
2253,2000-12-01 00:00:00.000,15.99265937499999
2254,2000-12-02 00:00:00.000,15.389782352941173
2255,2000-12-03 00:00:00.000,15.86281145833331
2256,2000-12-04 00:00:00.000,17.370885416666646
2257,2000-12-05 00:00:00.000,19.038534375
2258,2000-12-06 00:00:00.000,20.369796875000013
2259,2000-12-07 00:00:00.000,20.285263541666676
2260,2000-12-08 00:00:00.000,21.673311458333345
2261,2000-12-09 00:00:00.000,22.39950869565219
2262,2000-12-10 00:00:00.000,23.520809473684228
2263,2000-12-11 00:00:00.000,24.616508860759495
2264,2000-12-12 00:00:00.000,25.045080289330922
2265,2000-12-13 00:00:00.000,25.47365171790235
2266,2000-12-14 00:00:00.000,25.902223146473776
2267,2000-12-15 00:00:00.000,26.330794575045203
2268,2000-12-16 00:00:00.000,26.75936600361663
2269,2000-12-17 00:00:00.000,27.187937432188058
2270,2000-12-18 00:00:00.000,27.960189999999994
2271,2000-12-19 00:00:00.000,27.89454999999999
2272,2000-12-20 00:00:00.000,28.607979166666656
2273,2000-12-21 00:00:00.000,27.262746874999973
2274,2000-12-22 00:00:00.000,26.777784374999978
2275,2000-12-23 00:00:00.000,25.62719789473683
2276,2000-12-24 00:00:00.000,25.10521562500001
2277,2000-12-25 00:00:00.000,24.151979166666667
2278,2000-12-26 00:00:00.000,23.929355208333348
2279,2000-12-27 00:00:00.000,24.12716354166668
2280,2000-12-28 00:00:00.000,28.021152808988763
2281,2000-12-29 00:00:00.000,25.924795744680868
2282,2000-12-30 00:00:00.000,25.02341894736843
2283,2000-12-31 00:00:00.000,23.60970520833335
2284,2001-01-01 00:00:00.000,22.087435416666683
2285,2001-01-02 00:00:00.000,18.781622222222225
2286,2001-01-03 00:00:00.000,20.114955555555557
2287,2001-01-04 00:00:00.000,21.44828888888889
2288,2001-01-05 00:00:00.000,22.78162222222222
2289,2001-01-06 00:00:00.000,24.114955555555554
2290,2001-01-07 00:00:00.000,25.448288888888886
2291,2001-01-08 00:00:00.000,26.781622222222218
2292,2001-01-09 00:00:00.000,28.11495555555555
2293,2001-01-10 00:00:00.000,29.448288888888882
2294,2001-01-11 00:00:00.000,30.781622222222214
2295,2001-01-12 00:00:00.000,32.11495555555555
2296,2001-01-13 00:00:00.000,33.44828888888888
2297,2001-01-14 00:00:00.000,34.78162222222222
2298,2001-01-15 00:00:00.000,36.114955555555554
2299,2001-01-16 00:00:00.000,37.44828888888889
2300,2001-01-17 00:00:00.000,39.3355925
2301,2001-01-18 00:00:00.000,38.480481250000004
2302,2001-01-19 00:00:00.000,37.075815625
2303,2001-01-20 00:00:00.000,36.20195416666665
2304,2001-01-21 00:00:00.000,35.837879166666674
2305,2001-01-22 00:00:00.000,35.71770729166668
2306,2001-01-23 00:00:00.000,35.830524999999994
2307,2001-01-24 00:00:00.000,35.81361041666667
2308,2001-01-25 00:00:00.000,36.14373125000001
2309,2001-01-26 00:00:00.000,35.443303125
2310,2001-01-27 00:00:00.000,36.789346875
2311,2001-01-28 00:00:00.000,35.3597
2312,2001-01-29 00:00:00.000,35.75541956521738
2313,2001-01-30 00:00:00.000,32.62609807692308
2314,2001-01-31 00:00:00.000,34.070516666666656
2315,2001-02-01 00:00:00.000,35.57424791666668
2316,2001-02-02 00:00:00.000,37.791022916666655
2317,2001-02-03 00:00:00.000,37.980368750000004
2318,2001-02-04 00:00:00.000,37.807242708333334
2319,2001-02-05 00:00:00.000,37.36379895833334
2320,2001-02-06 00:00:00.000,42.96471875
2321,2001-02-07 00:00:00.000,47.29568749999999
2322,2001-02-08 00:00:00.000,47.06984166666669
2323,2001-02-09 00:00:00.000,49.06334479166667
2324,2001-02-10 00:00:00.000,51.08791979166667
2325,2001-02-11 00:00:00.000,50.90922604166668
2326,2001-02-12 00:00:00.000,47.74614062500002
2327,2001-02-13 00:00:00.000,53.42599791666664
2328,2001-02-14 00:00:00.000,49.107564583333335
2329,2001-02-15 00:00:00.000,43.409953125000015
2330,2001-02-16 00:00:00.000,39.32743854166666
2331,2001-02-17 00:00:00.000,37.41550104166665
2332,2001-02-18 00:00:00.000,36.142371874999995
2333,2001-02-19 00:00:00.000,36.626244210526316
2334,2001-02-20 00:00:00.000,35.555784374999995
2335,2001-02-21 00:00:00.000,36.35724891304349
2336,2001-02-22 00:00:00.000,37.880422340425525
2337,2001-02-23 00:00:00.000,39.07687083333334
2338,2001-02-24 00:00:00.000,40.61685208333332
2339,2001-02-25 00:00:00.000,38.31077812500002
2340,2001-02-26 00:00:00.000,38.62375520833334
2341,2001-02-27 00:00:00.000,39.44786875
2342,2001-02-28 00:00:00.000,42.07149895833333
2343,2001-03-01 00:00:00.000,43.61741354166666
2344,2001-03-02 00:00:00.000,43.602261458333345
2345,2001-03-03 00:00:00.000,42.507165625000006
2346,2001-03-04 00:00:00.000,44.59982395833333
2347,2001-03-05 00:00:00.000,46.73521770833332
2348,2001-03-06 00:00:00.000,52.775829347826104
2349,2001-03-07 00:00:00.000,53.75158541666668
2350,2001-03-08 00:00:00.000,56.38303437499999
2351,2001-03-09 00:00:00.000,57.610861458333346
2352,2001-03-10 00:00:00.000,85.66145312499998
2353,2001-03-11 00:00:00.000,113.94915729166665
2354,2001-03-12 00:00:00.000,119.37345416666666
2355,2001-03-13 00:00:00.000,113.16082604166662
2356,2001-03-14 00:00:00.000,103.66165
2357,2001-03-15 00:00:00.000,95.54470312500001
2358,2001-03-16 00:00:00.000,86.02340625000001
2359,2001-03-17 00:00:00.000,76.73422604166664
2360,2001-03-18 00:00:00.000,70.24764166666664
2361,2001-03-19 00:00:00.000,66.07983437499998
2362,2001-03-20 00:00:00.000,60.24944315789475
2363,2001-03-21 00:00:00.000,56.70837083333331
2364,2001-03-22 00:00:00.000,58.55407634408603
2365,2001-03-23 00:00:00.000,59.52106874999999
2366,2001-03-24 00:00:00.000,60.78730833333333
2367,2001-03-25 00:00:00.000,58.49496562499997
2368,2001-03-26 00:00:00.000,58.62312604166666
2369,2001-03-27 00:00:00.000,58.330216666666665
2370,2001-03-28 00:00:00.000,60.26239479166665
2371,2001-03-29 00:00:00.000,61.29837083333336
2372,2001-03-30 00:00:00.000,57.274680208333365
2373,2001-03-31 00:00:00.000,52.43059999999999
2374,2001-04-01 00:00:00.000,53.14840416666669
2375,2001-04-02 00:00:00.000,58.25443854166665
2376,2001-04-03 00:00:00.000,59.56766666666663
2377,2001-04-04 00:00:00.000,61.18691770833329
2378,2001-04-05 00:00:00.000,65.69775937499999
2379,2001-04-06 00:00:00.000,68.16668958333334
2380,2001-04-07 00:00:00.000,68.47109895833334
2381,2001-04-08 00:00:00.000,71.70217812500002
2382,2001-04-09 00:00:00.000,67.9469395833333
2383,2001-04-10 00:00:00.000,69.65518854166667
2384,2001-04-11 00:00:00.000,76.02285833333337
2385,2001-04-12 00:00:00.000,69.59220312500001
2386,2001-04-13 00:00:00.000,65.93499062499998
2387,2001-04-14 00:00:00.000,57.524926041666696
2388,2001-04-15 00:00:00.000,55.865047916666676
2389,2001-04-16 00:00:00.000,56.03600104166667
2390,2001-04-17 00:00:00.000,53.44793749999997
2391,2001-04-18 00:00:00.000,53.70549270833334
2392,2001-04-19 00:00:00.000,53.98733333333334
2393,2001-04-20 00:00:00.000,56.68552604166667
2394,2001-04-21 00:00:00.000,52.44282083333335
2395,2001-04-22 00:00:00.000,49.60067499999999
2396,2001-04-23 00:00:00.000,49.49718020833334
2397,2001-04-24 00:00:00.000,49.173653124999994
2398,2001-04-25 00:00:00.000,48.16613578947368
2399,2001-04-26 00:00:00.000,52.11391250000003
2400,2001-04-27 00:00:00.000,52.549962499999985
2401,2001-04-28 00:00:00.000,49.61690625
2402,2001-04-29 00:00:00.000,47.684350000000016
2403,2001-04-30 00:00:00.000,47.052352083333346
2404,2001-05-01 00:00:00.000,49.23069270833332
2405,2001-05-02 00:00:00.000,55.867321874999995
2406,2001-05-03 00:00:00.000,65.59973437499998
2407,2001-05-04 00:00:00.000,61.31721979166668
2408,2001-05-05 00:00:00.000,58.73421875
2409,2001-05-06 00:00:00.000,55.67514021739132
2410,2001-05-07 00:00:00.000,53.19432812500002
2411,2001-05-08 00:00:00.000,49.09645104166666
2412,2001-05-09 00:00:00.000,47.08276250000002
2413,2001-05-10 00:00:00.000,43.62087916666665
2414,2001-05-11 00:00:00.000,42.38349583333333
2415,2001-05-12 00:00:00.000,46.78204791666667
2416,2001-05-13 00:00:00.000,44.64455104166666
2417,2001-05-14 00:00:00.000,45.31439895833332
2418,2001-05-15 00:00:00.000,47.92803958333334
2419,2001-05-16 00:00:00.000,49.217092708333325
2420,2001-05-17 00:00:00.000,50.367926041666664
2421,2001-05-18 00:00:00.000,50.36046354166667
2422,2001-05-19 00:00:00.000,49.547506250000005
2423,2001-05-20 00:00:00.000,51.92009062500002
2424,2001-05-21 00:00:00.000,50.02348333333335
2425,2001-05-22 00:00:00.000,50.748786458333335
2426,2001-05-23 00:00:00.000,54.299789583333386
2427,2001-05-24 00:00:00.000,57.932282499999985
2428,2001-05-25 00:00:00.000,56.503711071428555
2429,2001-05-26 00:00:00.000,55.075139642857124
2430,2001-05-27 00:00:00.000,53.64656821428569
2431,2001-05-28 00:00:00.000,52.21799678571426
2432,2001-05-29 00:00:00.000,50.78942535714283
2433,2001-05-30 00:00:00.000,49.3608539285714
2434,2001-05-31 00:00:00.000,48.188842857142866
2435,2001-06-01 00:00:00.000,46.778147916666704
2436,2001-06-02 00:00:00.000,47.15379479166668
2437,2001-06-03 00:00:00.000,47.582306249999995
2438,2001-06-04 00:00:00.000,46.22249583333333
2439,2001-06-05 00:00:00.000,48.24779270833335
2440,2001-06-06 00:00:00.000,46.991682291666685
2441,2001-06-07 00:00:00.000,42.831711578947385
2442,2001-06-08 00:00:00.000,40.80313125000001
2443,2001-06-09 00:00:00.000,38.78117395833334
2444,2001-06-10 00:00:00.000,39.906928125000015
2445,2001-06-11 00:00:00.000,38.804421875
2446,2001-06-12 00:00:00.000,41.301672916666675
2447,2001-06-13 00:00:00.000,41.67601979166665
2448,2001-06-14 00:00:00.000,38.676531578947376
2449,2001-06-15 00:00:00.000,36.89178850574713
2450,2001-06-16 00:00:00.000,35.225121839080465
2451,2001-06-17 00:00:00.000,33.5584551724138
2452,2001-06-18 00:00:00.000,31.54948870967742
2453,2001-06-19 00:00:00.000,30.07969895833335
2454,2001-06-20 00:00:00.000,29.099738541666664
2455,2001-06-21 00:00:00.000,30.104222916666675
2456,2001-06-22 00:00:00.000,30.673103124999994
2457,2001-06-23 00:00:00.000,31.997170833333342
2458,2001-06-24 00:00:00.000,34.32940208333333
2459,2001-06-25 00:00:00.000,39.079861458333326
2460,2001-06-26 00:00:00.000,47.927660416666676
2461,2001-06-27 00:00:00.000,59.37566770833333
2462,2001-06-28 00:00:00.000,51.38709479166669
2463,2001-06-29 00:00:00.000,36.892408333333314
2464,2001-06-30 00:00:00.000,43.15869062499999
2465,2001-07-01 00:00:00.000,33.043483333333334
2466,2001-07-02 00:00:00.000,33.293483333333334
2467,2001-07-03 00:00:00.000,33.543483333333334
2468,2001-07-04 00:00:00.000,33.793483333333334
2469,2001-07-05 00:00:00.000,34.043483333333334
2470,2001-07-06 00:00:00.000,34.293483333333334
2471,2001-07-07 00:00:00.000,34.543483333333334
2472,2001-07-08 00:00:00.000,34.793483333333334
2473,2001-07-09 00:00:00.000,35.391685365853654
2474,2001-07-10 00:00:00.000,33.63926458333334
2475,2001-07-11 00:00:00.000,34.578514583333344
2476,2001-07-12 00:00:00.000,34.82342500000001
2477,2001-07-13 00:00:00.000,34.422078125
2478,2001-07-14 00:00:00.000,34.52239583333333
2479,2001-07-15 00:00:00.000,31.504684375000007
2480,2001-07-16 00:00:00.000,31.340632291666676
2481,2001-07-17 00:00:00.000,29.596177083333348
2482,2001-07-18 00:00:00.000,27.98375104166666
2483,2001-07-19 00:00:00.000,27.860538541666667
2484,2001-07-20 00:00:00.000,28.41625157894737
2485,2001-07-21 00:00:00.000,29.692780208333343
2486,2001-07-22 00:00:00.000,30.33223958333335
2487,2001-07-23 00:00:00.000,32.3990642105263
2488,2001-07-24 00:00:00.000,36.44037500000002
2489,2001-07-25 00:00:00.000,36.926964583333316
2490,2001-07-26 00:00:00.000,38.53048645833333
2491,2001-07-27 00:00:00.000,38.12166041666666
2492,2001-07-28 00:00:00.000,36.00751666666666
2493,2001-07-29 00:00:00.000,33.51378541666665
2494,2001-07-30 00:00:00.000,32.60046666666667
2495,2001-07-31 00:00:00.000,32.06713333333334
2496,2001-08-01 00:00:00.000,31.533800000000003
2497,2001-08-02 00:00:00.000,31.000466666666668
2498,2001-08-03 00:00:00.000,30.467133333333333
2499,2001-08-04 00:00:00.000,29.933799999999998
2500,2001-08-05 00:00:00.000,29.400466666666663
2501,2001-08-06 00:00:00.000,28.867133333333328
2502,2001-08-07 00:00:00.000,28.333799999999993
2503,2001-08-08 00:00:00.000,27.800466666666658
2504,2001-08-09 00:00:00.000,27.267133333333323
2505,2001-08-10 00:00:00.000,26.733799999999988
2506,2001-08-11 00:00:00.000,26.200466666666653
2507,2001-08-12 00:00:00.000,25.667133333333318
2508,2001-08-13 00:00:00.000,25.133799999999983
2509,2001-08-14 00:00:00.000,24.722693548387095
2510,2001-08-15 00:00:00.000,26.28489895833333
2511,2001-08-16 00:00:00.000,26.250472916666666
2512,2001-08-17 00:00:00.000,27.106044791666676
2513,2001-08-18 00:00:00.000,29.53818333333334
2514,2001-08-19 00:00:00.000,31.742255208333347
2515,2001-08-20 00:00:00.000,35.706596875
2516,2001-08-21 00:00:00.000,36.86578229166667
2517,2001-08-22 00:00:00.000,37.570285416666664
2518,2001-08-23 00:00:00.000,36.70083645833335
2519,2001-08-24 00:00:00.000,33.999029166666666
2520,2001-08-25 00:00:00.000,30.469557575757584
2521,2001-08-26 00:00:00.000,30.069557575757585
2522,2001-08-27 00:00:00.000,29.669557575757587
2523,2001-08-28 00:00:00.000,29.269557575757588
2524,2001-08-29 00:00:00.000,28.86955757575759
2525,2001-08-30 00:00:00.000,28.191427499999996
2526,2001-08-31 00:00:00.000,29.372116666666667
2527,2001-09-01 00:00:00.000,29.785684375000006
2528,2001-09-02 00:00:00.000,31.88734791666668
2529,2001-09-03 00:00:00.000,28.745839583333332
2530,2001-09-04 00:00:00.000,27.574909999999996
2531,2001-09-05 00:00:00.000,28.04157666666666
2532,2001-09-06 00:00:00.000,28.508243333333326
2533,2001-09-07 00:00:00.000,28.97490999999999
2534,2001-09-08 00:00:00.000,29.441576666666656
2535,2001-09-09 00:00:00.000,29.90824333333332
2536,2001-09-10 00:00:00.000,30.374909999999986
2537,2001-09-11 00:00:00.000,30.84157666666665
2538,2001-09-12 00:00:00.000,31.308243333333316
2539,2001-09-13 00:00:00.000,31.77490999999998
2540,2001-09-14 00:00:00.000,32.241576666666646
2541,2001-09-15 00:00:00.000,32.708243333333314
2542,2001-09-16 00:00:00.000,33.17490999999998
2543,2001-09-17 00:00:00.000,33.64157666666665
2544,2001-09-18 00:00:00.000,34.10824333333332
2545,2001-09-19 00:00:00.000,35.04449333333333
2546,2001-09-20 00:00:00.000,38.82309583333332
2547,2001-09-21 00:00:00.000,37.62952395833335
2548,2001-09-22 00:00:00.000,32.80314375
2549,2001-09-23 00:00:00.000,30.31035000000001
2550,2001-09-24 00:00:00.000,28.117137499999995
2551,2001-09-25 00:00:00.000,25.609528125
2552,2001-09-26 00:00:00.000,24.534662499999996
2553,2001-09-27 00:00:00.000,24.57118854166666
2554,2001-09-28 00:00:00.000,23.49445208333334
2555,2001-09-29 00:00:00.000,23.920117708333336
2556,2001-09-30 00:00:00.000,25.71490625
2557,2001-10-01 00:00:00.000,26.87789850746269
2558,2001-10-02 00:00:00.000,26.0
2559,2001-10-03 00:00:00.000,25.36197142857143
2560,2001-10-04 00:00:00.000,34.843518749999994
2561,2001-10-05 00:00:00.000,33.212975
2562,2001-10-06 00:00:00.000,27.48421875
2563,2001-10-07 00:00:00.000,26.085849999999997
2564,2001-10-08 00:00:00.000,24.392868750000005
2565,2001-10-09 00:00:00.000,23.201931250000012
2566,2001-10-10 00:00:00.000,23.714150000000007
2567,2001-10-11 00:00:00.000,25.335340425531932
2568,2001-10-12 00:00:00.000,24.082299999999993
2569,2001-10-13 00:00:00.000,24.0
2570,2001-10-14 00:00:00.000,24.0
2571,2001-10-15 00:00:00.000,24.0
2572,2001-10-16 00:00:00.000,24.0
2573,2001-10-17 00:00:00.000,24.0
2574,2001-10-18 00:00:00.000,24.0
2575,2001-10-19 00:00:00.000,24.0
2576,2001-10-20 00:00:00.000,24.0
2577,2001-10-21 00:00:00.000,24.0
2578,2001-10-22 00:00:00.000,24.0
2579,2001-10-23 00:00:00.000,24.0
2580,2001-10-24 00:00:00.000,24.0
2581,2001-10-25 00:00:00.000,24.0
2582,2001-10-26 00:00:00.000,24.073147368421044
2583,2001-10-27 00:00:00.000,24.893987499999998
2584,2001-10-28 00:00:00.000,23.571056521739134
2585,2001-10-29 00:00:00.000,23.47734999999999
2586,2001-10-30 00:00:00.000,25.278835820895516
2587,2001-10-31 00:00:00.000,23.93129374999999
2588,2001-11-01 00:00:00.000,23.540481249999996
2589,2001-11-02 00:00:00.000,24.771425000000004
2590,2001-11-03 00:00:00.000,25.0
2591,2001-11-04 00:00:00.000,25.0
2592,2001-11-05 00:00:00.000,25.0
2593,2001-11-06 00:00:00.000,25.0
2594,2001-11-07 00:00:00.000,25.0
2595,2001-11-08 00:00:00.000,25.0
2596,2001-11-09 00:00:00.000,25.0
2597,2001-11-10 00:00:00.000,25.0
2598,2001-11-11 00:00:00.000,25.0
2599,2001-11-12 00:00:00.000,25.0
2600,2001-11-13 00:00:00.000,25.0
2601,2001-11-14 00:00:00.000,25.0
2602,2001-11-15 00:00:00.000,25.0
2603,2001-11-16 00:00:00.000,25.79104705882353
2604,2001-11-17 00:00:00.000,26.409017977528084
2605,2001-11-18 00:00:00.000,24.70231428571429
2606,2001-11-19 00:00:00.000,23.0245625
2607,2001-11-20 00:00:00.000,20.085345161290327
2608,2001-11-21 00:00:00.000,20.89359375
2609,2001-11-22 00:00:00.000,21.768874999999994
2610,2001-11-23 00:00:00.000,22.26051249999999
2611,2001-11-24 00:00:00.000,30.792712499999993
2612,2001-11-25 00:00:00.000,30.57325625000001
2613,2001-11-26 00:00:00.000,28.382393750000002
2614,2001-11-27 00:00:00.000,28.082231250000007
2615,2001-11-28 00:00:00.000,27.486993750000007
2616,2001-11-29 00:00:00.000,29.930149999999998
2617,2001-11-30 00:00:00.000,28.652725
2618,2001-12-01 00:00:00.000,30.471506249999994
2619,2001-12-02 00:00:00.000,34.12965000000001
2620,2001-12-03 00:00:00.000,30.62505625
2621,2001-12-04 00:00:00.000,32.08054375
2622,2001-12-05 00:00:00.000,33.608875
2623,2001-12-06 00:00:00.000,36.14198750000001
2624,2001-12-07 00:00:00.000,40.37524999999997
2625,2001-12-08 00:00:00.000,44.57012500000002
2626,2001-12-09 00:00:00.000,48.841312499999994
2627,2001-12-10 00:00:00.000,50.577999999999996
2628,2001-12-11 00:00:00.000,53.7484375
2629,2001-12-12 00:00:00.000,54.474562500000026
2630,2001-12-13 00:00:00.000,52.5921875
2631,2001-12-14 00:00:00.000,53.79699999999999
2632,2001-12-15 00:00:00.000,52.17824999999997
2633,2001-12-16 00:00:00.000,49.41712500000002
2634,2001-12-17 00:00:00.000,45.263874999999985
2635,2001-12-18 00:00:00.000,43.5734375
2636,2001-12-19 00:00:00.000,40.24945
2637,2001-12-20 00:00:00.000,40.37733125
2638,2001-12-21 00:00:00.000,38.476687500000004
2639,2001-12-22 00:00:00.000,41.2655625
2640,2001-12-23 00:00:00.000,40.546375000000005
2641,2001-12-24 00:00:00.000,38.951906250000015
2642,2001-12-25 00:00:00.000,36.76890625
2643,2001-12-26 00:00:00.000,38.06575625
2644,2001-12-27 00:00:00.000,42.49581250000001
2645,2001-12-28 00:00:00.000,47.846937499999996
2646,2001-12-29 00:00:00.000,52.05337500000001
2647,2001-12-30 00:00:00.000,53.5171875
2648,2001-12-31 00:00:00.000,53.468624999999996
2649,2002-01-01 00:00:00.000,48.0365625
2650,2002-01-02 00:00:00.000,46.519562499999985
2651,2002-01-03 00:00:00.000,43.219625
2652,2002-01-04 00:00:00.000,39.3369375
2653,2002-01-05 00:00:00.000,40.1971875
2654,2002-01-06 00:00:00.000,43.25639375000001
2655,2002-01-07 00:00:00.000,47.51625
2656,2002-01-08 00:00:00.000,52.803452631578935
2657,2002-01-09 00:00:00.000,56.444812500000005
2658,2002-01-10 00:00:00.000,55.54987500000002
2659,2002-01-11 00:00:00.000,51.748125
2660,2002-01-12 00:00:00.000,58.870625
2661,2002-01-13 00:00:00.000,59.45337500000002
2662,2002-01-14 00:00:00.000,59.939
2663,2002-01-15 00:00:00.000,56.93275
2664,2002-01-16 00:00:00.000,54.051375
2665,2002-01-17 00:00:00.000,50.42768749999999
2666,2002-01-18 00:00:00.000,49.0448125
2667,2002-01-19 00:00:00.000,44.4660625
2668,2002-01-20 00:00:00.000,42.55362500000001
2669,2002-01-21 00:00:00.000,38.7773125
2670,2002-01-22 00:00:00.000,35.852231249999996
2671,2002-01-23 00:00:00.000,35.002156250000006
2672,2002-01-24 00:00:00.000,34.57203125
2673,2002-01-25 00:00:00.000,33.54805625000001
2674,2002-01-26 00:00:00.000,32.06343125
2675,2002-01-27 00:00:00.000,32.20356875
2676,2002-01-28 00:00:00.000,33.598006250000005
2677,2002-01-29 00:00:00.000,33.75363749999999
2678,2002-01-30 00:00:00.000,34.932087500000016
2679,2002-01-31 00:00:00.000,35.59508124999999
2680,2002-02-01 00:00:00.000,35.92854375
2681,2002-02-02 00:00:00.000,36.26732499999999
2682,2002-02-03 00:00:00.000,35.29584375
2683,2002-02-04 00:00:00.000,35.13165625
2684,2002-02-05 00:00:00.000,33.10498125000001
2685,2002-02-06 00:00:00.000,31.73366875000001
2686,2002-02-07 00:00:00.000,30.745075000000003
2687,2002-02-08 00:00:00.000,30.954356250000018
2688,2002-02-09 00:00:00.000,30.85676875000001
2689,2002-02-10 00:00:00.000,30.76658124999999
2690,2002-02-11 00:00:00.000,30.846717894736848
2691,2002-02-12 00:00:00.000,30.599387499999995
2692,2002-02-13 00:00:00.000,31.634924999999985
2693,2002-02-14 00:00:00.000,31.07784375
2694,2002-02-15 00:00:00.000,31.29891875
2695,2002-02-16 00:00:00.000,30.234475000000003
2696,2002-02-17 00:00:00.000,29.434581249999997
2697,2002-02-18 00:00:00.000,27.842887500000003
2698,2002-02-19 00:00:00.000,26.224368750000007
2699,2002-02-20 00:00:00.000,24.299300000000006
2700,2002-02-21 00:00:00.000,23.31848124999999
2701,2002-02-22 00:00:00.000,23.747912499999995
2702,2002-02-23 00:00:00.000,26.204018750000003
2703,2002-02-24 00:00:00.000,27.8382625
2704,2002-02-25 00:00:00.000,29.101349999999996
2705,2002-02-26 00:00:00.000,31.029974999999997
2706,2002-02-27 00:00:00.000,33.3175
2707,2002-02-28 00:00:00.000,35.486512195121946
2708,2002-03-01 00:00:00.000,43.931875
2709,2002-03-02 00:00:00.000,45.94375
2710,2002-03-03 00:00:00.000,46.068625000000004
2711,2002-03-04 00:00:00.000,45.66625
2712,2002-03-05 00:00:00.000,42.632250000000006
2713,2002-03-06 00:00:00.000,39.038625
2714,2002-03-07 00:00:00.000,38.56525625000001
2715,2002-03-08 00:00:00.000,43.44093125000001
2716,2002-03-09 00:00:00.000,41.341875
2717,2002-03-10 00:00:00.000,38.3481125
2718,2002-03-11 00:00:00.000,38.463968750000014
2719,2002-03-12 00:00:00.000,39.225012499999984
2720,2002-03-13 00:00:00.000,37.776231249999995
2721,2002-03-14 00:00:00.000,36.282125000000015
2722,2002-03-15 00:00:00.000,36.88129375000001
2723,2002-03-16 00:00:00.000,37.871043750000005
2724,2002-03-17 00:00:00.000,36.822093749999986
2725,2002-03-18 00:00:00.000,32.19616874999999
2726,2002-03-19 00:00:00.000,32.224753684210526
2727,2002-03-20 00:00:00.000,31.051892631578948
2728,2002-03-21 00:00:00.000,28.342557894736835
2729,2002-03-22 00:00:00.000,28.0
2730,2002-03-23 00:00:00.000,28.0
2731,2002-03-24 00:00:00.000,29.0
2732,2002-03-25 00:00:00.000,29.0
2733,2002-03-26 00:00:00.000,29.0
2734,2002-03-27 00:00:00.000,30.0
2735,2002-03-28 00:00:00.000,30.0
2736,2002-03-29 00:00:00.000,30.0
2737,2002-03-30 00:00:00.000,31.0
2738,2002-03-31 00:00:00.000,31.0
2739,2002-04-01 00:00:00.000,31.0
2740,2002-04-02 00:00:00.000,32.27232207792208
2741,2002-04-03 00:00:00.000,31.55699375
2742,2002-04-04 00:00:00.000,28.873799999999992
2743,2002-04-05 00:00:00.000,27.446756249999996
2744,2002-04-06 00:00:00.000,27.714775
2745,2002-04-07 00:00:00.000,28.318337499999984
2746,2002-04-08 00:00:00.000,28.592368749999988
2747,2002-04-09 00:00:00.000,28.464256250000005
2748,2002-04-10 00:00:00.000,28.95173124999999
2749,2002-04-11 00:00:00.000,29.976631249999986
2750,2002-04-12 00:00:00.000,29.650106249999993
2751,2002-04-13 00:00:00.000,29.259293749999994
2752,2002-04-14 00:00:00.000,31.99220625
2753,2002-04-15 00:00:00.000,34.885355319148914
2754,2002-04-16 00:00:00.000,31.74661875
2755,2002-04-17 00:00:00.000,31.47513125
2756,2002-04-18 00:00:00.000,30.46433749999998
2757,2002-04-19 00:00:00.000,28.72292705882352
2758,2002-04-20 00:00:00.000,28.835412500000007
2759,2002-04-21 00:00:00.000,28.611331249999992
2760,2002-04-22 00:00:00.000,29.81891874999999
2761,2002-04-23 00:00:00.000,30.885443750000007
2762,2002-04-24 00:00:00.000,34.79102499999999
2763,2002-04-25 00:00:00.000,34.411775
2764,2002-04-26 00:00:00.000,36.0633625
2765,2002-04-27 00:00:00.000,36.56008749999997
2766,2002-04-28 00:00:00.000,36.1998
2767,2002-04-29 00:00:00.000,35.270406250000015
2768,2002-04-30 00:00:00.000,33.75502499999999
2769,2002-05-01 00:00:00.000,32.983343749999996
2770,2002-05-02 00:00:00.000,32.0164875
2771,2002-05-03 00:00:00.000,32.52385
2772,2002-05-04 00:00:00.000,32.6658375
2773,2002-05-05 00:00:00.000,34.84559999999999
2774,2002-05-06 00:00:00.000,38.44038124999999
2775,2002-05-07 00:00:00.000,36.46157499999999
2776,2002-05-08 00:00:00.000,35.584675000000004
2777,2002-05-09 00:00:00.000,34.76258124999999
2778,2002-05-10 00:00:00.000,33.036068749999984
2779,2002-05-11 00:00:00.000,31.489700000000013
2780,2002-05-12 00:00:00.000,30.698362499999998
2781,2002-05-13 00:00:00.000,30.40375
2782,2002-05-14 00:00:00.000,29.25305
2783,2002-05-15 00:00:00.000,28.625206250000005
2784,2002-05-16 00:00:00.000,27.9437125
2785,2002-05-17 00:00:00.000,28.77251250000001
2786,2002-05-18 00:00:00.000,29.1203125
2787,2002-05-19 00:00:00.000,28.814368749999996
2788,2002-05-20 00:00:00.000,29.356981052631596
2789,2002-05-21 00:00:00.000,32.02411875000002
2790,2002-05-22 00:00:00.000,33.77814999999999
2791,2002-05-23 00:00:00.000,34.59168750000001
2792,2002-05-24 00:00:00.000,35.49795625000001
2793,2002-05-25 00:00:00.000,36.10984375
2794,2002-05-26 00:00:00.000,38.774537499999994
2795,2002-05-27 00:00:00.000,39.36422500000001
2796,2002-05-28 00:00:00.000,40.28737499999999
2797,2002-05-29 00:00:00.000,40.38450000000001
2798,2002-05-30 00:00:00.000,39.1056875
2799,2002-05-31 00:00:00.000,39.112625
2800,2002-06-01 00:00:00.000,40.65275
2801,2002-06-02 00:00:00.000,42.77099999999998
2802,2002-06-03 00:00:00.000,42.89356250000001
2803,2002-06-04 00:00:00.000,42.0980625
2804,2002-06-05 00:00:00.000,40.997312500000014
2805,2002-06-06 00:00:00.000,40.583225806451615
2806,2002-06-07 00:00:00.000,39.0525
2807,2002-06-08 00:00:00.000,38.361062499999996
2808,2002-06-09 00:00:00.000,40.3035625
2809,2002-06-10 00:00:00.000,39.18084374999999
2810,2002-06-11 00:00:00.000,38.368
2811,2002-06-12 00:00:00.000,42.33393750000001
2812,2002-06-13 00:00:00.000,43.069312499999995
2813,2002-06-14 00:00:00.000,41.31031688311687
2814,2002-06-15 00:00:00.000,38.360831250000004
2815,2002-06-16 00:00:00.000,37.44091874999999
2816,2002-06-17 00:00:00.000,39.70370000000001
2817,2002-06-18 00:00:00.000,41.63325000000001
2818,2002-06-19 00:00:00.000,42.077249999999985
2819,2002-06-20 00:00:00.000,43.41387499999999
2820,2002-06-21 00:00:00.000,43.91568750000002
2821,2002-06-22 00:00:00.000,41.65174999999999
2822,2002-06-23 00:00:00.000,40.739931250000005
2823,2002-06-24 00:00:00.000,40.772537500000006
2824,2002-06-25 00:00:00.000,39.62484375
2825,2002-06-26 00:00:00.000,42.57229999999999
2826,2002-06-27 00:00:00.000,37.39261917808219
2827,2002-06-28 00:00:00.000,35.463962499999994
2828,2002-06-29 00:00:00.000,36.220381249999996
2829,2002-06-30 00:00:00.000,33.53556874999999
2830,2002-07-01 00:00:00.000,29.30693124999999
2831,2002-07-02 00:00:00.000,32.90518125
2832,2002-07-03 00:00:00.000,34.70523125000002
2833,2002-07-04 00:00:00.000,31.763268749999995
2834,2002-07-05 00:00:00.000,36.16850857142857
2835,2002-07-06 00:00:00.000,35.85
2836,2002-07-07 00:00:00.000,35.7
2837,2002-07-08 00:00:00.000,35.55
2838,2002-07-09 00:00:00.000,35.4
2839,2002-07-10 00:00:00.000,35.25
2840,2002-07-11 00:00:00.000,35.1
2841,2002-07-12 00:00:00.000,34.95
2842,2002-07-13 00:00:00.000,34.8
2843,2002-07-14 00:00:00.000,34.65
2844,2002-07-15 00:00:00.000,34.5
2845,2002-07-16 00:00:00.000,34.35
2846,2002-07-17 00:00:00.000,34.2
2847,2002-07-18 00:00:00.000,34.05
2848,2002-07-19 00:00:00.000,33.9
2849,2002-07-20 00:00:00.000,33.75
2850,2002-07-21 00:00:00.000,33.6
2851,2002-07-22 00:00:00.000,33.45
2852,2002-07-23 00:00:00.000,33.3
2853,2002-07-24 00:00:00.000,33.15
2854,2002-07-25 00:00:00.000,33.0
2855,2002-07-26 00:00:00.000,32.85
2856,2002-07-27 00:00:00.000,32.7
2857,2002-07-28 00:00:00.000,32.55
2858,2002-07-29 00:00:00.000,32.4
2859,2002-07-30 00:00:00.000,32.25
2860,2002-07-31 00:00:00.000,32.1
2861,2002-08-01 00:00:00.000,31.95
2862,2002-08-02 00:00:00.000,31.8
2863,2002-08-03 00:00:00.000,31.65
2864,2002-08-04 00:00:00.000,31.5
2865,2002-08-05 00:00:00.000,31.35
2866,2002-08-06 00:00:00.000,31.2
2867,2002-08-07 00:00:00.000,31.05
2868,2002-08-08 00:00:00.000,30.90000000000005
2869,2002-08-09 00:00:00.000,30.75000000000005
2870,2002-08-10 00:00:00.000,30.60000000000005
2871,2002-08-11 00:00:00.000,30.450000000000053
2872,2002-08-12 00:00:00.000,30.300000000000054
2873,2002-08-13 00:00:00.000,30.150000000000055
2874,2002-08-14 00:00:00.000,30.000000000000057
2875,2002-08-15 00:00:00.000,29.85000000000006
2876,2002-08-16 00:00:00.000,29.70000000000006
2877,2002-08-17 00:00:00.000,29.55000000000006
2878,2002-08-18 00:00:00.000,29.400000000000063
2879,2002-08-19 00:00:00.000,29.250000000000064
2880,2002-08-20 00:00:00.000,29.100000000000065
2881,2002-08-21 00:00:00.000,28.950000000000067
2882,2002-08-22 00:00:00.000,28.800000000000068
2883,2002-08-23 00:00:00.000,28.65000000000007
2884,2002-08-24 00:00:00.000,28.50000000000007
2885,2002-08-25 00:00:00.000,28.350000000000072
2886,2002-08-26 00:00:00.000,28.200000000000074
2887,2002-08-27 00:00:00.000,28.050000000000075
2888,2002-08-28 00:00:00.000,27.900000000000077
2889,2002-08-29 00:00:00.000,27.750000000000078
2890,2002-08-30 00:00:00.000,27.60000000000008
2891,2002-08-31 00:00:00.000,27.45000000000008
2892,2002-09-01 00:00:00.000,27.300000000000082
2893,2002-09-02 00:00:00.000,27.150000000000084
2894,2002-09-03 00:00:00.000,27.000000000000085
2895,2002-09-04 00:00:00.000,26.850000000000087
2896,2002-09-05 00:00:00.000,26.700000000000088
2897,2002-09-06 00:00:00.000,26.55000000000009
2898,2002-09-07 00:00:00.000,26.40000000000009
2899,2002-09-08 00:00:00.000,26.250000000000092
2900,2002-09-09 00:00:00.000,26.100000000000094
2901,2002-09-10 00:00:00.000,25.950000000000095
2902,2002-09-11 00:00:00.000,25.800000000000097
2903,2002-09-12 00:00:00.000,25.650000000000098
2904,2002-09-13 00:00:00.000,25.5000000000001
2905,2002-09-14 00:00:00.000,25.3500000000001
2906,2002-09-15 00:00:00.000,25.200000000000102
2907,2002-09-16 00:00:00.000,25.050000000000104
2908,2002-09-17 00:00:00.000,24.900000000000105
2909,2002-09-18 00:00:00.000,24.750000000000107
2910,2002-09-19 00:00:00.000,24.600000000000108
2911,2002-09-20 00:00:00.000,24.45000000000011
2912,2002-09-21 00:00:00.000,24.30000000000011
2913,2002-09-22 00:00:00.000,24.150000000000112
2914,2002-09-23 00:00:00.000,23.501399999999997
2915,2002-09-24 00:00:00.000,22.991031250000002
2916,2002-09-25 00:00:00.000,22.723706250000003
2917,2002-09-26 00:00:00.000,26.844408421052634
2918,2002-09-27 00:00:00.000,23.688249999999996
2919,2002-09-28 00:00:00.000,21.00991250000001
2920,2002-09-29 00:00:00.000,20.795543750000007
2921,2002-09-30 00:00:00.000,20.000968750000006
2922,2002-10-01 00:00:00.000,20.69606249999999
2923,2002-10-02 00:00:00.000,24.13120312500001
2924,2002-10-03 00:00:00.000,24.03801562500001
2925,2002-10-04 00:00:00.000,24.879
2926,2002-10-05 00:00:00.000,26.72800531914893
2927,2002-10-06 00:00:00.000,26.87859375
2928,2002-10-07 00:00:00.000,27.019806818181817
2929,2002-10-08 00:00:00.000,26.802063829787237
2930,2002-10-09 00:00:00.000,27.2058
2931,2002-10-10 00:00:00.000,31.291418478260876
2932,2002-10-11 00:00:00.000,28.933968749999995
2933,2002-10-12 00:00:00.000,29.0
2934,2002-10-13 00:00:00.000,29.0
2935,2002-10-14 00:00:00.000,29.0
2936,2002-10-15 00:00:00.000,29.0
2937,2002-10-16 00:00:00.000,29.0
2938,2002-10-17 00:00:00.000,28.0
2939,2002-10-18 00:00:00.000,28.0
2940,2002-10-19 00:00:00.000,28.0
2941,2002-10-20 00:00:00.000,28.0
2942,2002-10-21 00:00:00.000,28.310819999999993
2943,2002-10-22 00:00:00.000,30.278296875000006
2944,2002-10-23 00:00:00.000,28.344656250000003
2945,2002-10-24 00:00:00.000,26.742750000000004
2946,2002-10-25 00:00:00.000,24.713624999999997
2947,2002-10-26 00:00:00.000,24.134812499999995
2948,2002-10-27 00:00:00.000,23.27578125
2949,2002-10-28 00:00:00.000,23.367984375000006
2950,2002-10-29 00:00:00.000,23.90840625
2951,2002-10-30 00:00:00.000,25.13493749999999
2952,2002-10-31 00:00:00.000,27.709734375000007
2953,2002-11-01 00:00:00.000,30.471692307692294
2954,2002-11-02 00:00:00.000,33.60925263157897
2955,2002-11-03 00:00:00.000,35.73938709677421
2956,2002-11-04 00:00:00.000,34.296515625
2957,2002-11-05 00:00:00.000,36.60971052631581
2958,2002-11-06 00:00:00.000,37.99317187500003
2959,2002-11-07 00:00:00.000,40.31762068965518
2960,2002-11-08 00:00:00.000,39.0
2961,2002-11-09 00:00:00.000,38.0
2962,2002-11-10 00:00:00.000,37.0
2963,2002-11-11 00:00:00.000,36.0
2964,2002-11-12 00:00:00.000,35.0
2965,2002-11-13 00:00:00.000,34.0
2966,2002-11-14 00:00:00.000,33.0
2967,2002-11-15 00:00:00.000,32.0
2968,2002-11-16 00:00:00.000,31.0
2969,2002-11-17 00:00:00.000,30.0
2970,2002-11-18 00:00:00.000,29.0
2971,2002-11-19 00:00:00.000,28.0
2972,2002-11-20 00:00:00.000,27.0
2973,2002-11-21 00:00:00.000,26.0
2974,2002-11-22 00:00:00.000,25.0
2975,2002-11-23 00:00:00.000,24.398423076923084
2976,2002-11-24 00:00:00.000,22.566046874999998
2977,2002-11-25 00:00:00.000,24.978421875000013
2978,2002-11-26 00:00:00.000,24.32578125
2979,2002-11-27 00:00:00.000,24.607640625000013
2980,2002-11-28 00:00:00.000,25.151999999999997
2981,2002-11-29 00:00:00.000,25.532010638297876
2982,2002-11-30 00:00:00.000,25.390875000000005
2983,2002-12-01 00:00:00.000,25.42565625
2984,2002-12-02 00:00:00.000,25.586765625
2985,2002-12-03 00:00:00.000,26.21840625
2986,2002-12-04 00:00:00.000,25.983796875
2987,2002-12-05 00:00:00.000,26.192156250000007
2988,2002-12-06 00:00:00.000,25.36010106382978
2989,2002-12-07 00:00:00.000,24.7931010638298
2990,2002-12-08 00:00:00.000,23.462854838709685
2991,2002-12-09 00:00:00.000,21.955406249999996
2992,2002-12-10 00:00:00.000,21.5925
2993,2002-12-11 00:00:00.000,22.12275
2994,2002-12-12 00:00:00.000,23.161265624999988
2995,2002-12-13 00:00:00.000,23.595374999999994
2996,2002-12-14 00:00:00.000,22.565718750000013
2997,2002-12-15 00:00:00.000,23.828671875
2998,2002-12-16 00:00:00.000,27.422652631578952
2999,2002-12-17 00:00:00.000,26.26729687500001
3000,2002-12-18 00:00:00.000,32.880984375000004
3001,2002-12-19 00:00:00.000,44.41574210526318
3002,2002-12-20 00:00:00.000,57.1308
3003,2002-12-21 00:00:00.000,87.21979687500003
3004,2002-12-22 00:00:00.000,100.41304687500002
3005,2002-12-23 00:00:00.000,100.76774999999996
3006,2002-12-24 00:00:00.000,94.46040000000002
3007,2002-12-25 00:00:00.000,81.87134210526315
3008,2002-12-26 00:00:00.000,79.16071875000002
3009,2002-12-27 00:00:00.000,79.91770312500002
3010,2002-12-28 00:00:00.000,84.83006250000004
3011,2002-12-29 00:00:00.000,80.34754687499996
3012,2002-12-30 00:00:00.000,73.06415625
3013,2002-12-31 00:00:00.000,73.10746875000002
3014,2003-01-01 00:00:00.000,59.547046875
3015,2003-01-02 00:00:00.000,58.51115624999999
3016,2003-01-03 00:00:00.000,59.850234375000014
3017,2003-01-04 00:00:00.000,60.15112500000003
3018,2003-01-05 00:00:00.000,61.68445312499997
3019,2003-01-06 00:00:00.000,73.01362500000003
3020,2003-01-07 00:00:00.000,81.19607812500001
3021,2003-01-08 00:00:00.000,78.989765625
3022,2003-01-09 00:00:00.000,72.21134210526318
3023,2003-01-10 00:00:00.000,65.13337499999996
3024,2003-01-11 00:00:00.000,56.07253125
3025,2003-01-12 00:00:00.000,48.730078125000006
3026,2003-01-13 00:00:00.000,45.259171875000014
3027,2003-01-14 00:00:00.000,43.96143750000002
3028,2003-01-15 00:00:00.000,42.42646875000003
3029,2003-01-16 00:00:00.000,41.47851562500001
3030,2003-01-17 00:00:00.000,42.522937500000005
3031,2003-01-18 00:00:00.000,45.142359375000005
3032,2003-01-19 00:00:00.000,51.55260937500005
3033,2003-01-20 00:00:00.000,54.89160937500001
3034,2003-01-21 00:00:00.000,55.12228124999999
3035,2003-01-22 00:00:00.000,52.703671875000005
3036,2003-01-23 00:00:00.000,49.732828125
3037,2003-01-24 00:00:00.000,46.72552105263157
3038,2003-01-25 00:00:00.000,43.428234374999995
3039,2003-01-26 00:00:00.000,40.45378125000002
3040,2003-01-27 00:00:00.000,37.40878125000002
3041,2003-01-28 00:00:00.000,35.370140625
3042,2003-01-29 00:00:00.000,34.754578124999995
3043,2003-01-30 00:00:00.000,35.01346875000002
3044,2003-01-31 00:00:00.000,34.82184375000001
3045,2003-02-01 00:00:00.000,36.421453125
3046,2003-02-02 00:00:00.000,34.7240625
3047,2003-02-03 00:00:00.000,34.11079687500001
3048,2003-02-04 00:00:00.000,33.88373437500001
3049,2003-02-05 00:00:00.000,35.82459375000001
3050,2003-02-06 00:00:00.000,32.861953125
3051,2003-02-07 00:00:00.000,31.883812500000005
3052,2003-02-08 00:00:00.000,29.81564062500001
3053,2003-02-09 00:00:00.000,26.796234375000008
3054,2003-02-10 00:00:00.000,24.617163157894744
3055,2003-02-11 00:00:00.000,23.758453125000013
3056,2003-02-12 00:00:00.000,23.449359375000004
3057,2003-02-13 00:00:00.000,23.8276875
3058,2003-02-14 00:00:00.000,24.47475000000001
3059,2003-02-15 00:00:00.000,26.5078125
3060,2003-02-16 00:00:00.000,27.70776562500001
3061,2003-02-17 00:00:00.000,28.180265625000022
3062,2003-02-18 00:00:00.000,28.45392187500001
3063,2003-02-19 00:00:00.000,29.281453125000013
3064,2003-02-20 00:00:00.000,28.836515625000004
3065,2003-02-21 00:00:00.000,28.81125
3066,2003-02-22 00:00:00.000,30.20643750000001
3067,2003-02-23 00:00:00.000,31.590140625
3068,2003-02-24 00:00:00.000,32.60667187500001
3069,2003-02-25 00:00:00.000,33.954281250000015
3070,2003-02-26 00:00:00.000,35.92762500000003
3071,2003-02-27 00:00:00.000,35.963390624999995
3072,2003-02-28 00:00:00.000,36.29315625
3073,2003-03-01 00:00:00.000,37.916062499999995
3074,2003-03-02 00:00:00.000,39.542578125
3075,2003-03-03 00:00:00.000,39.795
3076,2003-03-04 00:00:00.000,37.0
3077,2003-03-05 00:00:00.000,34.0
3078,2003-03-06 00:00:00.000,31.099056818181825
3079,2003-03-07 00:00:00.000,31.698093750000012
3080,2003-03-08 00:00:00.000,29.946234375000028
3081,2003-03-09 00:00:00.000,29.381203125000003
3082,2003-03-10 00:00:00.000,28.161890625000012
3083,2003-03-11 00:00:00.000,27.868218749999993
3084,2003-03-12 00:00:00.000,29.096062500000006
3085,2003-03-13 00:00:00.000,28.900500000000005
3086,2003-03-14 00:00:00.000,28.882453125
3087,2003-03-15 00:00:00.000,29.95727419354839
3088,2003-03-16 00:00:00.000,31.613765625000017
3089,2003-03-17 00:00:00.000,34.228846153846156
3090,2003-03-18 00:00:00.000,34.0
3091,2003-03-19 00:00:00.000,35.0
3092,2003-03-20 00:00:00.000,35.0
3093,2003-03-21 00:00:00.000,36.0
3094,2003-03-22 00:00:00.000,37.0
3095,2003-03-23 00:00:00.000,38.0
3096,2003-03-24 00:00:00.000,38.0
3097,2003-03-25 00:00:00.000,39.0
3098,2003-03-26 00:00:00.000,40.292475
3099,2003-03-27 00:00:00.000,39.90515625
3100,2003-03-28 00:00:00.000,40.14337500000003
3101,2003-03-29 00:00:00.000,42.133453124999996
3102,2003-03-30 00:00:00.000,42.721781250000014
3103,2003-03-31 00:00:00.000,41.421421875
3104,2003-04-01 00:00:00.000,42.873375
3105,2003-04-02 00:00:00.000,43.29271875000001
3106,2003-04-03 00:00:00.000,41.655046875000004
3107,2003-04-04 00:00:00.000,41.554312500000016
3108,2003-04-05 00:00:00.000,40.166671875000006
3109,2003-04-06 00:00:00.000,39.410015625
3110,2003-04-07 00:00:00.000,37.305864130434784
3111,2003-04-08 00:00:00.000,35.81737500000001
3112,2003-04-09 00:00:00.000,35.17621875000001
3113,2003-04-10 00:00:00.000,34.70765625
3114,2003-04-11 00:00:00.000,33.457828124999985
3115,2003-04-12 00:00:00.000,34.230234375
3116,2003-04-13 00:00:00.000,34.35984375
3117,2003-04-14 00:00:00.000,34.4725
3118,2003-04-15 00:00:00.000,34.0
3119,2003-04-16 00:00:00.000,34.38033333333333
3120,2003-04-17 00:00:00.000,36.43270588235293
3121,2003-04-18 00:00:00.000,37.0
3122,2003-04-19 00:00:00.000,38.0
3123,2003-04-20 00:00:00.000,38.0
3124,2003-04-21 00:00:00.000,39.41434090909091
3125,2003-04-22 00:00:00.000,34.68854210526318
3126,2003-04-23 00:00:00.000,35.142132352941175
3127,2003-04-24 00:00:00.000,33.0
3128,2003-04-25 00:00:00.000,32.0
3129,2003-04-26 00:00:00.000,30.061799999999998
3130,2003-04-27 00:00:00.000,32.275921875
3131,2003-04-28 00:00:00.000,33.05714516129033
3132,2003-04-29 00:00:00.000,30.884671875000024
3133,2003-04-30 00:00:00.000,30.452531249999996
3134,2003-05-01 00:00:00.000,31.119937500000006
3135,2003-05-02 00:00:00.000,32.325140624999996
3136,2003-05-03 00:00:00.000,31.942218750000013
3137,2003-05-04 00:00:00.000,31.601953125
3138,2003-05-05 00:00:00.000,30.72162711864406
3139,2003-05-06 00:00:00.000,31.0
3140,2003-05-07 00:00:00.000,32.0
3141,2003-05-08 00:00:00.000,31.70605434782609
3142,2003-05-09 00:00:00.000,29.1315
3143,2003-05-10 00:00:00.000,28.6340625
3144,2003-05-11 00:00:00.000,29.080968749999993
3145,2003-05-12 00:00:00.000,29.98335483870967
3146,2003-05-13 00:00:00.000,30.96309375000001
3147,2003-05-14 00:00:00.000,36.037874999999985
3148,2003-05-15 00:00:00.000,39.36181578947368
3149,2003-05-16 00:00:00.000,39.355546875
3150,2003-05-17 00:00:00.000,42.85197115384616
3151,2003-05-18 00:00:00.000,42.0
3152,2003-05-19 00:00:00.000,41.0
3153,2003-05-20 00:00:00.000,40.0
3154,2003-05-21 00:00:00.000,39.0
3155,2003-05-22 00:00:00.000,38.0
3156,2003-05-23 00:00:00.000,37.0
3157,2003-05-24 00:00:00.000,36.0
3158,2003-05-25 00:00:00.000,35.0
3159,2003-05-26 00:00:00.000,34.0
3160,2003-05-27 00:00:00.000,34.0
3161,2003-05-28 00:00:00.000,33.0
3162,2003-05-29 00:00:00.000,33.0
3163,2003-05-30 00:00:00.000,32.48211702127659
3164,2003-05-31 00:00:00.000,34.6663125
3165,2003-06-01 00:00:00.000,33.921140625000014
3166,2003-06-02 00:00:00.000,33.53472580645162
3167,2003-06-03 00:00:00.000,32.994375
3168,2003-06-04 00:00:00.000,33.684374999999996
3169,2003-06-05 00:00:00.000,34.37437499999999
3170,2003-06-06 00:00:00.000,35.06437499999999
3171,2003-06-07 00:00:00.000,35.75437499999999
3172,2003-06-08 00:00:00.000,36.44437499999999
3173,2003-06-09 00:00:00.000,37.134374999999984
3174,2003-06-10 00:00:00.000,37.82437499999998
3175,2003-06-11 00:00:00.000,38.51437499999998
3176,2003-06-12 00:00:00.000,39.20437499999998
3177,2003-06-13 00:00:00.000,39.894374999999975
3178,2003-06-14 00:00:00.000,40.58437499999997
3179,2003-06-15 00:00:00.000,41.27437499999997
3180,2003-06-16 00:00:00.000,42.05175000000001
3181,2003-06-17 00:00:00.000,41.768578125
3182,2003-06-18 00:00:00.000,43.56595161290323
3183,2003-06-19 00:00:00.000,43.02267187499999
3184,2003-06-20 00:00:00.000,46.39021875
3185,2003-06-21 00:00:00.000,48.18834374999998
3186,2003-06-22 00:00:00.000,48.0721875
3187,2003-06-23 00:00:00.000,49.03645161290323
3188,2003-06-24 00:00:00.000,47.80640625
3189,2003-06-25 00:00:00.000,45.27984375
3190,2003-06-26 00:00:00.000,43.025953125
3191,2003-06-27 00:00:00.000,41.070328124999996
3192,2003-06-28 00:00:00.000,40.421953125
3193,2003-06-29 00:00:00.000,37.576781249999996
3194,2003-06-30 00:00:00.000,37.02678125
3195,2003-07-01 00:00:00.000,36.47678125
3196,2003-07-02 00:00:00.000,35.926781250000005
3197,2003-07-03 00:00:00.000,35.37678125000001
3198,2003-07-04 00:00:00.000,34.82678125000001
3199,2003-07-05 00:00:00.000,34.27678125000001
3200,2003-07-06 00:00:00.000,33.726781250000016
3201,2003-07-07 00:00:00.000,33.17678125000002
3202,2003-07-08 00:00:00.000,32.62678125000002
3203,2003-07-09 00:00:00.000,32.076781250000025
3204,2003-07-10 00:00:00.000,31.809488372093025
3205,2003-07-11 00:00:00.000,29.70440625
3206,2003-07-12 00:00:00.000,28.344328124999986
3207,2003-07-13 00:00:00.000,28.960546875
3208,2003-07-14 00:00:00.000,27.636096774193547
3209,2003-07-15 00:00:00.000,28.189125
3210,2003-07-16 00:00:00.000,28.732171875000006
3211,2003-07-17 00:00:00.000,27.257460000000002
3212,2003-07-18 00:00:00.000,27.0
3213,2003-07-19 00:00:00.000,27.0
3214,2003-07-20 00:00:00.000,27.0
3215,2003-07-21 00:00:00.000,28.0
3216,2003-07-22 00:00:00.000,28.0
3217,2003-07-23 00:00:00.000,28.0
3218,2003-07-24 00:00:00.000,28.0
3219,2003-07-25 00:00:00.000,28.311916666666665
3220,2003-07-26 00:00:00.000,25.719984374999996
3221,2003-07-27 00:00:00.000,25.603828125
3222,2003-07-28 00:00:00.000,26.550193548387114
3223,2003-07-29 00:00:00.000,28.35
3224,2003-07-30 00:00:00.000,28.585
3225,2003-07-31 00:00:00.000,28.82
3226,2003-08-01 00:00:00.000,29.055
3227,2003-08-02 00:00:00.000,29.29
3228,2003-08-03 00:00:00.000,29.525
3229,2003-08-04 00:00:00.000,29.759999999999998
3230,2003-08-05 00:00:00.000,29.994999999999997
3231,2003-08-06 00:00:00.000,30.229999999999997
3232,2003-08-07 00:00:00.000,30.464999999999996
3233,2003-08-08 00:00:00.000,30.699999999999996
3234,2003-08-09 00:00:00.000,30.934999999999995
3235,2003-08-10 00:00:00.000,31.169999999999995
3236,2003-08-11 00:00:00.000,31.404999999999994
3237,2003-08-12 00:00:00.000,31.639999999999993
3238,2003-08-13 00:00:00.000,31.874999999999993
3239,2003-08-14 00:00:00.000,32.10999999999999
3240,2003-08-15 00:00:00.000,32.17818750000001
3241,2003-08-16 00:00:00.000,31.56389062500001
3242,2003-08-17 00:00:00.000,31.010015625000005
3243,2003-08-18 00:00:00.000,31.118370967741928
3244,2003-08-19 00:00:00.000,28.615359375000008
3245,2003-08-20 00:00:00.000,26.05171875
3246,2003-08-21 00:00:00.000,26.25687096774193
3247,2003-08-22 00:00:00.000,26.656870967741927
3248,2003-08-23 00:00:00.000,27.056870967741926
3249,2003-08-24 00:00:00.000,27.456870967741924
3250,2003-08-25 00:00:00.000,27.856870967741923
3251,2003-08-26 00:00:00.000,28.25687096774192
3252,2003-08-27 00:00:00.000,28.65687096774192
3253,2003-08-28 00:00:00.000,29.05687096774192
3254,2003-08-29 00:00:00.000,29.456870967741917
3255,2003-08-30 00:00:00.000,29.856870967741916
3256,2003-08-31 00:00:00.000,30.256870967741914
3257,2003-09-01 00:00:00.000,30.656870967741913
3258,2003-09-02 00:00:00.000,31.05687096774191
3259,2003-09-03 00:00:00.000,31.45687096774191
3260,2003-09-04 00:00:00.000,31.85687096774191
3261,2003-09-05 00:00:00.000,32.25687096774191
3262,2003-09-06 00:00:00.000,32.65687096774191
3263,2003-09-07 00:00:00.000,33.05687096774191
3264,2003-09-08 00:00:00.000,33.45687096774191
3265,2003-09-09 00:00:00.000,33.856870967741905
3266,2003-09-10 00:00:00.000,34.45271739130436
3267,2003-09-11 00:00:00.000,33.87580645161291
3268,2003-09-12 00:00:00.000,33.60876562499998
3269,2003-09-13 00:00:00.000,33.27079687500002
3270,2003-09-14 00:00:00.000,30.247453125000007
3271,2003-09-15 00:00:00.000,30.4755
3272,2003-09-16 00:00:00.000,30.0
3273,2003-09-17 00:00:00.000,30.0
3274,2003-09-18 00:00:00.000,30.0
3275,2003-09-19 00:00:00.000,30.0
3276,2003-09-20 00:00:00.000,30.0
3277,2003-09-21 00:00:00.000,30.0
3278,2003-09-22 00:00:00.000,30.0
3279,2003-09-23 00:00:00.000,30.0
3280,2003-09-24 00:00:00.000,30.0
3281,2003-09-25 00:00:00.000,30.0
3282,2003-09-26 00:00:00.000,30.0
3283,2003-09-27 00:00:00.000,30.0
3284,2003-09-28 00:00:00.000,30.0
3285,2003-09-29 00:00:00.000,30.0
3286,2003-09-30 00:00:00.000,30.0
3287,2003-10-01 00:00:00.000,25.0
3288,2003-10-02 00:00:00.000,25.0
3289,2003-10-03 00:00:00.000,25.0
3290,2003-10-04 00:00:00.000,25.0
3291,2003-10-05 00:00:00.000,25.0
3292,2003-10-06 00:00:00.000,25.47634230769231
3293,2003-10-07 00:00:00.000,25.078787500000004
3294,2003-10-08 00:00:00.000,26.58251874999999
3295,2003-10-09 00:00:00.000,26.203885000000003
3296,2003-10-10 00:00:00.000,26.525690322580655
3297,2003-10-11 00:00:00.000,25.5308090909091
3298,2003-10-12 00:00:00.000,23.460560563380284
3299,2003-10-13 00:00:00.000,21.3470253164557
3300,2003-10-14 00:00:00.000,19.541684931506847
3301,2003-10-15 00:00:00.000,19.819537662337673
3302,2003-10-16 00:00:00.000,16.373239473684205
3303,2003-10-17 00:00:00.000,17.155582857142857
3304,2003-10-18 00:00:00.000,19.408370588235297
3305,2003-10-19 00:00:00.000,20.247686956521747
3306,2003-10-20 00:00:00.000,18.533725
3307,2003-10-21 00:00:00.000,20.394907692307694
3308,2003-10-22 00:00:00.000,23.84894666666666
3309,2003-10-23 00:00:00.000,24.15521894736842
3310,2003-10-24 00:00:00.000,29.24632258064516
3311,2003-10-25 00:00:00.000,26.80667407407408
3312,2003-10-26 00:00:00.000,29.329709090909102
3313,2003-10-27 00:00:00.000,30.143407692307694
3314,2003-10-28 00:00:00.000,30.05637419354839
3315,2003-10-29 00:00:00.000,33.8716211764706
3316,2003-10-30 00:00:00.000,32.207924675324676
3317,2003-10-31 00:00:00.000,29.780512499999997
3318,2003-11-01 00:00:00.000,32.641771428571424
3319,2003-11-02 00:00:00.000,32.0
3320,2003-11-03 00:00:00.000,30.0
3321,2003-11-04 00:00:00.000,29.0
3322,2003-11-05 00:00:00.000,27.0
3323,2003-11-06 00:00:00.000,26.0
3324,2003-11-07 00:00:00.000,24.0
3325,2003-11-08 00:00:00.000,23.0
3326,2003-11-09 00:00:00.000,21.0
3327,2003-11-10 00:00:00.000,20.0
3328,2003-11-11 00:00:00.000,18.0
3329,2003-11-12 00:00:00.000,16.170299999999997
3330,2003-11-13 00:00:00.000,17.324596226415093
3331,2003-11-14 00:00:00.000,15.394646153846155
3332,2003-11-15 00:00:00.000,15.108999999999996
3333,2003-11-16 00:00:00.000,15.654400000000003
3334,2003-11-17 00:00:00.000,15.122228571428566
3335,2003-11-18 00:00:00.000,15.526142857142856
3336,2003-11-19 00:00:00.000,18.300899999999995
3337,2003-11-20 00:00:00.000,18.277226666666667
3338,2003-11-21 00:00:00.000,19.732372631578947
3339,2003-11-22 00:00:00.000,20.647156250000005
3340,2003-11-23 00:00:00.000,21.866137499999994
3341,2003-11-24 00:00:00.000,24.617307368421045
3342,2003-11-25 00:00:00.000,26.256197894736836
3343,2003-11-26 00:00:00.000,25.246706250000006
3344,2003-11-27 00:00:00.000,21.93858125
3345,2003-11-28 00:00:00.000,21.734231250000004
3346,2003-11-29 00:00:00.000,21.718318749999998
3347,2003-11-30 00:00:00.000,21.736325000000008
3348,2003-12-01 00:00:00.000,23.205455813953495
3349,2003-12-02 00:00:00.000,22.0
3350,2003-12-03 00:00:00.000,21.0
3351,2003-12-04 00:00:00.000,20.0
3352,2003-12-05 00:00:00.000,19.0
3353,2003-12-06 00:00:00.000,18.0
3354,2003-12-07 00:00:00.000,17.0
3355,2003-12-08 00:00:00.000,16.0
3356,2003-12-09 00:00:00.000,16.0
3357,2003-12-10 00:00:00.000,14.889000000000003
3358,2003-12-11 00:00:00.000,16.377666666666663
3359,2003-12-12 00:00:00.000,15.836333333333329
3360,2003-12-13 00:00:00.000,15.36266666666666
3361,2003-12-14 00:00:00.000,18.517624999999992
3362,2003-12-15 00:00:00.000,19.19429166666666
3363,2003-12-16 00:00:00.000,21.215833333333332
3364,2003-12-17 00:00:00.000,24.79370833333333
3365,2003-12-18 00:00:00.000,26.248541666666657
3366,2003-12-19 00:00:00.000,27.93175000000001
3367,2003-12-20 00:00:00.000,28.49845833333333
3368,2003-12-21 00:00:00.000,30.088624999999997
3369,2003-12-22 00:00:00.000,32.97291666666667
3370,2003-12-23 00:00:00.000,33.911791666666666
3371,2003-12-24 00:00:00.000,32.93908333333332
3372,2003-12-25 00:00:00.000,32.31316666666666
3373,2003-12-26 00:00:00.000,32.634583333333346
3374,2003-12-27 00:00:00.000,29.38658333333333
3375,2003-12-28 00:00:00.000,26.764499999999998
3376,2003-12-29 00:00:00.000,29.262709677419355
3377,2003-12-30 00:00:00.000,38.93604166666666
3378,2003-12-31 00:00:00.000,42.99604166666666
3379,2004-01-01 00:00:00.000,42.074083333333334
3380,2004-01-02 00:00:00.000,41.262083333333344
3381,2004-01-03 00:00:00.000,39.57041666666669
3382,2004-01-04 00:00:00.000,45.339
3383,2004-01-05 00:00:00.000,54.21179166666669
3384,2004-01-06 00:00:00.000,56.715458333333366
3385,2004-01-07 00:00:00.000,59.81120833333332
3386,2004-01-08 00:00:00.000,63.186083333333336
3387,2004-01-09 00:00:00.000,62.43329166666667
3388,2004-01-10 00:00:00.000,56.91
3389,2004-01-11 00:00:00.000,52.266375000000004
3390,2004-01-12 00:00:00.000,44.704624999999986
3391,2004-01-13 00:00:00.000,38.724583333333335
3392,2004-01-14 00:00:00.000,36.00741052631579
3393,2004-01-15 00:00:00.000,36.14479166666667
3394,2004-01-16 00:00:00.000,37.85337500000001
3395,2004-01-17 00:00:00.000,38.04791666666667
3396,2004-01-18 00:00:00.000,38.411624999999994
3397,2004-01-19 00:00:00.000,38.07329166666666
3398,2004-01-20 00:00:00.000,38.38625
3399,2004-01-21 00:00:00.000,38.54695833333333
3400,2004-01-22 00:00:00.000,37.99716666666667
3401,2004-01-23 00:00:00.000,38.65691666666667
3402,2004-01-24 00:00:00.000,39.291291666666666
3403,2004-01-25 00:00:00.000,37.83645833333333
3404,2004-01-26 00:00:00.000,35.070583333333346
3405,2004-01-27 00:00:00.000,35.90795833333333
3406,2004-01-28 00:00:00.000,32.37237499999997
3407,2004-01-29 00:00:00.000,27.737208333333317
3408,2004-01-30 00:00:00.000,25.428083333333323
3409,2004-01-31 00:00:00.000,24.52304166666666
3410,2004-02-01 00:00:00.000,24.692208333333337
3411,2004-02-02 00:00:00.000,24.903666666666652
3412,2004-02-03 00:00:00.000,22.941333333333333
3413,2004-02-04 00:00:00.000,21.553446808510643
3414,2004-02-05 00:00:00.000,21.86151578947367
3415,2004-02-06 00:00:00.000,23.203541666666663
3416,2004-02-07 00:00:00.000,24.455375000000004
3417,2004-02-08 00:00:00.000,25.876374999999996
3418,2004-02-09 00:00:00.000,30.384666666666647
3419,2004-02-10 00:00:00.000,34.06404166666665
3420,2004-02-11 00:00:00.000,35.984083333333345
3421,2004-02-12 00:00:00.000,36.922958333333305
3422,2004-02-13 00:00:00.000,34.62229166666665
3423,2004-02-14 00:00:00.000,31.23895833333333
3424,2004-02-15 00:00:00.000,29.724916666666672
3425,2004-02-16 00:00:00.000,28.23625
3426,2004-02-17 00:00:00.000,26.947200000000002
3427,2004-02-18 00:00:00.000,27.33120833333334
3428,2004-02-19 00:00:00.000,27.348125
3429,2004-02-20 00:00:00.000,26.578416666666666
3430,2004-02-21 00:00:00.000,30.367750000000015
3431,2004-02-22 00:00:00.000,45.57583333333335
3432,2004-02-23 00:00:00.000,68.91237500000003
3433,2004-02-24 00:00:00.000,75.11233333333337
3434,2004-02-25 00:00:00.000,76.04275000000001
3435,2004-02-26 00:00:00.000,71.67824999999996
3436,2004-02-27 00:00:00.000,72.00974468085109
3437,2004-02-28 00:00:00.000,72.06733333333332
3438,2004-02-29 00:00:00.000,65.98579166666669
3439,2004-03-01 00:00:00.000,65.82508333333335
3440,2004-03-02 00:00:00.000,66.39179166666663
3441,2004-03-03 00:00:00.000,69.22533333333337
3442,2004-03-04 00:00:00.000,71.13691666666666
3443,2004-03-05 00:00:00.000,64.06575000000001
3444,2004-03-06 00:00:00.000,54.99841666666668
3445,2004-03-07 00:00:00.000,53.77195833333335
3446,2004-03-08 00:00:00.000,53.47591666666668
3447,2004-03-09 00:00:00.000,48.24866666666668
3448,2004-03-10 00:00:00.000,44.28170833333332
3449,2004-03-11 00:00:00.000,41.908300000000004
3450,2004-03-12 00:00:00.000,38.43277083333333
3451,2004-03-13 00:00:00.000,34.25604583333333
3452,2004-03-14 00:00:00.000,31.067217391304347
3453,2004-03-15 00:00:00.000,27.614076595744688
3454,2004-03-16 00:00:00.000,27.916524999999996
3455,2004-03-17 00:00:00.000,29.456707368421043
3456,2004-03-18 00:00:00.000,31.677945833333336
3457,2004-03-19 00:00:00.000,32.43750416666668
3458,2004-03-20 00:00:00.000,33.19875416666667
3459,2004-03-21 00:00:00.000,42.52464255319149
3460,2004-03-22 00:00:00.000,53.088525
3461,2004-03-23 00:00:00.000,48.43305833333333
3462,2004-03-24 00:00:00.000,42.2102625
3463,2004-03-25 00:00:00.000,36.24629166666666
3464,2004-03-26 00:00:00.000,32.80375
3465,2004-03-27 00:00:00.000,26.49045000000001
3466,2004-03-28 00:00:00.000,22.324720833333334
3467,2004-03-29 00:00:00.000,21.699650000000002
3468,2004-03-30 00:00:00.000,22.412093617021284
3469,2004-03-31 00:00:00.000,22.440600000000007
3470,2004-04-01 00:00:00.000,25.843481481481483
3471,2004-04-02 00:00:00.000,33.92408444444444
3472,2004-04-03 00:00:00.000,36.280688888888896
3473,2004-04-04 00:00:00.000,41.10306666666666
3474,2004-04-05 00:00:00.000,42.92444044943819
3475,2004-04-06 00:00:00.000,42.150134782608696
3476,2004-04-07 00:00:00.000,43.22148444444445
3477,2004-04-08 00:00:00.000,42.71753181818181
3478,2004-04-09 00:00:00.000,38.08207741935484
3479,2004-04-10 00:00:00.000,35.49124444444445
3480,2004-04-11 00:00:00.000,33.847434782608694
3481,2004-04-12 00:00:00.000,33.104559090909085
3482,2004-04-13 00:00:00.000,33.558821739130444
3483,2004-04-14 00:00:00.000,32.918855319148946
3484,2004-04-15 00:00:00.000,32.35140240963855
3485,2004-04-16 00:00:00.000,33.97595121951218
3486,2004-04-17 00:00:00.000,35.78192916666668
3487,2004-04-18 00:00:00.000,35.71574545454545
3488,2004-04-19 00:00:00.000,35.30897528089888
3489,2004-04-20 00:00:00.000,41.24670454545454
3490,2004-04-21 00:00:00.000,40.5577797752809
3491,2004-04-22 00:00:00.000,38.34226666666666
3492,2004-04-23 00:00:00.000,35.07550454545455
3493,2004-04-24 00:00:00.000,32.50940000000001
3494,2004-04-25 00:00:00.000,30.982066666666647
3495,2004-04-26 00:00:00.000,28.384545454545446
3496,2004-04-27 00:00:00.000,25.68679555555556
3497,2004-04-28 00:00:00.000,25.942240860215055
3498,2004-04-29 00:00:00.000,25.97625531914894
3499,2004-04-30 00:00:00.000,28.86831818181819
3500,2004-05-01 00:00:00.000,32.86728148148149
3501,2004-05-02 00:00:00.000,31.10989411764706
3502,2004-05-03 00:00:00.000,36.68866249999999
3503,2004-05-04 00:00:00.000,40.35704166666667
3504,2004-05-05 00:00:00.000,43.314074999999995
3505,2004-05-06 00:00:00.000,42.40480416666667
3506,2004-05-07 00:00:00.000,40.73897634408603
3507,2004-05-08 00:00:00.000,41.79664999999999
3508,2004-05-09 00:00:00.000,41.593650000000004
3509,2004-05-10 00:00:00.000,44.35594754098359
3510,2004-05-11 00:00:00.000,45.38814736842107
3511,2004-05-12 00:00:00.000,44.33607027027026
3512,2004-05-13 00:00:00.000,51.84135903614459
3513,2004-05-14 00:00:00.000,55.87139534883724
3514,2004-05-15 00:00:00.000,60.80236129032257
3515,2004-05-16 00:00:00.000,58.9831375
3516,2004-05-17 00:00:00.000,62.91457083333336
3517,2004-05-18 00:00:00.000,58.93087640449436
3518,2004-05-19 00:00:00.000,54.02651739130437
3519,2004-05-20 00:00:00.000,52.28246382978724
3520,2004-05-21 00:00:00.000,50.29837826086955
3521,2004-05-22 00:00:00.000,48.508391489361685
3522,2004-05-23 00:00:00.000,46.753821739130444
3523,2004-05-24 00:00:00.000,43.08957752808988
3524,2004-05-25 00:00:00.000,42.78493333333335
3525,2004-05-26 00:00:00.000,47.84935730337079
3526,2004-05-27 00:00:00.000,48.59201797752807
3527,2004-05-28 00:00:00.000,52.101799999999976
3528,2004-05-29 00:00:00.000,53.31265116279071
3529,2004-05-30 00:00:00.000,53.00788888888892
3530,2004-05-31 00:00:00.000,53.31554666666666
3531,2004-06-01 00:00:00.000,51.47975000000002
3532,2004-06-02 00:00:00.000,47.42674222222221
3533,2004-06-03 00:00:00.000,48.20518723404254
3534,2004-06-04 00:00:00.000,50.43826666666668
3535,2004-06-05 00:00:00.000,50.775944680851076
3536,2004-06-06 00:00:00.000,46.106944680851065
3537,2004-06-07 00:00:00.000,46.33967058823529
3538,2004-06-08 00:00:00.000,40.68641276595745
3539,2004-06-09 00:00:00.000,38.94044
3540,2004-06-10 00:00:00.000,42.07662083333333
3541,2004-06-11 00:00:00.000,40.527448888888884
3542,2004-06-12 00:00:00.000,37.368768888888894
3543,2004-06-13 00:00:00.000,35.62589130434782
3544,2004-06-14 00:00:00.000,31.27558736842104
3545,2004-06-15 00:00:00.000,26.21369333333333
3546,2004-06-16 00:00:00.000,26.91895652173913
3547,2004-06-17 00:00:00.000,32.15447741935484
3548,2004-06-18 00:00:00.000,29.294939130434788
3549,2004-06-19 00:00:00.000,27.635326595744676
3550,2004-06-20 00:00:00.000,26.68545957446809
3551,2004-06-21 00:00:00.000,23.24482553191489
3552,2004-06-22 00:00:00.000,21.814068181818183
3553,2004-06-23 00:00:00.000,20.022498924731188
3554,2004-06-24 00:00:00.000,22.91764999999999
3555,2004-06-25 00:00:00.000,26.32382083333333
3556,2004-06-26 00:00:00.000,30.876095833333334
3557,2004-06-27 00:00:00.000,27.513908333333333
3558,2004-06-28 00:00:00.000,28.499604301075276
3559,2004-06-29 00:00:00.000,31.51385416666665
3560,2004-06-30 00:00:00.000,32.92385833333332
3561,2004-07-01 00:00:00.000,28.773354166666653
3562,2004-07-02 00:00:00.000,26.91336666666666
3563,2004-07-03 00:00:00.000,27.775270833333348
3564,2004-07-04 00:00:00.000,28.70737916666667
3565,2004-07-05 00:00:00.000,31.459720833333336
3566,2004-07-06 00:00:00.000,35.31080000000001
3567,2004-07-07 00:00:00.000,34.60199166666667
3568,2004-07-08 00:00:00.000,38.12404166666667
3569,2004-07-09 00:00:00.000,39.55096249999999
3570,2004-07-10 00:00:00.000,33.4051375
3571,2004-07-11 00:00:00.000,26.86515416666668
3572,2004-07-12 00:00:00.000,27.12397916666667
3573,2004-07-13 00:00:00.000,24.76527741935485
3574,2004-07-14 00:00:00.000,23.8844375
3575,2004-07-15 00:00:00.000,22.560708333333324
3576,2004-07-16 00:00:00.000,21.807070833333338
3577,2004-07-17 00:00:00.000,21.821449999999995
3578,2004-07-18 00:00:00.000,21.73940416666667
3579,2004-07-19 00:00:00.000,21.543470967741936
3580,2004-07-20 00:00:00.000,20.499412499999995
3581,2004-07-21 00:00:00.000,20.737091666666675
3582,2004-07-22 00:00:00.000,22.608920833333325
3583,2004-07-23 00:00:00.000,26.51159583333334
3584,2004-07-24 00:00:00.000,27.776116666666663
3585,2004-07-25 00:00:00.000,24.928195833333323
3586,2004-07-26 00:00:00.000,23.106270833333337
3587,2004-07-27 00:00:00.000,26.213780645161286
3588,2004-07-28 00:00:00.000,24.847966315789478
3589,2004-07-29 00:00:00.000,23.99016666666667
3590,2004-07-30 00:00:00.000,23.48913913043478
3591,2004-07-31 00:00:00.000,23.92080833333333
3592,2004-08-01 00:00:00.000,25.259762500000008
3593,2004-08-02 00:00:00.000,28.511145833333316
3594,2004-08-03 00:00:00.000,27.716908333333333
3595,2004-08-04 00:00:00.000,28.024791666666662
3596,2004-08-05 00:00:00.000,28.182962500000006
3597,2004-08-06 00:00:00.000,28.60249583333334
3598,2004-08-07 00:00:00.000,24.60677916666667
3599,2004-08-08 00:00:00.000,20.368308333333335
3600,2004-08-09 00:00:00.000,22.434924731182793
3601,2004-08-10 00:00:00.000,19.429433333333325
3602,2004-08-11 00:00:00.000,16.9469125
3603,2004-08-12 00:00:00.000,20.15084731182796
3604,2004-08-13 00:00:00.000,20.914716666666667
3605,2004-08-14 00:00:00.000,21.740250000000003
3606,2004-08-15 00:00:00.000,21.228520833333327
3607,2004-08-16 00:00:00.000,20.736245833333324
3608,2004-08-17 00:00:00.000,20.57892083333333
3609,2004-08-18 00:00:00.000,20.815754166666668
3610,2004-08-19 00:00:00.000,22.521310843373488
3611,2004-08-20 00:00:00.000,25.306283333333337
3612,2004-08-21 00:00:00.000,27.745666666666665
3613,2004-08-22 00:00:00.000,26.207095833333337
3614,2004-08-23 00:00:00.000,19.93777916666667
3615,2004-08-24 00:00:00.000,18.629274999999996
3616,2004-08-25 00:00:00.000,17.64237849462365
3617,2004-08-26 00:00:00.000,16.7540625
3618,2004-08-27 00:00:00.000,17.011195833333336
3619,2004-08-28 00:00:00.000,18.146304166666667
3620,2004-08-29 00:00:00.000,19.502175000000005
3621,2004-08-30 00:00:00.000,24.58969333333334
3622,2004-08-31 00:00:00.000,25.812937499999993
3623,2004-09-01 00:00:00.000,26.232470833333327
3624,2004-09-02 00:00:00.000,24.728579166666663
3625,2004-09-03 00:00:00.000,24.012158333333332
3626,2004-09-04 00:00:00.000,21.45266666666667
3627,2004-09-05 00:00:00.000,16.000424999999993
3628,2004-09-06 00:00:00.000,13.918915624999997
3629,2004-09-07 00:00:00.000,12.492922916666672
3630,2004-09-08 00:00:00.000,11.869711458333342
3631,2004-09-09 00:00:00.000,11.553373958333333
3632,2004-09-10 00:00:00.000,10.98721052631579
3633,2004-09-11 00:00:00.000,11.216223958333336
3634,2004-09-12 00:00:00.000,12.153489583333338
3635,2004-09-13 00:00:00.000,13.206851612903229
3636,2004-09-14 00:00:00.000,13.272697916666665
3637,2004-09-15 00:00:00.000,14.34496041666666
3638,2004-09-16 00:00:00.000,14.671469473684214
3639,2004-09-17 00:00:00.000,16.245716666666667
3640,2004-09-18 00:00:00.000,17.512775
3641,2004-09-19 00:00:00.000,15.960670833333339
3642,2004-09-20 00:00:00.000,12.674778125000001
3643,2004-09-21 00:00:00.000,12.769257291666671
3644,2004-09-22 00:00:00.000,11.907078947368417
3645,2004-09-23 00:00:00.000,12.35996595744681
3646,2004-09-24 00:00:00.000,12.798618085106376
3647,2004-09-25 00:00:00.000,13.72953125
3648,2004-09-26 00:00:00.000,15.10384166666667
3649,2004-09-27 00:00:00.000,17.504316666666668
3650,2004-09-28 00:00:00.000,21.377578494623656
3651,2004-09-29 00:00:00.000,20.683804166666658
3652,2004-09-30 00:00:00.000,19.67303333333333
3653,2004-10-01 00:00:00.000,22.3
3654,2004-10-02 00:00:00.000,22.4
3655,2004-10-03 00:00:00.000,22.4
3656,2004-10-04 00:00:00.000,22.2
3657,2004-10-05 00:00:00.000,19.4
3658,2004-10-06 00:00:00.000,16.9
3659,2004-10-07 00:00:00.000,17.0
3660,2004-10-08 00:00:00.000,17.5
3661,2004-10-09 00:00:00.000,17.3
3662,2004-10-10 00:00:00.000,18.1
3663,2004-10-11 00:00:00.000,21.0
3664,2004-10-12 00:00:00.000,21.1
3665,2004-10-13 00:00:00.000,21.2
3666,2004-10-14 00:00:00.000,20.9
3667,2004-10-15 00:00:00.000,20.8
3668,2004-10-16 00:00:00.000,27.5
3669,2004-10-17 00:00:00.000,22.4
3670,2004-10-18 00:00:00.000,20.3
3671,2004-10-19 00:00:00.000,20.6
3672,2004-10-20 00:00:00.000,18.4
3673,2004-10-21 00:00:00.000,18.6
3674,2004-10-22 00:00:00.000,18.9
3675,2004-10-23 00:00:00.000,18.8
3676,2004-10-24 00:00:00.000,19.7
3677,2004-10-25 00:00:00.000,21.2
3678,2004-10-26 00:00:00.000,22.0
3679,2004-10-27 00:00:00.000,21.8
3680,2004-10-28 00:00:00.000,21.9
3681,2004-10-29 00:00:00.000,21.2
3682,2004-10-30 00:00:00.000,21.5
3683,2004-10-31 00:00:00.000,19.5
3684,2004-11-01 00:00:00.000,19.0
3685,2004-11-02 00:00:00.000,18.0
3686,2004-11-03 00:00:00.000,17.7
3687,2004-11-04 00:00:00.000,18.1
3688,2004-11-05 00:00:00.000,17.2
3689,2004-11-06 00:00:00.000,17.3
3690,2004-11-07 00:00:00.000,17.4
3691,2004-11-08 00:00:00.000,17.7
3692,2004-11-09 00:00:00.000,17.6
3693,2004-11-10 00:00:00.000,17.7
3694,2004-11-11 00:00:00.000,18.4
3695,2004-11-12 00:00:00.000,20.0
3696,2004-11-13 00:00:00.000,20.4
3697,2004-11-14 00:00:00.000,20.4
3698,2004-11-15 00:00:00.000,19.9
3699,2004-11-16 00:00:00.000,19.2
3700,2004-11-17 00:00:00.000,18.9
3701,2004-11-18 00:00:00.000,18.9
3702,2004-11-19 00:00:00.000,19.4
3703,2004-11-20 00:00:00.000,20.2
3704,2004-11-21 00:00:00.000,25.5
3705,2004-11-22 00:00:00.000,25.0
3706,2004-11-23 00:00:00.000,23.5
3707,2004-11-24 00:00:00.000,21.7
3708,2004-11-25 00:00:00.000,21.7
3709,2004-11-26 00:00:00.000,21.1
3710,2004-11-27 00:00:00.000,22.2
3711,2004-11-28 00:00:00.000,21.2
3712,2004-11-29 00:00:00.000,20.4
3713,2004-11-30 00:00:00.000,19.6
3714,2004-12-01 00:00:00.000,18.7
3715,2004-12-02 00:00:00.000,17.8
3716,2004-12-03 00:00:00.000,17.2
3717,2004-12-04 00:00:00.000,17.3
3718,2004-12-05 00:00:00.000,17.0
3719,2004-12-06 00:00:00.000,17.1
3720,2004-12-07 00:00:00.000,17.4
3721,2004-12-08 00:00:00.000,17.9
3722,2004-12-09 00:00:00.000,18.9
3723,2004-12-10 00:00:00.000,19.7
3724,2004-12-11 00:00:00.000,21.4
3725,2004-12-12 00:00:00.000,22.5
3726,2004-12-13 00:00:00.000,22.6
3727,2004-12-14 00:00:00.000,22.5
3728,2004-12-15 00:00:00.000,24.1
3729,2004-12-16 00:00:00.000,23.5
3730,2004-12-17 00:00:00.000,24.2
3731,2004-12-18 00:00:00.000,25.3
3732,2004-12-19 00:00:00.000,27.5
3733,2004-12-20 00:00:00.000,27.5
3734,2004-12-21 00:00:00.000,26.0
3735,2004-12-22 00:00:00.000,24.2
3736,2004-12-23 00:00:00.000,23.3
3737,2004-12-24 00:00:00.000,21.9
3738,2004-12-25 00:00:00.000,22.4
3739,2004-12-26 00:00:00.000,22.6
3740,2004-12-27 00:00:00.000,22.9
3741,2004-12-28 00:00:00.000,21.2
3742,2004-12-29 00:00:00.000,21.1
3743,2004-12-30 00:00:00.000,20.7
3744,2004-12-31 00:00:00.000,20.9
3745,2005-01-01 00:00:00.000,24.9
3746,2005-01-02 00:00:00.000,59.5
3747,2005-01-03 00:00:00.000,72.3
3748,2005-01-04 00:00:00.000,68.9
3749,2005-01-05 00:00:00.000,60.8
3750,2005-01-06 00:00:00.000,56.4
3751,2005-01-07 00:00:00.000,56.8
3752,2005-01-08 00:00:00.000,55.1
3753,2005-01-09 00:00:00.000,54.2
3754,2005-01-10 00:00:00.000,53.0
3755,2005-01-11 00:00:00.000,52.2
3756,2005-01-12 00:00:00.000,45.6
3757,2005-01-13 00:00:00.000,40.8
3758,2005-01-14 00:00:00.000,40.2
3759,2005-01-15 00:00:00.000,39.8
3760,2005-01-16 00:00:00.000,39.6
3761,2005-01-17 00:00:00.000,39.8
3762,2005-01-18 00:00:00.000,40.7
3763,2005-01-19 00:00:00.000,43.5
3764,2005-01-20 00:00:00.000,44.2
3765,2005-01-21 00:00:00.000,42.1
3766,2005-01-22 00:00:00.000,40.5
3767,2005-01-23 00:00:00.000,39.7
3768,2005-01-24 00:00:00.000,38.5
3769,2005-01-25 00:00:00.000,37.2
3770,2005-01-26 00:00:00.000,36.1
3771,2005-01-27 00:00:00.000,35.5
3772,2005-01-28 00:00:00.000,35.9
3773,2005-01-29 00:00:00.000,34.6
3774,2005-01-30 00:00:00.000,31.8
3775,2005-01-31 00:00:00.000,29.4
3776,2005-02-01 00:00:00.000,27.7
3777,2005-02-02 00:00:00.000,26.8
3778,2005-02-03 00:00:00.000,27.3
3779,2005-02-04 00:00:00.000,29.2
3780,2005-02-05 00:00:00.000,32.8
3781,2005-02-06 00:00:00.000,35.9
3782,2005-02-07 00:00:00.000,38.3
3783,2005-02-08 00:00:00.000,39.7
3784,2005-02-09 00:00:00.000,40.2
3785,2005-02-10 00:00:00.000,40.3
3786,2005-02-11 00:00:00.000,39.9
3787,2005-02-12 00:00:00.000,37.3
3788,2005-02-13 00:00:00.000,35.1
3789,2005-02-14 00:00:00.000,32.5
3790,2005-02-15 00:00:00.000,29.8
3791,2005-02-16 00:00:00.000,26.8
3792,2005-02-17 00:00:00.000,24.7
3793,2005-02-18 00:00:00.000,23.8
3794,2005-02-19 00:00:00.000,22.6
3795,2005-02-20 00:00:00.000,22.5
3796,2005-02-21 00:00:00.000,22.6
3797,2005-02-22 00:00:00.000,22.8
3798,2005-02-23 00:00:00.000,22.8
3799,2005-02-24 00:00:00.000,23.0
3800,2005-02-25 00:00:00.000,23.0
3801,2005-02-26 00:00:00.000,22.8
3802,2005-02-27 00:00:00.000,23.0
3803,2005-02-28 00:00:00.000,23.0
3804,2005-03-01 00:00:00.000,22.6
3805,2005-03-02 00:00:00.000,21.5
3806,2005-03-03 00:00:00.000,19.9
3807,2005-03-04 00:00:00.000,19.5
3808,2005-03-05 00:00:00.000,19.7
3809,2005-03-06 00:00:00.000,20.1
3810,2005-03-07 00:00:00.000,22.0
3811,2005-03-08 00:00:00.000,24.1
3812,2005-03-09 00:00:00.000,26.0
3813,2005-03-10 00:00:00.000,27.0
3814,2005-03-11 00:00:00.000,27.7
3815,2005-03-12 00:00:00.000,28.5
3816,2005-03-13 00:00:00.000,29.7
3817,2005-03-14 00:00:00.000,30.0
3818,2005-03-15 00:00:00.000,29.9
3819,2005-03-16 00:00:00.000,24.4
3820,2005-03-17 00:00:00.000,21.0
3821,2005-03-18 00:00:00.000,20.1
3822,2005-03-19 00:00:00.000,20.8
3823,2005-03-20 00:00:00.000,19.7
3824,2005-03-21 00:00:00.000,20.9
3825,2005-03-22 00:00:00.000,24.9
3826,2005-03-23 00:00:00.000,24.7
3827,2005-03-24 00:00:00.000,22.5
3828,2005-03-25 00:00:00.000,20.6
3829,2005-03-26 00:00:00.000,20.8
3830,2005-03-27 00:00:00.000,30.2
3831,2005-03-28 00:00:00.000,43.4
3832,2005-03-29 00:00:00.000,49.2
3833,2005-03-30 00:00:00.000,37.9
3834,2005-03-31 00:00:00.000,32.2
3835,2005-04-01 00:00:00.000,29.2
3836,2005-04-02 00:00:00.000,27.4
3837,2005-04-03 00:00:00.000,26.9
3838,2005-04-04 00:00:00.000,26.2
3839,2005-04-05 00:00:00.000,25.4
3840,2005-04-06 00:00:00.000,26.4
3841,2005-04-07 00:00:00.000,29.0
3842,2005-04-08 00:00:00.000,31.4
3843,2005-04-09 00:00:00.000,29.8
3844,2005-04-10 00:00:00.000,27.7
3845,2005-04-11 00:00:00.000,27.6
3846,2005-04-12 00:00:00.000,25.6
3847,2005-04-13 00:00:00.000,23.7
3848,2005-04-14 00:00:00.000,21.2
3849,2005-04-15 00:00:00.000,19.6
3850,2005-04-16 00:00:00.000,19.2
3851,2005-04-17 00:00:00.000,20.2
3852,2005-04-18 00:00:00.000,20.4
3853,2005-04-19 00:00:00.000,20.1
3854,2005-04-20 00:00:00.000,21.1
3855,2005-04-21 00:00:00.000,22.1
3856,2005-04-22 00:00:00.000,23.0
3857,2005-04-23 00:00:00.000,23.5
3858,2005-04-24 00:00:00.000,24.3
3859,2005-04-25 00:00:00.000,24.8
3860,2005-04-26 00:00:00.000,24.7
3861,2005-04-27 00:00:00.000,25.1
3862,2005-04-28 00:00:00.000,23.7
3863,2005-04-29 00:00:00.000,23.5
3864,2005-04-30 00:00:00.000,23.6
3865,2005-05-01 00:00:00.000,23.7
3866,2005-05-02 00:00:00.000,24.5
3867,2005-05-03 00:00:00.000,26.0
3868,2005-05-04 00:00:00.000,28.0
3869,2005-05-05 00:00:00.000,29.5
3870,2005-05-06 00:00:00.000,30.8
3871,2005-05-07 00:00:00.000,30.7
3872,2005-05-08 00:00:00.000,31.7
3873,2005-05-09 00:00:00.000,32.8
3874,2005-05-10 00:00:00.000,28.5
3875,2005-05-11 00:00:00.000,24.5
3876,2005-05-12 00:00:00.000,21.7
3877,2005-05-13 00:00:00.000,20.2
3878,2005-05-14 00:00:00.000,21.4
3879,2005-05-15 00:00:00.000,24.6
3880,2005-05-16 00:00:00.000,28.4
3881,2005-05-17 00:00:00.000,29.4
3882,2005-05-18 00:00:00.000,28.9
3883,2005-05-19 00:00:00.000,27.9
3884,2005-05-20 00:00:00.000,29.2
3885,2005-05-21 00:00:00.000,29.5
3886,2005-05-22 00:00:00.000,33.5
3887,2005-05-23 00:00:00.000,38.8
3888,2005-05-24 00:00:00.000,38.5
3889,2005-05-25 00:00:00.000,35.5
3890,2005-05-26 00:00:00.000,34.6
3891,2005-05-27 00:00:00.000,34.7
3892,2005-05-28 00:00:00.000,34.3
3893,2005-05-29 00:00:00.000,30.3
3894,2005-05-30 00:00:00.000,28.1
3895,2005-05-31 00:00:00.000,27.2
3896,2005-06-01 00:00:00.000,27.7
3897,2005-06-02 00:00:00.000,27.3
3898,2005-06-03 00:00:00.000,27.9
3899,2005-06-04 00:00:00.000,28.1
3900,2005-06-05 00:00:00.000,29.2
3901,2005-06-06 00:00:00.000,29.5
3902,2005-06-07 00:00:00.000,28.4
3903,2005-06-08 00:00:00.000,28.2
3904,2005-06-09 00:00:00.000,26.6
3905,2005-06-10 00:00:00.000,26.0
3906,2005-06-11 00:00:00.000,25.2
3907,2005-06-12 00:00:00.000,23.8
3908,2005-06-13 00:00:00.000,23.5
3909,2005-06-14 00:00:00.000,22.9
3910,2005-06-15 00:00:00.000,23.4
3911,2005-06-16 00:00:00.000,25.1
3912,2005-06-17 00:00:00.000,24.0
3913,2005-06-18 00:00:00.000,24.5
3914,2005-06-19 00:00:00.000,24.8
3915,2005-06-20 00:00:00.000,25.7
3916,2005-06-21 00:00:00.000,27.5
3917,2005-06-22 00:00:00.000,28.2
3918,2005-06-23 00:00:00.000,28.9
3919,2005-06-24 00:00:00.000,30.3
3920,2005-06-25 00:00:00.000,31.6
3921,2005-06-26 00:00:00.000,30.8
3922,2005-06-27 00:00:00.000,32.3
3923,2005-06-28 00:00:00.000,32.3
3924,2005-06-29 00:00:00.000,31.8
3925,2005-06-30 00:00:00.000,31.6
3926,2005-07-01 00:00:00.000,32.4
3927,2005-07-02 00:00:00.000,33.0
3928,2005-07-03 00:00:00.000,30.2
3929,2005-07-04 00:00:00.000,28.5
3930,2005-07-05 00:00:00.000,28.1
3931,2005-07-06 00:00:00.000,26.9
3932,2005-07-07 00:00:00.000,27.3
3933,2005-07-08 00:00:00.000,27.2
3934,2005-07-09 00:00:00.000,28.8
3935,2005-07-10 00:00:00.000,29.0
3936,2005-07-11 00:00:00.000,29.4
3937,2005-07-12 00:00:00.000,29.6
3938,2005-07-13 00:00:00.000,31.4
3939,2005-07-14 00:00:00.000,30.7
3940,2005-07-15 00:00:00.000,29.2
3941,2005-07-16 00:00:00.000,26.1
3942,2005-07-17 00:00:00.000,25.6
3943,2005-07-18 00:00:00.000,26.9
3944,2005-07-19 00:00:00.000,26.4
3945,2005-07-20 00:00:00.000,25.8
3946,2005-07-21 00:00:00.000,26.9
3947,2005-07-22 00:00:00.000,26.9
3948,2005-07-23 00:00:00.000,26.7
3949,2005-07-24 00:00:00.000,28.6
3950,2005-07-25 00:00:00.000,29.8
3951,2005-07-26 00:00:00.000,30.6
3952,2005-07-27 00:00:00.000,36.3
3953,2005-07-28 00:00:00.000,34.6
3954,2005-07-29 00:00:00.000,32.6
3955,2005-07-30 00:00:00.000,31.4
3956,2005-07-31 00:00:00.000,28.3
3957,2005-08-01 00:00:00.000,26.9
3958,2005-08-02 00:00:00.000,25.6
3959,2005-08-03 00:00:00.000,25.3
3960,2005-08-04 00:00:00.000,24.9
3961,2005-08-05 00:00:00.000,24.6
3962,2005-08-06 00:00:00.000,24.6
3963,2005-08-07 00:00:00.000,25.0
3964,2005-08-08 00:00:00.000,27.7
3965,2005-08-09 00:00:00.000,28.5
3966,2005-08-10 00:00:00.000,28.0
3967,2005-08-11 00:00:00.000,25.9
3968,2005-08-12 00:00:00.000,23.8
3969,2005-08-13 00:00:00.000,24.0
3970,2005-08-14 00:00:00.000,23.5
3971,2005-08-15 00:00:00.000,21.6
3972,2005-08-16 00:00:00.000,19.6
3973,2005-08-17 00:00:00.000,19.9
3974,2005-08-18 00:00:00.000,20.8
3975,2005-08-19 00:00:00.000,23.1
3976,2005-08-20 00:00:00.000,24.9
3977,2005-08-21 00:00:00.000,27.7
3978,2005-08-22 00:00:00.000,27.7
3979,2005-08-23 00:00:00.000,28.8
3980,2005-08-24 00:00:00.000,30.5
3981,2005-08-25 00:00:00.000,27.5
3982,2005-08-26 00:00:00.000,23.9
3983,2005-08-27 00:00:00.000,23.4
3984,2005-08-28 00:00:00.000,22.2
3985,2005-08-29 00:00:00.000,20.5
3986,2005-08-30 00:00:00.000,20.1
3987,2005-08-31 00:00:00.000,20.0
3988,2005-09-01 00:00:00.000,19.6
3989,2005-09-02 00:00:00.000,22.3
3990,2005-09-03 00:00:00.000,20.9
3991,2005-09-04 00:00:00.000,20.5
3992,2005-09-05 00:00:00.000,20.6
3993,2005-09-06 00:00:00.000,21.2
3994,2005-09-07 00:00:00.000,21.0
3995,2005-09-08 00:00:00.000,21.7
3996,2005-09-09 00:00:00.000,21.5
3997,2005-09-10 00:00:00.000,19.0
3998,2005-09-11 00:00:00.000,18.6
3999,2005-09-12 00:00:00.000,19.5
4000,2005-09-13 00:00:00.000,19.2
4001,2005-09-14 00:00:00.000,18.6
4002,2005-09-15 00:00:00.000,19.8
4003,2005-09-16 00:00:00.000,21.8
4004,2005-09-17 00:00:00.000,22.7
4005,2005-09-18 00:00:00.000,24.0
4006,2005-09-19 00:00:00.000,25.3
4007,2005-09-20 00:00:00.000,30.1
4008,2005-09-21 00:00:00.000,26.0
4009,2005-09-22 00:00:00.000,25.6
4010,2005-09-23 00:00:00.000,24.2
4011,2005-09-24 00:00:00.000,21.1
4012,2005-09-25 00:00:00.000,20.0
4013,2005-09-26 00:00:00.000,19.8
4014,2005-09-27 00:00:00.000,19.6
4015,2005-09-28 00:00:00.000,19.5
4016,2005-09-29 00:00:00.000,20.0
4017,2005-09-30 00:00:00.000,19.5
4018,2005-10-01 00:00:00.000,19.307776041666667
4019,2005-10-02 00:00:00.000,20.517865625000006
4020,2005-10-03 00:00:00.000,20.374695833333334
4021,2005-10-04 00:00:00.000,21.5216375
4022,2005-10-05 00:00:00.000,21.543708333333342
4023,2005-10-06 00:00:00.000,21.080528125000004
4024,2005-10-07 00:00:00.000,20.395786458333323
4025,2005-10-08 00:00:00.000,19.2515625
4026,2005-10-09 00:00:00.000,17.99769166666666
4027,2005-10-10 00:00:00.000,17.385845833333335
4028,2005-10-11 00:00:00.000,17.65283645833333
4029,2005-10-12 00:00:00.000,17.805041666666664
4030,2005-10-13 00:00:00.000,18.365587500000007
4031,2005-10-14 00:00:00.000,20.046110416666664
4032,2005-10-15 00:00:00.000,21.889837500000002
4033,2005-10-16 00:00:00.000,21.408290624999996
4034,2005-10-17 00:00:00.000,20.980361458333338
4035,2005-10-18 00:00:00.000,24.568555208333336
4036,2005-10-19 00:00:00.000,22.2814625
4037,2005-10-20 00:00:00.000,21.764139583333332
4038,2005-10-21 00:00:00.000,19.78259270833333
4039,2005-10-22 00:00:00.000,19.047715625
4040,2005-10-23 00:00:00.000,17.59514791666667
4041,2005-10-24 00:00:00.000,16.644995833333336
4042,2005-10-25 00:00:00.000,18.00641875
4043,2005-10-26 00:00:00.000,18.165187499999988
4044,2005-10-27 00:00:00.000,17.762412499999993
4045,2005-10-28 00:00:00.000,18.454910416666667
4046,2005-10-29 00:00:00.000,18.210823958333332
4047,2005-10-30 00:00:00.000,17.556656250000007
4048,2005-10-31 00:00:00.000,17.50349062499999
4049,2005-11-01 00:00:00.000,17.35639791666667
4050,2005-11-02 00:00:00.000,19.10215
4051,2005-11-03 00:00:00.000,18.06238125
4052,2005-11-04 00:00:00.000,17.907914583333334
4053,2005-11-05 00:00:00.000,17.356323958333334
4054,2005-11-06 00:00:00.000,16.84894791666667
4055,2005-11-07 00:00:00.000,16.402269791666665
4056,2005-11-08 00:00:00.000,16.68153020833333
4057,2005-11-09 00:00:00.000,17.525404166666668
4058,2005-11-10 00:00:00.000,17.906262499999993
4059,2005-11-11 00:00:00.000,19.544002083333332
4060,2005-11-12 00:00:00.000,19.34480208333333
4061,2005-11-13 00:00:00.000,20.084144791666663
4062,2005-11-14 00:00:00.000,20.435554166666666
4063,2005-11-15 00:00:00.000,21.107141666666674
4064,2005-11-16 00:00:00.000,21.764289583333337
4065,2005-11-17 00:00:00.000,19.973858333333336
4066,2005-11-18 00:00:00.000,19.291485416666667
4067,2005-11-19 00:00:00.000,18.245245833333332
4068,2005-11-20 00:00:00.000,16.996635416666667
4069,2005-11-21 00:00:00.000,15.850678125
4070,2005-11-22 00:00:00.000,14.918507291666666
4071,2005-11-23 00:00:00.000,15.205097916666665
4072,2005-11-24 00:00:00.000,14.88140625
4073,2005-11-25 00:00:00.000,15.71858020833333
4074,2005-11-26 00:00:00.000,16.707659374999995
4075,2005-11-27 00:00:00.000,16.450466666666664
4076,2005-11-28 00:00:00.000,16.098158333333334
4077,2005-11-29 00:00:00.000,15.988726041666672
4078,2005-11-30 00:00:00.000,16.154334375
4079,2005-12-01 00:00:00.000,18.58851354166666
4080,2005-12-02 00:00:00.000,18.635588541666667
4081,2005-12-03 00:00:00.000,17.988951041666677
4082,2005-12-04 00:00:00.000,17.54867604166666
4083,2005-12-05 00:00:00.000,17.824237499999995
4084,2005-12-06 00:00:00.000,18.036443749999993
4085,2005-12-07 00:00:00.000,18.73213541666667
4086,2005-12-08 00:00:00.000,20.118709374999998
4087,2005-12-09 00:00:00.000,22.59080208333334
4088,2005-12-10 00:00:00.000,24.332373958333335
4089,2005-12-11 00:00:00.000,24.662919791666653
4090,2005-12-12 00:00:00.000,24.219706250000005
4091,2005-12-13 00:00:00.000,23.02389166666668
4092,2005-12-14 00:00:00.000,22.31671041666667
4093,2005-12-15 00:00:00.000,21.733885416666663
4094,2005-12-16 00:00:00.000,20.18408020833333
4095,2005-12-17 00:00:00.000,22.13091145833334
4096,2005-12-18 00:00:00.000,24.380870833333347
4097,2005-12-19 00:00:00.000,19.600904166666666
4098,2005-12-20 00:00:00.000,14.477624999999996
4099,2005-12-21 00:00:00.000,18.019759375000007
4100,2005-12-22 00:00:00.000,18.992759375000006
4101,2005-12-23 00:00:00.000,19.965759375000005
4102,2005-12-24 00:00:00.000,20.942716666666666
4103,2005-12-25 00:00:00.000,35.15723854166668
4104,2005-12-26 00:00:00.000,43.854977083333345
4105,2005-12-27 00:00:00.000,42.400619791666664
4106,2005-12-28 00:00:00.000,36.49568437500001
4107,2005-12-29 00:00:00.000,31.571002083333337
4108,2005-12-30 00:00:00.000,31.684383333333333
4109,2005-12-31 00:00:00.000,31.57810624999999
4110,2006-01-01 00:00:00.000,56.70108125000001
4111,2006-01-02 00:00:00.000,86.49442812499997
4112,2006-01-03 00:00:00.000,139.00574687500003
4113,2006-01-04 00:00:00.000,108.91734166666669
4114,2006-01-05 00:00:00.000,92.03695416666666
4115,2006-01-06 00:00:00.000,89.25513541666668
4116,2006-01-07 00:00:00.000,69.02160208333332
4117,2006-01-08 00:00:00.000,53.91863645833333
4118,2006-01-09 00:00:00.000,55.92922500000004
4119,2006-01-10 00:00:00.000,63.84371874999997
4120,2006-01-11 00:00:00.000,56.92023958333334
4121,2006-01-12 00:00:00.000,48.09602395833332
4122,2006-01-13 00:00:00.000,42.006378125000005
4123,2006-01-14 00:00:00.000,42.646412500000004
4124,2006-01-15 00:00:00.000,41.90775104166665
4125,2006-01-16 00:00:00.000,36.50731458333333
4126,2006-01-17 00:00:00.000,32.25525
4127,2006-01-18 00:00:00.000,31.34999166666668
4128,2006-01-19 00:00:00.000,28.826267708333333
4129,2006-01-20 00:00:00.000,27.087758333333344
4130,2006-01-21 00:00:00.000,25.54467708333333
4131,2006-01-22 00:00:00.000,26.673912499999986
4132,2006-01-23 00:00:00.000,30.150037500000007
4133,2006-01-24 00:00:00.000,30.15081250000001
4134,2006-01-25 00:00:00.000,30.771363541666656
4135,2006-01-26 00:00:00.000,30.521551041666665
4136,2006-01-27 00:00:00.000,30.847508333333323
4137,2006-01-28 00:00:00.000,32.091596875000015
4138,2006-01-29 00:00:00.000,32.660581250000014
4139,2006-01-30 00:00:00.000,32.90790312500001
4140,2006-01-31 00:00:00.000,30.928469791666647
4141,2006-02-01 00:00:00.000,28.772123958333328
4142,2006-02-02 00:00:00.000,27.729493750000017
4143,2006-02-03 00:00:00.000,25.957845833333334
4144,2006-02-04 00:00:00.000,26.120143749999997
4145,2006-02-05 00:00:00.000,25.772270833333334
4146,2006-02-06 00:00:00.000,25.607786458333337
4147,2006-02-07 00:00:00.000,27.68649062499999
4148,2006-02-08 00:00:00.000,33.36474895833335
4149,2006-02-09 00:00:00.000,34.95610312500002
4150,2006-02-10 00:00:00.000,36.27263854166667
4151,2006-02-11 00:00:00.000,36.062069791666666
4152,2006-02-12 00:00:00.000,34.39163749999998
4153,2006-02-13 00:00:00.000,33.68671458333335
4154,2006-02-14 00:00:00.000,33.40609375
4155,2006-02-15 00:00:00.000,35.10371979166666
4156,2006-02-16 00:00:00.000,33.300282291666676
4157,2006-02-17 00:00:00.000,30.106433333333317
4158,2006-02-18 00:00:00.000,27.668268749999992
4159,2006-02-19 00:00:00.000,25.504686458333335
4160,2006-02-20 00:00:00.000,24.40414583333333
4161,2006-02-21 00:00:00.000,22.957691666666673
4162,2006-02-22 00:00:00.000,22.149134374999992
4163,2006-02-23 00:00:00.000,22.142964583333338
4164,2006-02-24 00:00:00.000,23.568331249999996
4165,2006-02-25 00:00:00.000,25.194329166666666
4166,2006-02-26 00:00:00.000,27.254721875000012
4167,2006-02-27 00:00:00.000,32.30645833333334
4168,2006-02-28 00:00:00.000,34.593475000000005
4169,2006-03-01 00:00:00.000,31.449783333333333
4170,2006-03-02 00:00:00.000,26.83618645833333
4171,2006-03-03 00:00:00.000,27.434069791666676
4172,2006-03-04 00:00:00.000,28.50242708333334
4173,2006-03-05 00:00:00.000,34.31873125
4174,2006-03-06 00:00:00.000,38.08021875
4175,2006-03-07 00:00:00.000,34.576148958333334
4176,2006-03-08 00:00:00.000,32.25396979166666
4177,2006-03-09 00:00:00.000,35.70666875
4178,2006-03-10 00:00:00.000,41.279114583333346
4179,2006-03-11 00:00:00.000,43.50587916666665
4180,2006-03-12 00:00:00.000,45.406541666666676
4181,2006-03-13 00:00:00.000,36.989944791666666
4182,2006-03-14 00:00:00.000,38.3841
4183,2006-03-15 00:00:00.000,32.633771875000015
4184,2006-03-16 00:00:00.000,30.187014583333323
4185,2006-03-17 00:00:00.000,27.64861458333333
4186,2006-03-18 00:00:00.000,26.117126041666666
4187,2006-03-19 00:00:00.000,23.4515625
4188,2006-03-20 00:00:00.000,23.1315625
4189,2006-03-21 00:00:00.000,22.8115625
4190,2006-03-22 00:00:00.000,22.4915625
4191,2006-03-23 00:00:00.000,22.1715625
4192,2006-03-24 00:00:00.000,21.8515625
4193,2006-03-25 00:00:00.000,21.5315625
4194,2006-03-26 00:00:00.000,21.2115625
4195,2006-03-27 00:00:00.000,20.8915625
4196,2006-03-28 00:00:00.000,20.5715625
4197,2006-03-29 00:00:00.000,20.2515625
4198,2006-03-30 00:00:00.000,19.9315625
4199,2006-03-31 00:00:00.000,19.611562499999998
4200,2006-04-01 00:00:00.000,19.291562499999998
4201,2006-04-02 00:00:00.000,18.971562499999997
4202,2006-04-03 00:00:00.000,18.651562499999997
4203,2006-04-04 00:00:00.000,18.331562499999997
4204,2006-04-05 00:00:00.000,18.011562499999997
4205,2006-04-06 00:00:00.000,17.691562499999996
4206,2006-04-07 00:00:00.000,17.371562499999996
4207,2006-04-08 00:00:00.000,17.051562499999996
4208,2006-04-09 00:00:00.000,16.731562499999995
4209,2006-04-10 00:00:00.000,16.411562499999995
4210,2006-04-11 00:00:00.000,16.091562499999995
4211,2006-04-12 00:00:00.000,15.771562499999995
4212,2006-04-13 00:00:00.000,15.451562499999994
4213,2006-04-14 00:00:00.000,15.131562499999994
4214,2006-04-15 00:00:00.000,14.811562499999994
4215,2006-04-16 00:00:00.000,14.491562499999993
4216,2006-04-17 00:00:00.000,14.171562499999993
4217,2006-04-18 00:00:00.000,13.851562499999993
4218,2006-04-19 00:00:00.000,13.531562499999993
4219,2006-04-20 00:00:00.000,13.211562499999992
4220,2006-04-21 00:00:00.000,12.891562499999992
4221,2006-04-22 00:00:00.000,12.571562499999992
4222,2006-04-23 00:00:00.000,12.251562499999991
4223,2006-04-24 00:00:00.000,11.931562499999991
4224,2006-04-25 00:00:00.000,11.611562499999991
4225,2006-04-26 00:00:00.000,11.29156249999999
4226,2006-04-27 00:00:00.000,10.97156249999999
4227,2006-04-28 00:00:00.000,10.65156249999999
4228,2006-04-29 00:00:00.000,10.33156249999999
4229,2006-04-30 00:00:00.000,10.01156249999999
4230,2006-05-01 00:00:00.000,9.69156249999999
4231,2006-05-02 00:00:00.000,9.371562499999989
4232,2006-05-03 00:00:00.000,8.94648125
4233,2006-05-04 00:00:00.000,18.66356041666666
4234,2006-05-05 00:00:00.000,19.08056354166666
4235,2006-05-06 00:00:00.000,21.22401354166666
4236,2006-05-07 00:00:00.000,20.544744791666663
4237,2006-05-08 00:00:00.000,20.173875000000002
4238,2006-05-09 00:00:00.000,19.8589625
4239,2006-05-10 00:00:00.000,20.18953645833334
4240,2006-05-11 00:00:00.000,19.777712500000003
4241,2006-05-12 00:00:00.000,20.062232291666664
4242,2006-05-13 00:00:00.000,20.837571875
4243,2006-05-14 00:00:00.000,20.47495208333333
4244,2006-05-15 00:00:00.000,20.16044375000001
4245,2006-05-16 00:00:00.000,20.168357291666663
4246,2006-05-17 00:00:00.000,19.837618749999997
4247,2006-05-18 00:00:00.000,21.015877083333326
4248,2006-05-19 00:00:00.000,20.985059375
4249,2006-05-20 00:00:00.000,20.452784375
4250,2006-05-21 00:00:00.000,20.871030208333323
4251,2006-05-22 00:00:00.000,21.369847916666668
4252,2006-05-23 00:00:00.000,21.687660416666677
4253,2006-05-24 00:00:00.000,22.513588541666667
4254,2006-05-25 00:00:00.000,23.576738541666675
4255,2006-05-26 00:00:00.000,24.58617291666667
4256,2006-05-27 00:00:00.000,25.167639583333326
4257,2006-05-28 00:00:00.000,23.163603125000005
4258,2006-05-29 00:00:00.000,22.330827083333332
4259,2006-05-30 00:00:00.000,21.10378125
4260,2006-05-31 00:00:00.000,20.71628958333333
4261,2006-06-01 00:00:00.000,20.092554166666673
4262,2006-06-02 00:00:00.000,19.502019791666665
4263,2006-06-03 00:00:00.000,19.220968749999994
4264,2006-06-04 00:00:00.000,19.18133854166667
4265,2006-06-05 00:00:00.000,20.120978125000004
4266,2006-06-06 00:00:00.000,20.683826041666666
4267,2006-06-07 00:00:00.000,21.360043749999992
4268,2006-06-08 00:00:00.000,22.746933333333327
4269,2006-06-09 00:00:00.000,22.942131250000006
4270,2006-06-10 00:00:00.000,24.667833333333334
4271,2006-06-11 00:00:00.000,25.610356249999995
4272,2006-06-12 00:00:00.000,26.26252083333334
4273,2006-06-13 00:00:00.000,25.27080937499999
4274,2006-06-14 00:00:00.000,24.710184375000008
4275,2006-06-15 00:00:00.000,24.978875000000006
4276,2006-06-16 00:00:00.000,23.41648333333332
4277,2006-06-17 00:00:00.000,23.07494999999999
4278,2006-06-18 00:00:00.000,23.49014791666666
4279,2006-06-19 00:00:00.000,23.783715625
4280,2006-06-20 00:00:00.000,23.602199999999996
4281,2006-06-21 00:00:00.000,24.28460729166667
4282,2006-06-22 00:00:00.000,24.572824999999995
4283,2006-06-23 00:00:00.000,24.77074791666666
4284,2006-06-24 00:00:00.000,25.99580729166666
4285,2006-06-25 00:00:00.000,27.02806041666666
4286,2006-06-26 00:00:00.000,27.37931562499999
4287,2006-06-27 00:00:00.000,27.304580208333324
4288,2006-06-28 00:00:00.000,27.099572916666663
4289,2006-06-29 00:00:00.000,26.971209374999997
4290,2006-06-30 00:00:00.000,26.224861458333336
4291,2006-07-01 00:00:00.000,26.66444583333333
4292,2006-07-02 00:00:00.000,27.924935416666674
4293,2006-07-03 00:00:00.000,27.968523958333325
4294,2006-07-04 00:00:00.000,26.1938
4295,2006-07-05 00:00:00.000,25.699747916666663
4296,2006-07-06 00:00:00.000,24.669728125000006
4297,2006-07-07 00:00:00.000,22.825534375
4298,2006-07-08 00:00:00.000,22.50971979166667
4299,2006-07-09 00:00:00.000,21.884315625
4300,2006-07-10 00:00:00.000,22.740098958333334
4301,2006-07-11 00:00:00.000,23.236453125
4302,2006-07-12 00:00:00.000,24.694771874999997
4303,2006-07-13 00:00:00.000,24.912382291666674
4304,2006-07-14 00:00:00.000,25.78421145833333
4305,2006-07-15 00:00:00.000,26.92580729166666
4306,2006-07-16 00:00:00.000,27.744740624999988
4307,2006-07-17 00:00:00.000,28.882956250000003
4308,2006-07-18 00:00:00.000,30.42087395833333
4309,2006-07-19 00:00:00.000,28.20779999999999
4310,2006-07-20 00:00:00.000,25.137487499999995
4311,2006-07-21 00:00:00.000,22.924336458333332
4312,2006-07-22 00:00:00.000,21.766415625000004
4313,2006-07-23 00:00:00.000,21.272378124999992
4314,2006-07-24 00:00:00.000,21.579221875
4315,2006-07-25 00:00:00.000,21.69351041666666
4316,2006-07-26 00:00:00.000,22.22924375
4317,2006-07-27 00:00:00.000,25.172748958333333
4318,2006-07-28 00:00:00.000,25.51055104166665
4319,2006-07-29 00:00:00.000,25.72950729166666
4320,2006-07-30 00:00:00.000,25.164842708333328
4321,2006-07-31 00:00:00.000,24.123441666666682
4322,2006-08-01 00:00:00.000,22.580332291666668
4323,2006-08-02 00:00:00.000,21.218905208333332
4324,2006-08-03 00:00:00.000,20.01015833333334
4325,2006-08-04 00:00:00.000,20.431285416666665
4326,2006-08-05 00:00:00.000,19.832431249999996
4327,2006-08-06 00:00:00.000,20.308345833333323
4328,2006-08-07 00:00:00.000,20.383653125000002
4329,2006-08-08 00:00:00.000,20.4410875
4330,2006-08-09 00:00:00.000,21.112277083333325
4331,2006-08-10 00:00:00.000,22.556022916666677
4332,2006-08-11 00:00:00.000,24.39929895833333
4333,2006-08-12 00:00:00.000,26.027612500000007
4334,2006-08-13 00:00:00.000,28.877755208333337
4335,2006-08-14 00:00:00.000,32.80087395833333
4336,2006-08-15 00:00:00.000,32.11913541666667
4337,2006-08-16 00:00:00.000,27.49441770833334
4338,2006-08-17 00:00:00.000,25.441274999999994
4339,2006-08-18 00:00:00.000,25.297253124999987
4340,2006-08-19 00:00:00.000,25.420682291666665
4341,2006-08-20 00:00:00.000,26.557660416666653
4342,2006-08-21 00:00:00.000,26.668323958333342
4343,2006-08-22 00:00:00.000,24.10222916666667
4344,2006-08-23 00:00:00.000,25.84831458333333
4345,2006-08-24 00:00:00.000,26.67441354166667
4346,2006-08-25 00:00:00.000,27.850202083333333
4347,2006-08-26 00:00:00.000,28.52337604166667
4348,2006-08-27 00:00:00.000,30.225673958333335
4349,2006-08-28 00:00:00.000,31.389927083333347
4350,2006-08-29 00:00:00.000,30.562672916666667
4351,2006-08-30 00:00:00.000,25.157506250000008
4352,2006-08-31 00:00:00.000,21.358893749999993
4353,2006-09-01 00:00:00.000,21.140380208333337
4354,2006-09-02 00:00:00.000,21.706521874999993
4355,2006-09-03 00:00:00.000,22.13522708333333
4356,2006-09-04 00:00:00.000,21.878152083333333
4357,2006-09-05 00:00:00.000,22.295075
4358,2006-09-06 00:00:00.000,23.830933333333334
4359,2006-09-07 00:00:00.000,26.848268750000013
4360,2006-09-08 00:00:00.000,29.756841666666656
4361,2006-09-09 00:00:00.000,29.11415416666667
4362,2006-09-10 00:00:00.000,28.479706250000007
4363,2006-09-11 00:00:00.000,28.949362499999992
4364,2006-09-12 00:00:00.000,26.681327083333343
4365,2006-09-13 00:00:00.000,25.61182916666668
4366,2006-09-14 00:00:00.000,25.717797916666665
4367,2006-09-15 00:00:00.000,24.218193749999998
4368,2006-09-16 00:00:00.000,22.96824895833333
4369,2006-09-17 00:00:00.000,22.82982395833332
4370,2006-09-18 00:00:00.000,23.046525
4371,2006-09-19 00:00:00.000,23.617528124999993
4372,2006-09-20 00:00:00.000,24.59391874999999
4373,2006-09-21 00:00:00.000,24.60742395833334
4374,2006-09-22 00:00:00.000,26.611792708333336
4375,2006-09-23 00:00:00.000,26.531868749999987
4376,2006-09-24 00:00:00.000,26.786471875000014
4377,2006-09-25 00:00:00.000,25.744164583333326
4378,2006-09-26 00:00:00.000,25.73757291666666
4379,2006-09-27 00:00:00.000,28.560454166666673
4380,2006-09-28 00:00:00.000,26.768486458333328
4381,2006-09-29 00:00:00.000,26.19569375
4382,2006-09-30 00:00:00.000,23.728762500000002
4383,2006-10-01 00:00:00.000,18.3031125
4384,2006-10-02 00:00:00.000,18.732400000000002
4385,2006-10-03 00:00:00.000,19.78693750000001
4386,2006-10-04 00:00:00.000,20.55858750000001
4387,2006-10-05 00:00:00.000,21.195275
4388,2006-10-06 00:00:00.000,23.597150000000003
4389,2006-10-07 00:00:00.000,23.04586250000001
4390,2006-10-08 00:00:00.000,24.332962499999997
4391,2006-10-09 00:00:00.000,23.116775000000008
4392,2006-10-10 00:00:00.000,23.6443125
4393,2006-10-11 00:00:00.000,20.523512499999995
4394,2006-10-12 00:00:00.000,18.348100000000002
4395,2006-10-13 00:00:00.000,19.366799999999998
4396,2006-10-14 00:00:00.000,17.6183875
4397,2006-10-15 00:00:00.000,17.274500000000007
4398,2006-10-16 00:00:00.000,17.94245
4399,2006-10-17 00:00:00.000,17.867724999999993
4400,2006-10-18 00:00:00.000,18.442649999999997
4401,2006-10-19 00:00:00.000,18.044624999999993
4402,2006-10-20 00:00:00.000,17.408262500000003
4403,2006-10-21 00:00:00.000,17.390399999999996
4404,2006-10-22 00:00:00.000,15.946112500000005
4405,2006-10-23 00:00:00.000,15.428487499999997
4406,2006-10-24 00:00:00.000,15.064774999999997
4407,2006-10-25 00:00:00.000,13.7403125
4408,2006-10-26 00:00:00.000,13.535200000000001
4409,2006-10-27 00:00:00.000,13.199699999999995
4410,2006-10-28 00:00:00.000,12.521075000000005
4411,2006-10-29 00:00:00.000,13.341524999999992
4412,2006-10-30 00:00:00.000,12.395587499999998
4413,2006-10-31 00:00:00.000,12.9061375
4414,2006-11-01 00:00:00.000,12.91528749999999
4415,2006-11-02 00:00:00.000,13.060049999999999
4416,2006-11-03 00:00:00.000,13.962525000000001
4417,2006-11-04 00:00:00.000,14.018187499999996
4418,2006-11-05 00:00:00.000,15.065537500000005
4419,2006-11-06 00:00:00.000,14.738637499999998
4420,2006-11-07 00:00:00.000,14.947674999999988
4421,2006-11-08 00:00:00.000,15.30115
4422,2006-11-09 00:00:00.000,15.142549999999993
4423,2006-11-10 00:00:00.000,13.401762500000002
4424,2006-11-11 00:00:00.000,13.214187500000001
4425,2006-11-12 00:00:00.000,13.734212499999998
4426,2006-11-13 00:00:00.000,13.585849999999988
4427,2006-11-14 00:00:00.000,13.767762499999995
4428,2006-11-15 00:00:00.000,13.900437499999994
4429,2006-11-16 00:00:00.000,13.473762499999998
4430,2006-11-17 00:00:00.000,13.371262499999993
4431,2006-11-18 00:00:00.000,13.121924999999997
4432,2006-11-19 00:00:00.000,13.09523749999999
4433,2006-11-20 00:00:00.000,13.0662625
4434,2006-11-21 00:00:00.000,13.306337499999998
4435,2006-11-22 00:00:00.000,13.070837499999996
4436,2006-11-23 00:00:00.000,12.656362499999993
4437,2006-11-24 00:00:00.000,12.545474999999998
4438,2006-11-25 00:00:00.000,11.946912499999998
4439,2006-11-26 00:00:00.000,11.857699999999996
4440,2006-11-27 00:00:00.000,12.249624999999995
4441,2006-11-28 00:00:00.000,12.73305
4442,2006-11-29 00:00:00.000,13.471150000000002
4443,2006-11-30 00:00:00.000,14.401399999999995
4444,2006-12-01 00:00:00.000,14.573724999999998
4445,2006-12-02 00:00:00.000,14.937437499999994
4446,2006-12-03 00:00:00.000,14.813912499999994
4447,2006-12-04 00:00:00.000,15.0823125
4448,2006-12-05 00:00:00.000,14.125318750000002
4449,2006-12-06 00:00:00.000,14.125318750000002
4450,2006-12-07 00:00:00.000,14.125318750000002
4451,2006-12-08 00:00:00.000,14.125318750000002
4452,2006-12-09 00:00:00.000,14.125318750000002
4453,2006-12-10 00:00:00.000,14.125318750000002
4454,2006-12-11 00:00:00.000,14.125318750000002
4455,2006-12-12 00:00:00.000,14.125318750000002
4456,2006-12-13 00:00:00.000,14.125318750000002
4457,2006-12-14 00:00:00.000,14.125318750000002
4458,2006-12-15 00:00:00.000,14.125318750000002
4459,2006-12-16 00:00:00.000,14.125318750000002
4460,2006-12-17 00:00:00.000,14.125318750000002
4461,2006-12-18 00:00:00.000,14.125318750000002
4462,2006-12-19 00:00:00.000,14.125318750000002
4463,2006-12-20 00:00:00.000,13.168325000000005
4464,2006-12-21 00:00:00.000,14.032349999999996
4465,2006-12-22 00:00:00.000,13.992362499999999
4466,2006-12-23 00:00:00.000,14.62165
4467,2006-12-24 00:00:00.000,16.043825000000005
4468,2006-12-25 00:00:00.000,16.450237499999997
4469,2006-12-26 00:00:00.000,17.29072499999999
4470,2006-12-27 00:00:00.000,27.435900000000007
4471,2006-12-28 00:00:00.000,28.6014375
4472,2006-12-29 00:00:00.000,25.995974999999987
4473,2006-12-30 00:00:00.000,24.608225000000004
4474,2006-12-31 00:00:00.000,23.896812499999996
4475,2007-01-01 00:00:00.000,24.348974999999996
4476,2007-01-02 00:00:00.000,23.915874999999996
4477,2007-01-03 00:00:00.000,25.3631
4478,2007-01-04 00:00:00.000,19.2443
4479,2007-01-05 00:00:00.000,28.792825000000008
4480,2007-01-06 00:00:00.000,30.341462499999995
4481,2007-01-07 00:00:00.000,30.169899999999995
4482,2007-01-08 00:00:00.000,29.514912499999994
4483,2007-01-09 00:00:00.000,28.904475
4484,2007-01-10 00:00:00.000,29.000549999999993
4485,2007-01-11 00:00:00.000,27.523262500000005
4486,2007-01-12 00:00:00.000,28.38641249999999
4487,2007-01-13 00:00:00.000,25.58651250000001
4488,2007-01-14 00:00:00.000,22.271925000000007
4489,2007-01-15 00:00:00.000,18.836187499999998
4490,2007-01-16 00:00:00.000,19.3021875
4491,2007-01-17 00:00:00.000,18.188600000000005
4492,2007-01-18 00:00:00.000,17.195162500000006
4493,2007-01-19 00:00:00.000,18.459825000000006
4494,2007-01-20 00:00:00.000,20.381549999999994
4495,2007-01-21 00:00:00.000,19.596925000000002
4496,2007-01-22 00:00:00.000,22.725687500000006
4497,2007-01-23 00:00:00.000,23.117956250000006
4498,2007-01-24 00:00:00.000,23.117956250000006
4499,2007-01-25 00:00:00.000,23.117956250000006
4500,2007-01-26 00:00:00.000,23.117956250000006
4501,2007-01-27 00:00:00.000,23.117956250000006
4502,2007-01-28 00:00:00.000,23.117956250000006
4503,2007-01-29 00:00:00.000,23.117956250000006
4504,2007-01-30 00:00:00.000,23.117956250000006
4505,2007-01-31 00:00:00.000,23.117956250000006
4506,2007-02-01 00:00:00.000,23.117956250000006
4507,2007-02-02 00:00:00.000,23.117956250000006
4508,2007-02-03 00:00:00.000,23.51022500000001
4509,2007-02-04 00:00:00.000,23.303587499999995
4510,2007-02-05 00:00:00.000,23.696275000000004
4511,2007-02-06 00:00:00.000,24.317712500000003
4512,2007-02-07 00:00:00.000,22.87048750000001
4513,2007-02-08 00:00:00.000,20.243675
4514,2007-02-09 00:00:00.000,16.540974999999996
4515,2007-02-10 00:00:00.000,14.489849999999992
4516,2007-02-11 00:00:00.000,13.86307499999999
4517,2007-02-12 00:00:00.000,13.8268
4518,2007-02-13 00:00:00.000,15.115862499999997
4519,2007-02-14 00:00:00.000,17.618387499999997
4520,2007-02-15 00:00:00.000,21.158675
4521,2007-02-16 00:00:00.000,26.247599999999995
4522,2007-02-17 00:00:00.000,30.840024999999986
4523,2007-02-18 00:00:00.000,36.555074999999995
4524,2007-02-19 00:00:00.000,37.67823750000001
4525,2007-02-20 00:00:00.000,39.323712500000006
4526,2007-02-21 00:00:00.000,39.56008749999999
4527,2007-02-22 00:00:00.000,42.22349999999997
4528,2007-02-23 00:00:00.000,38.52461250000001
4529,2007-02-24 00:00:00.000,35.118525
4530,2007-02-25 00:00:00.000,35.0354125
4531,2007-02-26 00:00:00.000,30.97433749999999
4532,2007-02-27 00:00:00.000,29.072662499999993
4533,2007-02-28 00:00:00.000,26.923937500000005
4534,2007-03-01 00:00:00.000,24.686762500000004
4535,2007-03-02 00:00:00.000,23.095425000000002
4536,2007-03-03 00:00:00.000,22.1872875
4537,2007-03-04 00:00:00.000,22.637162500000002
4538,2007-03-05 00:00:00.000,23.69703750000001
4539,2007-03-06 00:00:00.000,23.214700000000004
4540,2007-03-07 00:00:00.000,23.844962499999998
4541,2007-03-08 00:00:00.000,22.915475
4542,2007-03-09 00:00:00.000,22.61581249999999
4543,2007-03-10 00:00:00.000,22.33101875
4544,2007-03-11 00:00:00.000,22.33101875
4545,2007-03-12 00:00:00.000,22.33101875
4546,2007-03-13 00:00:00.000,22.33101875
4547,2007-03-14 00:00:00.000,22.33101875
4548,2007-03-15 00:00:00.000,22.33101875
4549,2007-03-16 00:00:00.000,22.33101875
4550,2007-03-17 00:00:00.000,22.046225000000003
4551,2007-03-18 00:00:00.000,25.76188750000001
4552,2007-03-19 00:00:00.000,28.757749999999987
4553,2007-03-20 00:00:00.000,28.39556250000001
4554,2007-03-21 00:00:00.000,28.36201249999999
4555,2007-03-22 00:00:00.000,29.575912499999983
4556,2007-03-23 00:00:00.000,28.0859875
4557,2007-03-24 00:00:00.000,26.679937499999998
4558,2007-03-25 00:00:00.000,26.250650000000004
4559,2007-03-26 00:00:00.000,24.329150000000013
4560,2007-03-27 00:00:00.000,26.28725
4561,2007-03-28 00:00:00.000,25.567450000000008
4562,2007-03-29 00:00:00.000,26.8080375
4563,2007-03-30 00:00:00.000,29.10773749999999
4564,2007-03-31 00:00:00.000,32.15926250000001
4565,2007-04-01 00:00:00.000,35.01482500000001
4566,2007-04-02 00:00:00.000,34.8859625
4567,2007-04-03 00:00:00.000,34.921037500000004
4568,2007-04-04 00:00:00.000,33.944275000000005
4569,2007-04-05 00:00:00.000,31.58967500000001
4570,2007-04-06 00:00:00.000,33.3472375
4571,2007-04-07 00:00:00.000,29.3525
4572,2007-04-08 00:00:00.000,26.4161125
4573,2007-04-09 00:00:00.000,25.222800000000007
4574,2007-04-10 00:00:00.000,27.59201145833333
4575,2007-04-11 00:00:00.000,27.59201145833333
4576,2007-04-12 00:00:00.000,27.59201145833333
4577,2007-04-13 00:00:00.000,27.59201145833333
4578,2007-04-14 00:00:00.000,27.59201145833333
4579,2007-04-15 00:00:00.000,27.59201145833333
4580,2007-04-16 00:00:00.000,27.59201145833333
4581,2007-04-17 00:00:00.000,27.59201145833333
4582,2007-04-18 00:00:00.000,27.59201145833333
4583,2007-04-19 00:00:00.000,27.59201145833333
4584,2007-04-20 00:00:00.000,29.961222916666653
4585,2007-04-21 00:00:00.000,41.35655416666667
4586,2007-04-22 00:00:00.000,37.46638958333334
4587,2007-04-23 00:00:00.000,33.36305208333332
4588,2007-04-24 00:00:00.000,32.10550625
4589,2007-04-25 00:00:00.000,37.65255416666667
4590,2007-04-26 00:00:00.000,39.087854166666666
4591,2007-04-27 00:00:00.000,40.26561041666668
4592,2007-04-28 00:00:00.000,39.08785416666669
4593,2007-04-29 00:00:00.000,44.11236875
4594,2007-04-30 00:00:00.000,43.47863749999999
4595,2007-05-01 00:00:00.000,43.76704791666666
4596,2007-05-02 00:00:00.000,39.493943749999985
4597,2007-05-03 00:00:00.000,40.28007916666665
4598,2007-05-04 00:00:00.000,33.869458333333334
4599,2007-05-05 00:00:00.000,29.96868333333332
4600,2007-05-06 00:00:00.000,29.686060416666653
4601,2007-05-07 00:00:00.000,27.572658333333326
4602,2007-05-08 00:00:00.000,25.085962500000004
4603,2007-05-09 00:00:00.000,24.893045833333346
4604,2007-05-10 00:00:00.000,29.68702499999999
4605,2007-05-11 00:00:00.000,33.519314583333326
4606,2007-05-12 00:00:00.000,42.882524999999994
4607,2007-05-13 00:00:00.000,41.04402916666667
4608,2007-05-14 00:00:00.000,43.86640000000002
4609,2007-05-15 00:00:00.000,50.456433333333344
4610,2007-05-16 00:00:00.000,51.441272916666684
4611,2007-05-17 00:00:00.000,48.94878958333333
4612,2007-05-18 00:00:00.000,45.893954166666646
4613,2007-05-19 00:00:00.000,41.504135416666664
4614,2007-05-20 00:00:00.000,38.363452083333335
4615,2007-05-21 00:00:00.000,35.56423125
4616,2007-05-22 00:00:00.000,31.68467708333334
4617,2007-05-23 00:00:00.000,33.87331666666667
4618,2007-05-24 00:00:00.000,35.13429791666666
4619,2007-05-25 00:00:00.000,42.150406249999996
4620,2007-05-26 00:00:00.000,41.87839375000001
4621,2007-05-27 00:00:00.000,39.46404166666667
4622,2007-05-28 00:00:00.000,35.69155625
4623,2007-05-29 00:00:00.000,38.18307499999998
4624,2007-05-30 00:00:00.000,39.862414583333326
4625,2007-05-31 00:00:00.000,41.17521250000002
4626,2007-06-01 00:00:00.000,37.404656250000016
4627,2007-06-02 00:00:00.000,32.943458333333346
4628,2007-06-03 00:00:00.000,31.107856250000008
4629,2007-06-04 00:00:00.000,30.34872916666667
4630,2007-06-05 00:00:00.000,30.450400000000016
4631,2007-06-06 00:00:00.000,33.789397916666665
4632,2007-06-07 00:00:00.000,33.88875
4633,2007-06-08 00:00:00.000,38.844779166666655
4634,2007-06-09 00:00:00.000,43.4670625
4635,2007-06-10 00:00:00.000,43.41979791666666
4636,2007-06-11 00:00:00.000,42.39348124999999
4637,2007-06-12 00:00:00.000,37.20884583333333
4638,2007-06-13 00:00:00.000,30.994847916666668
4639,2007-06-14 00:00:00.000,28.362652083333344
4640,2007-06-15 00:00:00.000,29.00313541666667
4641,2007-06-16 00:00:00.000,29.67159166666667
4642,2007-06-17 00:00:00.000,29.082231250000003
4643,2007-06-18 00:00:00.000,27.91342708333332
4644,2007-06-19 00:00:00.000,34.84851041666666
4645,2007-06-20 00:00:00.000,33.77782291666666
4646,2007-06-21 00:00:00.000,34.50511874999999
4647,2007-06-22 00:00:00.000,35.503462500000005
4648,2007-06-23 00:00:00.000,35.31536874999999
4649,2007-06-24 00:00:00.000,31.01718541666668
4650,2007-06-25 00:00:00.000,24.645147916666676
4651,2007-06-26 00:00:00.000,23.201166666666666
4652,2007-06-27 00:00:00.000,22.2906
4653,2007-06-28 00:00:00.000,22.65714166666667
4654,2007-06-29 00:00:00.000,22.141089583333336
4655,2007-06-30 00:00:00.000,21.306724999999997
4656,2007-07-01 00:00:00.000,22.06681666666668
4657,2007-07-02 00:00:00.000,21.961372916666665
4658,2007-07-03 00:00:00.000,22.275166666666674
4659,2007-07-04 00:00:00.000,21.882581250000005
4660,2007-07-05 00:00:00.000,21.991579166666668
4661,2007-07-06 00:00:00.000,27.840812499999995
4662,2007-07-07 00:00:00.000,31.103033333333332
4663,2007-07-08 00:00:00.000,29.551018750000008
4664,2007-07-09 00:00:00.000,32.12742083333333
4665,2007-07-10 00:00:00.000,30.4914875
4666,2007-07-11 00:00:00.000,29.351349999999993
4667,2007-07-12 00:00:00.000,23.9053125
4668,2007-07-13 00:00:00.000,21.902837499999993
4669,2007-07-14 00:00:00.000,23.68731666666667
4670,2007-07-15 00:00:00.000,25.341577083333338
4671,2007-07-16 00:00:00.000,24.53229166666667
4672,2007-07-17 00:00:00.000,25.174704166666668
4673,2007-07-18 00:00:00.000,26.09973958333332
4674,2007-07-19 00:00:00.000,26.36307083333334
4675,2007-07-20 00:00:00.000,28.713760416666663
4676,2007-07-21 00:00:00.000,28.12247083333332
4677,2007-07-22 00:00:00.000,22.752906250000013
4678,2007-07-23 00:00:00.000,17.331677083333336
4679,2007-07-24 00:00:00.000,14.435033333333323
4680,2007-07-25 00:00:00.000,13.791656250000003
4681,2007-07-26 00:00:00.000,13.073041666666656
4682,2007-07-27 00:00:00.000,12.756658333333332
4683,2007-07-28 00:00:00.000,13.09040416666666
4684,2007-07-29 00:00:00.000,13.2158
4685,2007-07-30 00:00:00.000,12.926424999999997
4686,2007-07-31 00:00:00.000,14.313495833333327
4687,2007-08-01 00:00:00.000,17.308527083333335
4688,2007-08-02 00:00:00.000,20.55434999999999
4689,2007-08-03 00:00:00.000,17.450803124999993
4690,2007-08-04 00:00:00.000,17.450803124999993
4691,2007-08-05 00:00:00.000,17.450803124999993
4692,2007-08-06 00:00:00.000,17.450803124999993
4693,2007-08-07 00:00:00.000,17.450803124999993
4694,2007-08-08 00:00:00.000,17.450803124999993
4695,2007-08-09 00:00:00.000,17.450803124999993
4696,2007-08-10 00:00:00.000,17.450803124999993
4697,2007-08-11 00:00:00.000,14.347256250000001
4698,2007-08-12 00:00:00.000,15.97933125
4699,2007-08-13 00:00:00.000,17.729085416666667
4700,2007-08-14 00:00:00.000,19.229012499999996
4701,2007-08-15 00:00:00.000,20.321885416666664
4702,2007-08-16 00:00:00.000,19.960166666666662
4703,2007-08-17 00:00:00.000,19.771108333333334
4704,2007-08-18 00:00:00.000,20.522518750000003
4705,2007-08-19 00:00:00.000,17.275731249999993
4706,2007-08-20 00:00:00.000,14.580685416666663
4707,2007-08-21 00:00:00.000,12.640214583333334
4708,2007-08-22 00:00:00.000,11.506558333333336
4709,2007-08-23 00:00:00.000,11.268577083333335
4710,2007-08-24 00:00:00.000,12.663364583333333
4711,2007-08-25 00:00:00.000,13.885220833333337
4712,2007-08-26 00:00:00.000,14.985810416666665
4713,2007-08-27 00:00:00.000,15.97354375
4714,2007-08-28 00:00:00.000,15.94942916666666
4715,2007-08-29 00:00:00.000,17.31142083333333
4716,2007-08-30 00:00:00.000,17.52362916666666
4717,2007-08-31 00:00:00.000,17.60947708333334
4718,2007-09-01 00:00:00.000,17.53038125
4719,2007-09-02 00:00:00.000,16.159979166666666
4720,2007-09-03 00:00:00.000,16.576408333333333
4721,2007-09-04 00:00:00.000,15.203806250000008
4722,2007-09-05 00:00:00.000,13.142762499999998
4723,2007-09-06 00:00:00.000,16.056768749999996
4724,2007-09-07 00:00:00.000,17.897193749999996
4725,2007-09-08 00:00:00.000,18.136681250000002
4726,2007-09-09 00:00:00.000,26.124818750000006
4727,2007-09-10 00:00:00.000,26.399995833333335
4728,2007-09-11 00:00:00.000,28.132387499999993
4729,2007-09-12 00:00:00.000,31.875935416666664
4730,2007-09-13 00:00:00.000,27.12011666666666
4731,2007-09-14 00:00:00.000,24.311672916666677
4732,2007-09-15 00:00:00.000,23.61786666666667
4733,2007-09-16 00:00:00.000,19.56978125
4734,2007-09-17 00:00:00.000,16.430756249999998
4735,2007-09-18 00:00:00.000,13.595118750000006
4736,2007-09-19 00:00:00.000,14.41778958333333
4737,2007-09-20 00:00:00.000,12.394093750000003
4738,2007-09-21 00:00:00.000,12.702641666666672
4739,2007-09-22 00:00:00.000,12.481752083333332
4740,2007-09-23 00:00:00.000,13.677835416666667
4741,2007-09-24 00:00:00.000,13.934414583333329
4742,2007-09-25 00:00:00.000,15.587981250000006
4743,2007-09-26 00:00:00.000,17.305633333333336
4744,2007-09-27 00:00:00.000,19.426752083333337
4745,2007-09-28 00:00:00.000,28.116683333333338
4746,2007-09-29 00:00:00.000,21.251320833333327
4747,2007-09-30 00:00:00.000,21.550764583333336
4748,2007-10-01 23:45:00.003,18.89805520833333
4749,2007-10-02 23:45:00.006,17.94985416666667
4750,2007-10-03 23:45:00.008,18.969054166666666
4751,2007-10-04 23:45:00.011,19.786537499999998
4752,2007-10-05 23:45:00.014,17.646615625000003
4753,2007-10-06 23:45:00.017,17.814491666666672
4754,2007-10-07 23:45:00.019,17.850986458333328
4755,2007-10-08 23:45:00.022,18.35760625
4756,2007-10-09 23:45:00.025,20.821662500000006
4757,2007-10-10 23:45:00.028,20.38853854166667
4758,2007-10-11 23:45:00.030,18.724870833333338
4759,2007-10-12 23:45:00.033,17.75129791666666
4760,2007-10-13 23:45:00.036,17.809183333333337
4761,2007-10-14 23:45:00.039,16.64599479166667
4762,2007-10-15 23:45:00.041,14.093710416666662
4763,2007-10-16 23:45:00.044,15.568403124999994
4764,2007-10-17 23:45:00.047,14.709116666666668
4765,2007-10-18 23:45:00.050,13.426996875
4766,2007-10-19 23:45:00.053,14.367392708333329
4767,2007-10-20 23:45:00.055,15.271800000000008
4768,2007-10-21 23:45:00.058,15.523945833333338
4769,2007-10-22 23:45:00.061,16.127768750000005
4770,2007-10-23 23:45:00.064,17.181472916666667
4771,2007-10-24 23:45:00.066,18.19403749999999
4772,2007-10-25 23:45:00.069,18.880803125000003
4773,2007-10-26 23:45:00.072,19.824696874999997
4774,2007-10-27 23:45:00.075,21.472596875000004
4775,2007-10-28 23:45:00.077,19.078212499999996
4776,2007-10-29 23:45:00.080,21.835554166666654
4777,2007-10-30 23:45:00.083,20.088448958333334
4778,2007-10-31 23:45:00.086,18.130337499999996
4779,2007-11-01 23:45:00.088,16.884206250000002
4780,2007-11-02 23:45:00.091,17.178818749999994
4781,2007-11-03 23:45:00.094,18.608751041666668
4782,2007-11-04 23:45:00.097,19.23048958333333
4783,2007-11-05 23:45:00.100,19.612026041666667
4784,2007-11-06 23:45:00.102,24.160604166666662
4785,2007-11-07 23:45:00.105,21.055229166666667
4786,2007-11-08 23:45:00.108,26.20298541666666
4787,2007-11-09 23:45:00.111,22.103625000000008
4788,2007-11-10 23:45:00.113,20.171391666666658
4789,2007-11-11 23:45:00.116,19.95839479166666
4790,2007-11-12 23:45:00.119,17.654578125
4791,2007-11-13 23:45:00.122,17.073315625
4792,2007-11-14 23:45:00.124,16.61431354166667
4793,2007-11-15 23:45:00.127,16.256495833333332
4794,2007-11-16 23:45:00.130,16.258486458333326
4795,2007-11-17 23:45:00.133,16.460866666666657
4796,2007-11-18 23:45:00.135,17.827098958333327
4797,2007-11-19 23:45:00.138,19.952422916666674
4798,2007-11-20 23:45:00.141,21.155423958333337
4799,2007-11-21 23:45:00.144,21.96693541666667
4800,2007-11-22 23:45:00.147,23.092302083333326
4801,2007-11-23 23:45:00.149,24.627073958333327
4802,2007-11-24 23:45:00.152,24.694755208333337
4803,2007-11-25 23:45:00.155,24.803081249999995
4804,2007-11-26 23:45:00.158,23.665276041666672
4805,2007-11-27 23:45:00.160,23.81290833333334
4806,2007-11-28 23:45:00.163,22.451984375
4807,2007-11-29 23:45:00.166,21.13122187499999
4808,2007-11-30 23:45:00.169,21.570801041666666
4809,2007-12-01 23:45:00.171,22.288089583333328
4810,2007-12-02 23:45:00.174,22.905183333333337
4811,2007-12-03 23:45:00.177,22.338687500000006
4812,2007-12-04 23:45:00.180,21.27868541666666
4813,2007-12-05 23:45:00.182,19.972171875
4814,2007-12-06 23:45:00.185,18.761377083333333
4815,2007-12-07 23:45:00.188,20.814869791666663
4816,2007-12-08 23:45:00.191,20.705542708333336
4817,2007-12-09 23:45:00.194,23.20974895833334
4818,2007-12-10 23:45:00.196,22.55815104166666
4819,2007-12-11 23:45:00.199,28.60566979166666
4820,2007-12-12 23:45:00.202,23.856702083333328
4821,2007-12-13 23:45:00.205,22.487658333333325
4822,2007-12-14 23:45:00.207,19.834661458333333
4823,2007-12-15 23:45:00.210,19.567411458333336
4824,2007-12-16 23:45:00.213,20.71682291666667
4825,2007-12-17 23:45:00.216,21.74796666666667
4826,2007-12-18 23:45:00.218,22.647065625000007
4827,2007-12-19 23:45:00.221,22.552179166666665
4828,2007-12-20 23:45:00.224,23.361036458333334
4829,2007-12-21 23:45:00.227,22.408190625000003
4830,2007-12-22 23:45:00.229,22.56279583333333
4831,2007-12-23 23:45:00.232,23.56408020833334
4832,2007-12-24 23:45:00.235,23.65896666666667
4833,2007-12-25 23:45:00.238,24.667549999999988
4834,2007-12-26 23:45:00.241,26.90567604166669
4835,2007-12-27 23:45:00.243,27.413285416666678
4836,2007-12-28 23:45:00.246,26.710594791666676
4837,2007-12-29 23:45:00.249,27.151186458333328
4838,2007-12-30 23:45:00.252,28.244703125
4839,2007-12-31 23:45:00.254,28.865114583333337
4840,2008-01-01 23:45:00.257,25.225588541666664
4841,2008-01-02 23:45:00.260,22.456629166666676
4842,2008-01-03 23:45:00.263,20.898633333333326
4843,2008-01-04 23:45:00.265,24.659587500000004
4844,2008-01-05 23:45:00.268,22.96755624999999
4845,2008-01-06 23:45:00.271,25.344362500000006
4846,2008-01-07 23:45:00.274,26.69152083333334
4847,2008-01-08 23:45:00.276,31.43700208333334
4848,2008-01-09 23:45:00.279,40.922993749999996
4849,2008-01-10 23:45:00.282,48.68112291666666
4850,2008-01-11 23:45:00.285,53.18922500000003
4851,2008-01-12 23:45:00.288,57.98928541666668
4852,2008-01-13 23:45:00.290,60.66335833333334
4853,2008-01-14 23:45:00.293,60.36476458333334
4854,2008-01-15 23:45:00.296,58.41262500000002
4855,2008-01-16 23:45:00.299,56.306543750000024
4856,2008-01-17 23:45:00.301,55.00600208333335
4857,2008-01-18 23:45:00.304,51.021434375000005
4858,2008-01-19 23:45:00.307,48.68244999999999
4859,2008-01-20 23:45:00.310,48.12192604166666
4860,2008-01-21 23:45:00.312,45.794053125000005
4861,2008-01-22 23:45:00.315,48.28299791666666
4862,2008-01-23 23:45:00.318,49.06398645833335
4863,2008-01-24 23:45:00.321,49.670463541666685
4864,2008-01-25 23:45:00.323,49.781274999999965
4865,2008-01-26 23:45:00.326,47.46153333333333
4866,2008-01-27 23:45:00.329,45.835856250000006
4867,2008-01-28 23:45:00.332,42.37814062499999
4868,2008-01-29 23:45:00.335,39.03654479166666
4869,2008-01-30 23:45:00.337,39.34177395833334
4870,2008-01-31 23:45:00.340,52.80768854166664
4871,2008-02-01 23:45:00.343,59.43182499999998
4872,2008-02-02 23:45:00.346,70.70208020833334
4873,2008-02-03 23:45:00.348,76.86107395833331
4874,2008-02-04 23:45:00.351,70.43799062500001
4875,2008-02-05 23:45:00.354,66.26696770833338
4876,2008-02-06 23:45:00.357,67.02274166666666
4877,2008-02-07 23:45:00.359,69.90052187500002
4878,2008-02-08 23:45:00.362,72.81944166666666
4879,2008-02-09 23:45:00.365,72.94286041666668
4880,2008-02-10 23:45:00.368,74.18036562500002
4881,2008-02-11 23:45:00.370,72.886459375
4882,2008-02-12 23:45:00.373,69.95028749999999
4883,2008-02-13 23:45:00.376,68.99943229166666
4884,2008-02-14 23:45:00.379,67.45138958333332
4885,2008-02-15 23:45:00.382,61.57756145833332
4886,2008-02-16 23:45:00.384,60.938728124999976
4887,2008-02-17 23:45:00.387,58.55196875000001
4888,2008-02-18 23:45:00.390,57.31379999999999
4889,2008-02-19 23:45:00.393,57.775625
4890,2008-02-20 23:45:00.395,56.201040625
4891,2008-02-21 23:45:00.398,56.68409895833333
4892,2008-02-22 23:45:00.401,55.29928750000001
4893,2008-02-23 23:45:00.404,53.266859375
4894,2008-02-24 23:45:00.406,53.67493749999999
4895,2008-02-25 23:45:00.409,46.04752604166666
4896,2008-02-26 23:45:00.412,41.15921458333333
4897,2008-02-27 23:45:00.415,35.10771458333333
4898,2008-02-28 23:45:00.417,31.73227812499999
4899,2008-02-29 23:45:00.420,29.976546875
4900,2008-03-01 23:45:00.423,31.867640625000007
4901,2008-03-02 23:45:00.426,35.910599999999995
4902,2008-03-03 23:45:00.429,43.82399791666666
4903,2008-03-04 23:45:00.431,46.333512499999976
4904,2008-03-05 23:45:00.434,47.336787500000014
4905,2008-03-06 23:45:00.437,48.626712500000004
4906,2008-03-07 23:45:00.440,48.087916666666665
4907,2008-03-08 23:45:00.442,49.79255520833335
4908,2008-03-09 23:45:00.445,49.663828125
4909,2008-03-10 23:45:00.448,48.44622916666666
4910,2008-03-11 23:45:00.451,47.253181250000004
4911,2008-03-12 23:45:00.453,45.78277291666668
4912,2008-03-13 23:45:00.456,45.14444583333333
4913,2008-03-14 23:45:00.459,42.866507291666665
4914,2008-03-15 23:45:00.462,40.68345520833334
4915,2008-03-16 23:45:00.464,38.88193958333334
4916,2008-03-17 23:45:00.467,39.493725000000005
4917,2008-03-18 23:45:00.470,39.211719791666674
4918,2008-03-19 23:45:00.473,41.31713750000001
4919,2008-03-20 23:45:00.476,40.954180208333334
4920,2008-03-21 23:45:00.478,39.46851041666665
4921,2008-03-22 23:45:00.481,39.22233645833334
4922,2008-03-23 23:45:00.484,40.11081875000001
4923,2008-03-24 23:45:00.487,40.574634374999995
4924,2008-03-25 23:45:00.489,39.647003125000005
4925,2008-03-26 23:45:00.492,38.705437500000016
4926,2008-03-27 23:45:00.495,35.35189791666666
4927,2008-03-28 23:45:00.498,32.23922395833334
4928,2008-03-29 23:45:00.500,29.424480208333332
4929,2008-03-30 23:45:00.503,27.88705416666666
4930,2008-03-31 23:45:00.506,27.11601875
4931,2008-04-01 23:45:00.509,26.7298375
4932,2008-04-02 23:45:00.511,28.524717708333316
4933,2008-04-03 23:45:00.514,29.898248958333344
4934,2008-04-04 23:45:00.517,33.89476041666669
4935,2008-04-05 23:45:00.520,35.410289583333316
4936,2008-04-06 23:45:00.523,38.45926354166666
4937,2008-04-07 23:45:00.525,34.70229062499999
4938,2008-04-08 23:45:00.528,36.55357187500001
4939,2008-04-09 23:45:00.531,35.08117291666666
4940,2008-04-10 23:45:00.534,31.51994479166666
4941,2008-04-11 23:45:00.536,27.47665937500001
4942,2008-04-12 23:45:00.539,25.82675729166667
4943,2008-04-13 23:45:00.542,25.103496874999994
4944,2008-04-14 23:45:00.545,29.95066875000002
4945,2008-04-15 23:45:00.547,35.32469270833334
4946,2008-04-16 23:45:00.550,36.388349999999996
4947,2008-04-17 23:45:00.553,34.87613854166667
4948,2008-04-18 23:45:00.556,37.95364479166666
4949,2008-04-19 23:45:00.558,42.42060729166668
4950,2008-04-20 23:45:00.561,40.54411145833334
4951,2008-04-21 23:45:00.564,39.74321666666667
4952,2008-04-22 23:45:00.567,37.96492499999999
4953,2008-04-23 23:45:00.570,33.537775
4954,2008-04-24 23:45:00.572,31.512645833333313
4955,2008-04-25 23:45:00.575,28.98720624999999
4956,2008-04-26 23:45:00.578,27.461060416666673
4957,2008-04-27 23:45:00.581,26.413328124999996
4958,2008-04-28 23:45:00.583,28.432485416666655
4959,2008-04-29 23:45:00.586,30.869010416666658
4960,2008-04-30 23:45:00.589,36.07051354166667
4961,2008-05-01 23:45:00.592,36.11629791666666
4962,2008-05-02 23:45:00.594,37.524333333333324
4963,2008-05-03 23:45:00.597,38.92374270833332
4964,2008-05-04 23:45:00.600,38.116212499999996
4965,2008-05-05 23:45:00.603,36.481909375
4966,2008-05-06 23:45:00.605,37.21844062499999
4967,2008-05-07 23:45:00.608,35.57418437500001
4968,2008-05-08 23:45:00.611,33.65389479166665
4969,2008-05-09 23:45:00.614,32.679815624999996
4970,2008-05-10 23:45:00.617,31.218033333333327
4971,2008-05-11 23:45:00.619,30.608238541666662
4972,2008-05-12 23:45:00.622,33.46014062499999
4973,2008-05-13 23:45:00.625,34.85158749999999
4974,2008-05-14 23:45:00.628,35.414270833333326
4975,2008-05-15 23:45:00.630,37.59931354166666
4976,2008-05-16 23:45:00.633,33.23719062500001
4977,2008-05-17 23:45:00.636,28.753639583333335
4978,2008-05-18 23:45:00.639,28.46499895833334
4979,2008-05-19 23:45:00.641,28.865778125000016
4980,2008-05-20 23:45:00.644,30.474203125000003
4981,2008-05-21 23:45:00.647,29.932753125000005
4982,2008-05-22 23:45:00.650,31.136417708333326
4983,2008-05-23 23:45:00.652,28.24204895833334
4984,2008-05-24 23:45:00.655,25.161888541666666
4985,2008-05-25 23:45:00.658,24.491711458333338
4986,2008-05-26 23:45:00.661,26.111416666666656
4987,2008-05-27 23:45:00.664,27.489592708333337
4988,2008-05-28 23:45:00.666,28.750321875000015
4989,2008-05-29 23:45:00.669,28.584447916666658
4990,2008-05-30 23:45:00.672,31.511318749999997
4991,2008-05-31 23:45:00.675,32.01959166666667
4992,2008-06-01 23:45:00.677,31.459562499999993
4993,2008-06-02 23:45:00.680,31.178220833333327
4994,2008-06-03 23:45:00.683,32.397146875
4995,2008-06-04 23:45:00.686,34.176102083333326
4996,2008-06-05 23:45:00.688,32.21533645833333
4997,2008-06-06 23:45:00.691,34.54237708333333
4998,2008-06-07 23:45:00.694,31.469515625
4999,2008-06-08 23:45:00.697,30.256561458333334
5000,2008-06-09 23:45:00.699,30.516669791666672
5001,2008-06-10 23:45:00.702,33.275676041666664
5002,2008-06-11 23:45:00.705,32.63867604166666
5003,2008-06-12 23:45:00.708,27.42257499999999
5004,2008-06-13 23:45:00.711,24.51294479166667
5005,2008-06-14 23:45:00.713,29.63283229166666
5006,2008-06-15 23:45:00.716,29.593683333333335
5007,2008-06-16 23:45:00.719,26.021174999999985
5008,2008-06-17 23:45:00.722,23.71337708333333
5009,2008-06-18 23:45:00.724,21.621893749999998
5010,2008-06-19 23:45:00.727,20.80706458333334
5011,2008-06-20 23:45:00.730,20.10503750000001
5012,2008-06-21 23:45:00.733,20.311398958333328
5013,2008-06-22 23:45:00.735,20.480602083333334
5014,2008-06-23 23:45:00.738,20.832942708333334
5015,2008-06-24 23:45:00.741,21.76654583333333
5016,2008-06-25 23:45:00.744,23.43999791666667
5017,2008-06-26 23:45:00.746,23.680863541666664
5018,2008-06-27 23:45:00.749,25.559349999999995
5019,2008-06-28 23:45:00.752,27.678702083333338
5020,2008-06-29 23:45:00.755,26.67940833333333
5021,2008-06-30 23:45:00.758,26.152556250000004
5022,2008-07-01 23:45:00.760,25.64826458333334
5023,2008-07-02 23:45:00.763,24.412086458333345
5024,2008-07-03 23:45:00.766,24.673521874999995
5025,2008-07-04 23:45:00.769,25.00462916666668
5026,2008-07-05 23:45:00.771,25.134019791666663
5027,2008-07-06 23:45:00.774,25.259429166666667
5028,2008-07-07 23:45:00.777,25.295923958333322
5029,2008-07-08 23:45:00.780,24.816183333333328
5030,2008-07-09 23:45:00.782,23.993391666666664
5031,2008-07-10 23:45:00.785,21.964461458333332
5032,2008-07-11 23:45:00.788,24.879219791666667
5033,2008-07-12 23:45:00.791,21.256945833333333
5034,2008-07-13 23:45:00.793,19.667111458333334
5035,2008-07-14 23:45:00.796,16.130480208333335
5036,2008-07-15 23:45:00.799,19.074737499999998
5037,2008-07-16 23:45:00.802,14.654943750000006
5038,2008-07-17 23:45:00.805,13.077221875
5039,2008-07-18 23:45:00.807,15.721232291666665
5040,2008-07-19 23:45:00.810,13.896515624999994
5041,2008-07-20 23:45:00.813,15.940055208333334
5042,2008-07-21 23:45:00.816,16.28625520833333
5043,2008-07-22 23:45:00.818,14.521245833333333
5044,2008-07-23 23:45:00.821,14.55109375
5045,2008-07-24 23:45:00.824,16.843864583333332
5046,2008-07-25 23:45:00.827,17.852493749999994
5047,2008-07-26 23:45:00.829,14.767379687500018
5048,2008-07-27 23:45:00.832,16.58844114583334
5049,2008-07-28 23:45:00.835,17.294111979166658
5050,2008-07-29 23:45:00.838,15.356576041666683
5051,2008-07-30 23:45:00.840,17.59850885416664
5052,2008-07-31 23:45:00.843,17.69239999999997
5053,2008-08-01 23:45:00.846,17.69239999999997
5054,2008-08-02 23:45:00.849,17.69239999999997
5055,2008-08-03 23:45:00.852,17.69239999999997
5056,2008-08-04 23:45:00.854,17.69239999999997
5057,2008-08-05 23:45:00.857,17.69239999999997
5058,2008-08-06 23:45:00.860,19.99356250000001
5059,2008-08-07 23:45:00.863,21.079116666666664
5060,2008-08-08 23:45:00.865,20.156962500000002
5061,2008-08-09 23:45:00.868,17.39314270833333
5062,2008-08-10 23:45:00.871,14.91415104166667
5063,2008-08-11 23:45:00.874,14.67859375
5064,2008-08-12 23:45:00.876,14.11259270833333
5065,2008-08-13 23:45:00.879,14.033631249999994
5066,2008-08-14 23:45:00.882,14.371373958333331
5067,2008-08-15 23:45:00.885,15.567076041666661
5068,2008-08-16 23:45:00.887,17.598840624999998
5069,2008-08-17 23:45:00.890,19.793836458333335
5070,2008-08-18 23:45:00.893,18.940521874999998
5071,2008-08-19 23:45:00.896,18.87416770833333
5072,2008-08-20 23:45:00.899,19.41163645833333
5073,2008-08-21 23:45:00.901,19.18669583333334
5074,2008-08-22 23:45:00.904,17.55040208333333
5075,2008-08-23 23:45:00.907,17.690409375
5076,2008-08-24 23:45:00.910,17.90606041666667
5077,2008-08-25 23:45:00.912,16.543809375
5078,2008-08-26 23:45:00.915,15.815240625000007
5079,2008-08-27 23:45:00.918,16.472146875000004
5080,2008-08-28 23:45:00.921,16.333466666666666
5081,2008-08-29 23:45:00.923,16.54115520833334
5082,2008-08-30 23:45:00.926,19.207929166666666
5083,2008-08-31 23:45:00.929,19.332675000000002
5084,2008-09-01 23:45:00.932,20.612815624999996
5085,2008-09-02 23:45:00.934,19.825686458333344
5086,2008-09-03 23:45:00.937,18.590835416666664
5087,2008-09-04 23:45:00.940,17.054905208333334
5088,2008-09-05 23:45:00.943,15.373985416666672
5089,2008-09-06 23:45:00.946,13.73504895833333
5090,2008-09-07 23:45:00.948,13.388354166666657
5091,2008-09-08 23:45:00.951,15.611702083333332
5092,2008-09-09 23:45:00.954,14.844647916666652
5093,2008-09-10 23:45:00.957,15.827847916666661
5094,2008-09-11 23:45:00.959,15.781073958333332
5095,2008-09-12 23:45:00.962,17.699867708333336
5096,2008-09-13 23:45:00.965,18.804169791666666
5097,2008-09-14 23:45:00.968,19.24658333333333
5098,2008-09-15 23:45:00.970,21.07928541666667
5099,2008-09-16 23:45:00.973,25.578097916666664
5100,2008-09-17 23:45:00.976,26.532439583333346
5101,2008-09-18 23:45:00.979,23.632425
5102,2008-09-19 23:45:00.981,19.806792708333333
5103,2008-09-20 23:45:00.984,19.006212500000004
5104,2008-09-21 23:45:00.987,17.643297916666654
5105,2008-09-22 23:45:00.990,16.73026458333333
5106,2008-09-23 23:45:00.993,16.545968750000004
5107,2008-09-24 23:45:00.995,16.067555208333328
5108,2008-09-25 23:45:00.998,16.679171875
5109,2008-09-26 23:45:01.001,16.77538541666667
5110,2008-09-27 23:45:01.004,17.287639583333323
5111,2008-09-28 23:45:01.006,18.013554166666676
5112,2008-09-29 23:45:01.009,22.152063541666678
5113,2008-09-30 23:45:01.012,20.947735416666674
5114,2008-10-01 23:52:31.000,19.8163
5115,2008-10-02 23:45:02.881,18.988312631578953
5116,2008-10-03 23:52:39.073,17.400803125000007
5117,2008-10-04 23:45:10.513,16.14500947368421
5118,2008-10-05 23:52:46.705,15.00896770833333
5119,2008-10-06 23:45:18.146,14.075724210526314
5120,2008-10-07 23:52:54.338,14.374164583333327
5121,2008-10-08 23:45:25.778,14.515677894736836
5122,2008-10-09 23:53:01.970,14.215970833333323
5123,2008-10-10 23:45:33.411,14.993888421052631
5124,2008-10-11 23:53:09.603,16.610654255319155
5125,2008-10-12 23:45:41.043,17.294081052631576
5126,2008-10-13 23:53:17.236,17.426492708333335
5127,2008-10-14 23:45:48.676,17.74633157894737
5128,2008-10-15 23:53:24.868,17.774654166666675
5129,2008-10-16 23:45:56.308,18.12061489361702
5130,2008-10-17 23:53:32.501,17.717190625
5131,2008-10-18 23:46:03.941,17.363908510638296
5132,2008-10-19 23:53:40.133,19.28493124999999
5133,2008-10-20 23:46:11.573,18.388500000000004
5134,2008-10-21 23:53:47.766,16.463809375
5135,2008-10-22 23:46:19.206,16.448331578947364
5136,2008-10-23 23:53:55.398,16.710564583333333
5137,2008-10-24 23:46:26.839,16.712030526315786
5138,2008-10-25 23:54:03.031,16.519920833333334
5139,2008-10-26 23:46:34.471,16.54223020833333
5140,2008-10-27 23:54:10.663,19.72030208333334
5141,2008-10-28 23:46:42.104,18.494389473684212
5142,2008-10-29 23:54:18.296,17.52113854166667
5143,2008-10-30 23:46:49.736,16.794527472527474
5144,2008-10-31 23:54:25.929,16.142276842105268
5145,2008-11-01 23:46:57.369,15.391486315789466
5146,2008-11-02 23:54:33.561,14.601990624999994
5147,2008-11-03 23:47:05.001,14.18502947368421
5148,2008-11-04 23:54:41.194,14.597258333333334
5149,2008-11-05 23:47:12.634,14.35308631578947
5150,2008-11-06 23:54:48.826,14.615511458333328
5151,2008-11-07 23:47:20.266,15.027363157894742
5152,2008-11-08 23:54:56.459,15.901342708333337
5153,2008-11-09 23:47:27.899,19.349019999999996
5154,2008-11-10 23:55:04.091,18.725844791666667
5155,2008-11-11 23:47:35.532,19.196675789473687
5156,2008-11-12 23:55:11.724,19.589491578947367
5157,2008-11-13 23:47:43.164,19.8887147368421
5158,2008-11-14 23:55:19.356,20.068995744680844
5159,2008-11-15 23:47:50.797,19.624452747252754
5160,2008-11-16 23:55:26.989,19.456275789473686
5161,2008-11-17 23:47:58.429,18.850011111111115
5162,2008-11-18 23:55:34.621,18.491258333333334
5163,2008-11-19 23:48:06.062,18.60460319148936
5164,2008-11-20 23:55:42.254,19.10037187499999
5165,2008-11-21 23:48:13.694,19.06619263157895
5166,2008-11-22 23:55:49.887,19.043648421052634
5167,2008-11-23 23:48:21.327,18.799077894736847
5168,2008-11-24 23:55:57.519,18.889446875
5169,2008-11-25 23:48:28.959,17.539334736842115
5170,2008-11-26 23:56:05.152,17.687444791666667
5171,2008-11-27 23:48:36.592,17.299396875
5172,2008-11-28 23:56:12.784,17.01410729166666
5173,2008-11-29 23:48:44.224,17.148568421052634
5174,2008-11-30 23:56:20.417,16.907292708333333
5175,2008-12-01 23:48:51.857,16.559003157894736
5176,2008-12-02 23:56:28.049,16.255872043010754
5177,2008-12-03 23:48:59.490,16.500251578947374
5178,2008-12-04 23:56:35.682,16.01965
5179,2008-12-05 23:49:07.122,16.419638947368423
5180,2008-12-06 23:56:43.314,16.59428541666666
5181,2008-12-07 23:49:14.755,16.964115789473684
5182,2008-12-08 23:56:50.947,17.605685567010305
5183,2008-12-09 23:49:22.387,17.304328421052638
5184,2008-12-10 23:56:58.580,17.511346391752575
5185,2008-12-11 23:49:30.020,18.61872421052631
5186,2008-12-12 23:57:06.212,20.05448969072165
5187,2008-12-13 23:49:37.652,29.945482105263142
5188,2008-12-14 23:57:13.845,31.112956250000014
5189,2008-12-15 23:49:45.285,29.00067473684211
5190,2008-12-16 23:57:21.477,28.28304583333335
5191,2008-12-17 23:49:52.917,25.81237684210527
5192,2008-12-18 23:57:29.110,25.27939270833333
5193,2008-12-19 23:50:00.550,24.3118947826087
5194,2008-12-20 23:57:36.742,24.284152631578944
5195,2008-12-21 23:50:08.183,23.521065263157897
5196,2008-12-22 23:57:44.375,23.579823958333325
5197,2008-12-23 23:50:15.815,22.135621052631585
5198,2008-12-24 23:57:52.007,21.27114166666667
5199,2008-12-25 23:50:23.448,25.097110526315785
5200,2008-12-26 23:57:59.640,26.076445833333338
5201,2008-12-27 23:50:31.080,22.94379684210526
5202,2008-12-28 23:58:07.272,22.54615625
5203,2008-12-29 23:50:38.713,22.160897894736838
5204,2008-12-30 23:58:14.905,21.972196874999995
5205,2008-12-31 23:50:46.345,21.52077894736841
5206,2009-01-01 23:58:22.538,21.47263085106383
5207,2009-01-02 23:50:53.978,22.456705263157893
5208,2009-01-03 23:58:30.170,22.32982291666667
5209,2009-01-04 23:51:01.610,22.598802105263154
5210,2009-01-05 23:58:37.803,21.80927083333333
5211,2009-01-06 23:51:09.243,21.33905894736842
5212,2009-01-07 23:58:45.435,20.929476086956523
5213,2009-01-08 23:51:16.876,20.859482105263165
5214,2009-01-09 23:58:53.068,21.42257499999999
5215,2009-01-10 23:51:24.508,22.14996736842106
5216,2009-01-11 23:59:00.700,23.118002105263166
5217,2009-01-12 23:51:32.141,24.52155
5218,2009-01-13 23:59:08.333,25.175958333333323
5219,2009-01-14 23:51:39.773,26.114332631578943
5220,2009-01-15 23:59:15.965,26.253696842105263
5221,2009-01-16 23:51:47.406,24.916073684210538
5222,2009-01-17 23:59:23.598,23.623090625
5223,2009-01-18 23:51:55.038,22.329637894736845
5224,2009-01-19 23:59:31.231,20.500141052631577
5225,2009-01-20 23:52:02.671,19.088736842105266
5226,2009-01-21 23:59:38.863,18.16811041666666
5227,2009-01-22 23:52:10.303,17.545490425531916
5228,2009-01-23 23:59:46.496,17.78344270833333
5229,2009-01-24 23:52:17.936,17.746331578947366
5230,2009-01-25 23:59:54.128,19.720302083333326
5231,2009-01-26 23:52:25.568,21.658093684210527
5232,2009-01-27 23:44:57.009,21.151873684210525
5233,2009-01-28 23:52:33.201,21.02573854166666
5234,2009-01-29 23:45:04.641,21.089706315789474
5235,2009-01-30 23:52:40.834,21.31373229166667
5236,2009-01-31 23:45:12.274,21.22719895833333
5237,2009-02-01 23:52:48.466,20.58969166666667
5238,2009-02-02 23:45:19.906,20.26171894736843
5239,2009-02-03 23:52:56.099,19.433660416666665
5240,2009-02-04 23:45:27.539,18.95893684210527
5241,2009-02-05 23:53:03.731,18.416893750000003
5242,2009-02-06 23:45:35.171,18.274412631578947
5243,2009-02-07 23:53:11.364,18.42500625
5244,2009-02-08 23:45:42.804,19.631164210526315
5245,2009-02-09 23:53:18.996,22.62660520833333
5246,2009-02-10 23:45:50.437,25.03426
5247,2009-02-11 23:53:26.629,25.653243749999998
5248,2009-02-12 23:45:58.069,26.585711578947368
5249,2009-02-13 23:53:34.261,26.381340625000007
5250,2009-02-14 23:46:05.702,27.526838709677417
5251,2009-02-15 23:53:41.894,26.127825000000012
5252,2009-02-16 23:46:13.334,24.944766315789476
5253,2009-02-17 23:53:49.527,21.105511458333332
5254,2009-02-18 23:46:20.967,19.827913684210536
5255,2009-02-19 23:53:57.159,19.553284210526318
5256,2009-02-20 23:46:28.599,19.448077894736837
5257,2009-02-21 23:54:04.792,20.551610309278352
5258,2009-02-22 23:46:36.232,23.733527368421043
5259,2009-02-23 23:54:12.424,27.194618750000004
5260,2009-02-24 23:46:43.864,34.01915263157894
5261,2009-02-25 23:54:20.057,40.26926458333333
5262,2009-02-26 23:46:51.497,41.98204105263157
5263,2009-02-27 23:54:27.689,39.15109166666667
5264,2009-02-28 23:46:59.130,36.32754315789474
5265,2009-03-01 23:54:35.322,34.98937916666667
5266,2009-03-02 23:47:06.762,36.37126526315791
5267,2009-03-03 23:54:42.954,38.65487708333333
5268,2009-03-04 23:47:14.395,37.58660315789472
5269,2009-03-05 23:54:50.587,34.02196354166665
5270,2009-03-06 23:47:22.027,29.504845263157886
5271,2009-03-07 23:54:58.219,26.859302083333336
5272,2009-03-08 23:47:29.660,27.83520736842105
5273,2009-03-09 23:55:05.852,33.71842083333333
5274,2009-03-10 23:47:37.292,35.81790736842105
5275,2009-03-11 23:55:13.485,36.19881770833334
5276,2009-03-12 23:47:44.925,36.910276842105255
5277,2009-03-13 23:55:21.117,37.75979791666668
5278,2009-03-14 23:47:52.557,38.02587368421053
5279,2009-03-15 23:55:28.750,40.06239583333333
5280,2009-03-16 23:48:00.190,38.1809505263158
5281,2009-03-17 23:55:36.382,36.20490208333333
5282,2009-03-18 23:48:07.822,32.19785368421052
5283,2009-03-19 23:55:44.015,30.45313958333334
5284,2009-03-20 23:48:15.455,29.35796631578947
5285,2009-03-21 23:55:51.647,27.513710416666658
5286,2009-03-22 23:48:23.088,27.66236842105262
5287,2009-03-23 23:55:59.280,30.726260416666666
5288,2009-03-24 23:48:30.720,29.845057894736836
5289,2009-03-25 23:56:06.912,30.542377083333335
5290,2009-03-26 23:48:38.353,31.659525263157885
5291,2009-03-27 23:56:14.545,33.320232291666656
5292,2009-03-28 23:48:45.985,32.8707642105263
5293,2009-03-29 23:56:22.178,35.26655625
5294,2009-03-30 23:48:53.618,35.8650452631579
5295,2009-03-31 23:56:29.810,34.02872395833332
5296,2009-04-01 23:49:01.250,33.17545263157894
5297,2009-04-02 23:56:37.443,32.84091874999999
5298,2009-04-03 23:49:08.883,33.77936421052632
5299,2009-04-04 23:56:45.075,34.68245624999999
5300,2009-04-05 23:49:16.515,34.378493684210525
5301,2009-04-06 23:56:52.708,34.881888541666676
5302,2009-04-07 23:49:24.148,36.17724842105262
5303,2009-04-08 23:57:00.340,39.555364583333336
5304,2009-04-09 23:49:31.781,39.003472631578965
5305,2009-04-10 23:57:07.973,38.40812187499998
5306,2009-04-11 23:49:39.413,36.95126631578946
5307,2009-04-12 23:57:15.605,38.06063645833332
5308,2009-04-13 23:49:47.046,36.43001684210525
5309,2009-04-14 23:57:23.238,34.775073958333344
5310,2009-04-15 23:49:54.678,34.19985164835165
5311,2009-04-16 23:57:30.870,32.00668333333332
5312,2009-04-17 23:50:02.311,29.60731894736843
5313,2009-04-18 23:57:38.503,29.12336562500002
5314,2009-04-19 23:50:09.943,28.582582105263153
5315,2009-04-20 23:57:46.136,26.835640624999996
5316,2009-04-21 23:50:17.576,27.003121052631585
5317,2009-04-22 23:57:53.768,27.608356249999996
5318,2009-04-23 23:50:25.208,28.677541052631582
5319,2009-04-24 23:58:01.401,35.14960104166666
5320,2009-04-25 23:50:32.841,34.386691578947364
5321,2009-04-26 23:58:09.033,33.95233125000001
5322,2009-04-27 23:50:40.473,33.45144842105263
5323,2009-04-28 23:58:16.666,34.66149895833334
5324,2009-04-29 23:50:48.106,35.727846808510634
5325,2009-04-30 23:58:24.298,31.448272916666678
5326,2009-05-01 23:50:55.739,29.816365263157877
5327,2009-05-02 23:58:31.931,29.317389583333323
5328,2009-05-03 23:51:03.371,29.475469473684207
5329,2009-05-04 23:58:39.563,30.85200416666667
5330,2009-05-05 23:51:11.004,32.44174105263156
5331,2009-05-06 23:58:47.196,33.00790104166668
5332,2009-05-07 23:51:18.636,33.19253157894737
5333,2009-05-08 23:58:54.829,31.09199895833335
5334,2009-05-09 23:51:26.269,30.16545894736843
5335,2009-05-10 23:59:02.461,29.455302083333326
5336,2009-05-11 23:51:33.901,29.9871547368421
5337,2009-05-12 23:59:10.094,30.96490312499998
5338,2009-05-13 23:51:41.534,31.39924210526317
5339,2009-05-14 23:59:17.726,28.84686458333333
5340,2009-05-15 23:51:49.166,29.377094736842086
5341,2009-05-16 23:59:25.359,28.940158333333333
5342,2009-05-17 23:51:56.799,29.217918947368435
5343,2009-05-18 23:59:32.991,29.28020729166668
5344,2009-05-19 23:52:04.432,29.23841368421053
5345,2009-05-20 23:59:40.624,31.527369791666654
5346,2009-05-21 23:52:12.064,32.03047999999998
5347,2009-05-22 23:59:48.256,30.895946875000003
5348,2009-05-23 23:52:19.697,33.89823368421053
5349,2009-05-24 23:59:55.889,34.455982291666665
5350,2009-05-25 23:52:27.329,35.21262947368421
5351,2009-05-27 00:00:03.521,34.448545833333334
5352,2009-05-27 23:52:34.962,34.131190526315784
5353,2009-05-28 23:45:06.402,31.88086842105263
5354,2009-05-29 23:52:42.594,34.03007604166667
5355,2009-05-30 23:45:14.035,35.604078947368436
5356,2009-05-31 23:52:50.227,38.75560729166667
5357,2009-06-01 23:45:21.667,41.10350000000001
5358,2009-06-02 23:52:57.859,43.28508645833332
5359,2009-06-03 23:45:29.300,43.08124210526316
5360,2009-06-04 23:53:05.492,39.485014432989686
5361,2009-06-05 23:45:36.932,38.74797157894734
5362,2009-06-06 23:53:13.124,34.889325000000014
5363,2009-06-07 23:45:44.565,32.62414421052632
5364,2009-06-08 23:53:20.757,30.56874270833333
5365,2009-06-09 23:45:52.197,29.731653684210524
5366,2009-06-10 23:53:28.390,28.930017708333313
5367,2009-06-11 23:45:59.830,27.505925263157888
5368,2009-06-12 23:53:36.022,27.5394
5369,2009-06-13 23:46:07.462,26.851460000000003
5370,2009-06-14 23:53:43.655,26.67001041666666
5371,2009-06-15 23:46:15.095,27.94587894736842
5372,2009-06-16 23:53:51.287,29.137562499999998
5373,2009-06-17 23:46:22.728,30.534364210526306
5374,2009-06-18 23:53:58.920,28.84078020833334
5375,2009-06-19 23:46:30.360,24.838796470588235
5376,2009-06-20 23:54:06.552,24.57833749999999
5377,2009-06-21 23:46:37.993,24.543752631578954
5378,2009-06-22 23:54:14.185,23.92663333333333
5379,2009-06-23 23:46:45.625,22.46490315789474
5380,2009-06-24 23:54:21.817,22.961245833333333
5381,2009-06-25 23:46:53.258,22.855669473684213
5382,2009-06-26 23:54:29.450,27.44881041666667
5383,2009-06-27 23:47:00.890,26.878786315789473
5384,2009-06-28 23:54:37.083,25.357813541666673
5385,2009-06-29 23:47:08.523,25.817158947368434
5386,2009-06-30 23:54:44.715,28.493970833333332
5387,2009-07-01 23:47:16.155,29.43857894736842
5388,2009-07-02 23:54:52.348,30.764794791666674
5389,2009-07-03 23:47:23.788,29.84574105263158
5390,2009-07-04 23:54:59.980,28.432451041666663
5391,2009-07-05 23:47:31.420,28.644066315789473
5392,2009-07-06 23:55:07.613,29.08618333333334
5393,2009-07-07 23:47:39.053,29.955046315789474
5394,2009-07-08 23:55:15.245,25.984504166666664
5395,2009-07-09 23:47:46.686,24.004057894736846
5396,2009-07-10 23:55:22.878,22.873360416666667
5397,2009-07-11 23:47:54.318,22.82697684210527
5398,2009-07-12 23:55:30.510,23.14377708333335
5399,2009-07-13 23:48:01.951,23.078378947368414
5400,2009-07-14 23:55:38.143,24.104432291666665
5401,2009-07-15 23:48:09.583,23.349592631578943
5402,2009-07-16 23:55:45.775,22.144398837209305
5403,2009-07-17 23:48:17.216,22.203253684210516
5404,2009-07-18 23:55:53.408,22.348752083333334
5405,2009-07-19 23:48:24.848,21.194229473684203
5406,2009-07-20 23:56:01.041,19.700696875000006
5407,2009-07-21 23:48:32.481,19.592602127659585
5408,2009-07-22 23:56:08.673,23.249077333333336
5409,2009-07-23 23:48:40.113,24.99
5410,2009-07-24 23:56:16.306,24.99
5411,2009-07-25 23:48:47.746,24.99
5412,2009-07-26 23:56:23.938,24.99
5413,2009-07-27 23:48:55.379,24.99
5414,2009-07-28 23:56:31.571,26.72655409836066
5415,2009-07-29 23:49:03.011,27.763097872340428
5416,2009-07-30 23:56:39.203,25.77647999999999
5417,2009-07-31 23:49:10.644,28.562476388888893
5418,2009-08-01 23:56:46.836,24.388707812499998
5419,2009-08-02 23:49:18.276,21.606173684210514
5420,2009-08-03 23:56:54.468,21.19812916666667
5421,2009-08-04 23:49:25.909,20.66409894736842
5422,2009-08-05 23:57:02.101,20.403780208333337
5423,2009-08-06 23:49:33.541,19.193260000000006
5424,2009-08-07 23:57:09.734,19.766948958333334
5425,2009-08-08 23:49:41.174,20.66888105263158
5426,2009-08-09 23:57:17.366,19.635120833333335
5427,2009-08-10 23:49:48.806,19.55601684210527
5428,2009-08-11 23:57:24.999,18.762351041666673
5429,2009-08-12 23:49:56.439,19.80536947368421
5430,2009-08-13 23:57:32.631,21.13728541666667
5431,2009-08-14 23:50:04.071,19.410258974358978
5432,2009-08-15 23:57:40.264,17.202537894736842
5433,2009-08-16 23:50:11.704,16.202394736842106
5434,2009-08-17 23:57:47.896,16.1575625
5435,2009-08-18 23:50:19.337,16.421005263157895
5436,2009-08-19 23:57:55.529,17.728007291666675
5437,2009-08-20 23:50:26.969,19.517760000000006
5438,2009-08-21 23:58:03.161,23.464896875000004
5439,2009-08-22 23:50:34.602,25.00693368421053
5440,2009-08-23 23:58:10.794,22.229052941176477
5441,2009-08-24 23:50:42.234,19.26
5442,2009-08-25 23:58:18.426,19.26
5443,2009-08-26 23:50:49.867,19.26
5444,2009-08-27 23:58:26.059,19.26
5445,2009-08-28 23:50:57.499,16.286667142857148
5446,2009-08-29 23:58:33.692,15.146880208333334
5447,2009-08-30 23:51:05.132,14.217137894736844
5448,2009-08-31 23:58:41.324,13.925429473684202
5449,2009-09-01 23:51:12.764,14.93445368421053
5450,2009-09-02 23:58:48.957,15.138767708333335
5451,2009-09-03 23:51:20.397,14.616102105263156
5452,2009-09-04 23:58:56.589,14.321433333333331
5453,2009-09-05 23:51:28.030,14.423451578947374
5454,2009-09-06 23:59:04.222,15.509914583333336
5455,2009-09-07 23:51:35.662,16.20581052631578
5456,2009-09-08 23:59:11.854,16.498963541666665
5457,2009-09-09 23:51:43.295,17.687579999999997
5458,2009-09-10 23:59:19.487,17.97814270833333
5459,2009-09-11 23:51:50.927,18.282174468085113
5460,2009-09-12 23:59:27.119,16.329277083333327
5461,2009-09-13 23:51:58.560,16.02477368421053
5462,2009-09-14 23:59:34.752,16.97016458333334
5463,2009-09-15 23:52:06.192,16.003770212765964
5464,2009-09-16 23:59:42.385,15.073767021276602
5465,2009-09-17 23:52:13.825,16.364986315789473
5466,2009-09-18 23:59:50.017,18.25396770833333
5467,2009-09-19 23:52:21.457,19.813538297872338
5468,2009-09-20 23:59:57.650,20.947317708333323
5469,2009-09-21 23:52:29.090,21.131378947368415
5470,2009-09-23 00:00:05.282,19.49931473684211
5471,2009-09-23 23:52:36.722,17.174528421052624
5472,2009-09-25 00:00:12.915,15.605912500000002
5473,2009-09-25 23:52:44.355,15.489861052631573
5474,2009-09-26 23:45:15.795,15.18244
5475,2009-09-27 23:52:51.988,14.396473958333333
5476,2009-09-28 23:45:23.428,15.830756842105261
5477,2009-09-29 23:52:59.620,15.858752083333338
5478,2009-09-30 23:45:31.060,15.519920000000003
5480,2009-10-02 00:00:00.000,16.21848210526316
5481,2009-10-03 00:00:00.000,18.25952842105263
5482,2009-10-04 00:00:00.000,19.308251578947367
5483,2009-10-05 00:00:00.000,17.204633684210517
5484,2009-10-06 00:00:00.000,16.60427916666667
5485,2009-10-07 00:00:00.000,16.53738387096774
5486,2009-10-08 00:00:00.000,17.218856989247314
5487,2009-10-09 00:00:00.000,16.72698421052631
5488,2009-10-10 00:00:00.000,16.84847604166666
5489,2009-10-11 00:00:00.000,17.723708421052635
5490,2009-10-12 00:00:00.000,16.980153124999998
5491,2009-10-13 00:00:00.000,21.229903125000003
5492,2009-10-14 00:00:00.000,22.460590526315784
5493,2009-10-15 00:00:00.000,20.280655128205126
5494,2009-10-16 00:00:00.000,18.504258461538456
5495,2009-10-17 00:00:00.000,20.976350704225347
5496,2009-10-18 00:00:00.000,21.292016842105255
5497,2009-10-19 00:00:00.000,22.20246063829788
5498,2009-10-20 00:00:00.000,22.0316
5499,2009-10-21 00:00:00.000,21.43450769230769
5500,2009-10-22 00:00:00.000,20.189217073170717
5501,2009-10-23 00:00:00.000,17.80170759493671
5502,2009-10-24 00:00:00.000,17.002752272727268
5503,2009-10-25 00:00:00.000,16.5408808988764
5504,2009-10-26 00:00:00.000,16.292513684210526
5505,2009-10-27 00:00:00.000,18.32577142857142
5506,2009-10-28 00:00:00.000,21.694729166666658
5507,2009-10-29 00:00:00.000,20.75286145833333
5508,2009-10-30 00:00:00.000,19.966221875
5509,2009-10-31 00:00:00.000,19.401351063829786
5510,2009-11-01 00:00:00.000,19.572362765957447
5511,2009-11-02 00:00:00.000,18.9790125
5512,2009-11-03 00:00:00.000,18.98061290322582
5513,2009-11-04 00:00:00.000,20.24878645833334
5514,2009-11-05 00:00:00.000,17.540920833333335
5515,2009-11-06 00:00:00.000,17.67609270833333
5516,2009-11-07 00:00:00.000,17.279807446808505
5517,2009-11-08 00:00:00.000,17.360392708333332
5518,2009-11-09 00:00:00.000,17.403130208333337
5519,2009-11-10 00:00:00.000,15.5804
5520,2009-11-11 00:00:00.000,16.22126074074074
5521,2009-11-12 00:00:00.000,16.86212148148148
5522,2009-11-13 00:00:00.000,17.502982222222222
5523,2009-11-14 00:00:00.000,18.143842962962964
5524,2009-11-15 00:00:00.000,18.784703703703705
5525,2009-11-16 00:00:00.000,19.425564444444447
5526,2009-11-17 00:00:00.000,20.06642518518519
5527,2009-11-18 00:00:00.000,20.70728592592593
5528,2009-11-19 00:00:00.000,21.348146666666672
5529,2009-11-20 00:00:00.000,21.348146666666665
5530,2009-11-21 00:00:00.000,19.034878125000002
5531,2009-11-22 00:00:00.000,18.312303125000003
5532,2009-11-23 00:00:00.000,17.92908958333334
5533,2009-11-24 00:00:00.000,17.601165624999997
5534,2009-11-25 00:00:00.000,17.48287111111111
5535,2009-11-26 00:00:00.000,16.24625
5536,2009-11-27 00:00:00.000,16.936415624999995
5537,2009-11-28 00:00:00.000,26.781137499999996
5538,2009-11-29 00:00:00.000,27.175796875000007
5539,2009-11-30 00:00:00.000,24.083501052631586
5540,2009-12-01 00:00:00.000,23.644886458333332
5541,2009-12-02 00:00:00.000,24.715091666666666
5542,2009-12-03 00:00:00.000,25.3658131868132
5543,2009-12-04 00:00:00.000,23.911171875
5544,2009-12-05 00:00:00.000,22.804108333333335
5545,2009-12-06 00:00:00.000,23.495539583333322
5546,2009-12-07 00:00:00.000,22.63696666666667
5547,2009-12-08 00:00:00.000,21.566757291666665
5548,2009-12-09 00:00:00.000,23.369073958333335
5549,2009-12-10 00:00:00.000,23.786611458333343
5550,2009-12-11 00:00:00.000,24.018565624999997
5551,2009-12-12 00:00:00.000,23.154906249999986
5552,2009-12-13 00:00:00.000,22.531465624999992
5553,2009-12-14 00:00:00.000,22.472553763440864
5554,2009-12-15 00:00:00.000,21.811433333333337
5555,2009-12-16 00:00:00.000,21.14351041666667
5556,2009-12-17 00:00:00.000,21.218909677419347
5557,2009-12-18 00:00:00.000,20.41072553191489
5558,2009-12-19 00:00:00.000,19.876934374999998
5559,2009-12-20 00:00:00.000,19.516601041666664
5560,2009-12-21 00:00:00.000,19.080634374999992
5561,2009-12-22 00:00:00.000,20.711997916666665
5562,2009-12-23 00:00:00.000,21.671625000000002
5563,2009-12-24 00:00:00.000,21.220405208333336
5564,2009-12-25 00:00:00.000,19.243963541666666
5565,2009-12-26 00:00:00.000,17.798809374999998
5566,2009-12-27 00:00:00.000,17.570022916666662
5567,2009-12-28 00:00:00.000,18.09029670329671
5568,2009-12-29 00:00:00.000,18.583662499999992
5569,2009-12-30 00:00:00.000,19.202020833333332
5570,2009-12-31 00:00:00.000,20.45016666666668
5571,2010-01-01 00:00:00.000,21.80444375
5572,2010-01-02 00:00:00.000,22.48126666666667
5573,2010-01-03 00:00:00.000,23.047623157894744
5574,2010-01-04 00:00:00.000,24.155001063829783
5575,2010-01-05 00:00:00.000,24.160562105263157
5576,2010-01-06 00:00:00.000,24.223840624999998
5577,2010-01-07 00:00:00.000,24.435458333333326
5578,2010-01-08 00:00:00.000,23.768817708333348
5579,2010-01-09 00:00:00.000,21.706065263157896
5580,2010-01-10 00:00:00.000,21.05581041666667
5581,2010-01-11 00:00:00.000,20.201534831460673
5582,2010-01-12 00:00:00.000,20.2692329787234
5583,2010-01-13 00:00:00.000,20.359919791666666
5584,2010-01-14 00:00:00.000,19.739026041666666
5585,2010-01-15 00:00:00.000,19.745461702127656
5586,2010-01-16 00:00:00.000,19.596040624999997
5587,2010-01-17 00:00:00.000,19.977346875000002
5588,2010-01-18 00:00:00.000,22.03386354166666
5589,2010-01-19 00:00:00.000,20.929259782608703
5590,2010-01-20 00:00:00.000,20.578541666666663
5591,2010-01-21 00:00:00.000,20.52324479166666
5592,2010-01-22 00:00:00.000,22.392922916666663
5593,2010-01-23 00:00:00.000,41.64641562499999
5594,2010-01-24 00:00:00.000,64.08890416666665
5595,2010-01-25 00:00:00.000,78.75017812499999
5596,2010-01-26 00:00:00.000,87.75527263157888
5597,2010-01-27 00:00:00.000,89.4998708333333
5598,2010-01-28 00:00:00.000,79.23132631578943
5599,2010-01-29 00:00:00.000,70.02522812499997
5600,2010-01-30 00:00:00.000,65.61731145833333
5601,2010-01-31 00:00:00.000,65.86317555555553
5602,2010-02-01 00:00:00.000,66.31215434782608
5603,2010-02-02 00:00:00.000,64.31005937499997
5604,2010-02-03 00:00:00.000,60.27893723404256
5605,2010-02-04 00:00:00.000,56.82944479166667
5606,2010-02-05 00:00:00.000,53.34874062499998
5607,2010-02-06 00:00:00.000,48.48643437500001
5608,2010-02-07 00:00:00.000,43.58345520833333
5609,2010-02-08 00:00:00.000,40.20888020833333
5610,2010-02-09 00:00:00.000,37.86900947368421
5611,2010-02-10 00:00:00.000,36.59599791666667
5612,2010-02-11 00:00:00.000,40.46054375
5613,2010-02-12 00:00:00.000,51.74470520833335
5614,2010-02-13 00:00:00.000,51.01005312500002
5615,2010-02-14 00:00:00.000,47.873801041666674
5616,2010-02-15 00:00:00.000,45.08643958333332
5617,2010-02-16 00:00:00.000,41.48371666666667
5618,2010-02-17 00:00:00.000,38.13012291666666
5619,2010-02-18 00:00:00.000,36.03039166666665
5620,2010-02-19 00:00:00.000,34.86041041666666
5621,2010-02-20 00:00:00.000,32.522359375000015
5622,2010-02-21 00:00:00.000,30.643142708333333
5623,2010-02-22 00:00:00.000,27.813844791666657
5624,2010-02-23 00:00:00.000,27.395043750000003
5625,2010-02-24 00:00:00.000,28.61078229166668
5626,2010-02-25 00:00:00.000,27.716616666666678
5627,2010-02-26 00:00:00.000,29.26091145833333
5628,2010-02-27 00:00:00.000,29.678445833333356
5629,2010-02-28 00:00:00.000,30.004464583333345
5630,2010-03-01 00:00:00.000,29.8532125
5631,2010-03-02 00:00:00.000,30.370511458333336
5632,2010-03-03 00:00:00.000,30.221173958333335
5633,2010-03-04 00:00:00.000,29.201808333333357
5634,2010-03-05 00:00:00.000,27.64480416666667
5635,2010-03-06 00:00:00.000,26.671198958333335
5636,2010-03-07 00:00:00.000,26.933665625000014
5637,2010-03-08 00:00:00.000,27.676584375
5638,2010-03-09 00:00:00.000,26.92539791666667
5639,2010-03-10 00:00:00.000,28.558076666666672
5640,2010-03-11 00:00:00.000,28.366111458333354
5641,2010-03-12 00:00:00.000,30.802026041666647
5642,2010-03-13 00:00:00.000,30.159521875000006
5643,2010-03-14 00:00:00.000,29.548797916666654
5644,2010-03-15 00:00:00.000,28.61332708333333
5645,2010-03-16 00:00:00.000,28.339223913043487
5646,2010-03-17 00:00:00.000,27.324505208333324
5647,2010-03-18 00:00:00.000,26.881553124999996
5648,2010-03-19 00:00:00.000,26.399827083333335
5649,2010-03-20 00:00:00.000,24.35666041666667
5650,2010-03-21 00:00:00.000,23.922604166666673
5651,2010-03-22 00:00:00.000,23.033501052631575
5652,2010-03-23 00:00:00.000,21.212780208333335
5653,2010-03-24 00:00:00.000,21.810801041666664
5654,2010-03-25 00:00:00.000,24.72843541666667
5655,2010-03-26 00:00:00.000,26.648317708333327
5656,2010-03-27 00:00:00.000,27.467490625
5657,2010-03-28 00:00:00.000,28.39534166666667
5658,2010-03-29 00:00:00.000,32.13278958333335
5659,2010-03-30 00:00:00.000,36.43711770833335
5660,2010-03-31 00:00:00.000,35.90900869565218
5661,2010-04-01 00:00:00.000,33.770506250000004
5662,2010-04-02 00:00:00.000,34.158170833333344
5663,2010-04-03 00:00:00.000,30.301242708333337
5664,2010-04-04 00:00:00.000,27.79414583333333
5665,2010-04-05 00:00:00.000,23.52859375
5666,2010-04-06 00:00:00.000,20.356109374999992
5667,2010-04-07 00:00:00.000,19.53566354166666
5668,2010-04-08 00:00:00.000,21.70530000000001
5669,2010-04-09 00:00:00.000,21.886421875
5670,2010-04-10 00:00:00.000,24.636928124999997
5671,2010-04-11 00:00:00.000,26.082079166666674
5672,2010-04-12 00:00:00.000,25.70712604166667
5673,2010-04-13 00:00:00.000,25.4567375
5674,2010-04-14 00:00:00.000,26.779873958333344
5675,2010-04-15 00:00:00.000,25.426860416666685
5676,2010-04-16 00:00:00.000,24.02237812499999
5677,2010-04-17 00:00:00.000,22.185746875000003
5678,2010-04-18 00:00:00.000,20.75140104166667
5679,2010-04-19 00:00:00.000,20.493374999999993
5680,2010-04-20 00:00:00.000,21.541343749999992
5681,2010-04-21 00:00:00.000,22.62488541666667
5682,2010-04-22 00:00:00.000,23.673485416666665
5683,2010-04-23 00:00:00.000,23.613742708333334
5684,2010-04-24 00:00:00.000,24.267690625
5685,2010-04-25 00:00:00.000,25.22540520833333
5686,2010-04-26 00:00:00.000,28.79192258064518
5687,2010-04-27 00:00:00.000,35.6116652631579
5688,2010-04-28 00:00:00.000,36.48499032258065
5689,2010-04-29 00:00:00.000,37.02210212765957
5690,2010-04-30 00:00:00.000,33.741545161290325
5691,2010-05-01 00:00:00.000,29.421448192771102
5692,2010-05-02 00:00:00.000,25.36563103448275
5693,2010-05-03 00:00:00.000,22.47137558139535
5694,2010-05-04 00:00:00.000,20.632588372093018
5695,2010-05-05 00:00:00.000,21.514598765432098
5696,2010-05-06 00:00:00.000,18.999291666666664
5697,2010-05-07 00:00:00.000,21.519252873563218
5698,2010-05-08 00:00:00.000,23.424242857142858
5699,2010-05-09 00:00:00.000,23.40964109589041
5700,2010-05-10 00:00:00.000,23.4733
5701,2010-05-11 00:00:00.000,22.816110526315782
5702,2010-05-12 00:00:00.000,23.384153216374262
5703,2010-05-13 00:00:00.000,23.952195906432742
5704,2010-05-14 00:00:00.000,24.52023859649122
5705,2010-05-15 00:00:00.000,25.0882812865497
5706,2010-05-16 00:00:00.000,25.65632397660818
5707,2010-05-17 00:00:00.000,26.22436666666666
5708,2010-05-18 00:00:00.000,26.224366666666658
5709,2010-05-19 00:00:00.000,26.881552083333343
5710,2010-05-20 00:00:00.000,28.41440520833334
5711,2010-05-21 00:00:00.000,36.00116041666666
5712,2010-05-22 00:00:00.000,39.98582083333334
5713,2010-05-23 00:00:00.000,44.18846250000001
5714,2010-05-24 00:00:00.000,61.32805000000001
5715,2010-05-25 00:00:00.000,59.18883750000001
5716,2010-05-26 00:00:00.000,57.04962500000001
5717,2010-05-27 00:00:00.000,54.910412500000014
5718,2010-05-28 00:00:00.000,52.771200000000015
5719,2010-05-29 00:00:00.000,50.631987500000015
5720,2010-05-30 00:00:00.000,48.492775000000016
5721,2010-05-31 00:00:00.000,46.35356250000002
5722,2010-06-01 00:00:00.000,44.21435000000002
5723,2010-06-02 00:00:00.000,42.07513750000002
5724,2010-06-03 00:00:00.000,39.93592500000002
5725,2010-06-04 00:00:00.000,37.79671250000002
5726,2010-06-05 00:00:00.000,35.6575
5727,2010-06-06 00:00:00.000,33.51828750000002
5728,2010-06-07 00:00:00.000,31.37907500000002
5729,2010-06-08 00:00:00.000,31.379074999999997
5730,2010-06-09 00:00:00.000,28.428747826086965
5731,2010-06-10 00:00:00.000,29.196729166666668
5732,2010-06-11 00:00:00.000,28.758228125000002
5733,2010-06-12 00:00:00.000,29.676538541666662
5734,2010-06-13 00:00:00.000,31.309797916666668
5735,2010-06-14 00:00:00.000,31.815670833333343
5736,2010-06-15 00:00:00.000,33.22968645833335
5737,2010-06-16 00:00:00.000,32.392720833333335
5738,2010-06-17 00:00:00.000,31.061953125
5739,2010-06-18 00:00:00.000,36.38818229166667
5740,2010-06-19 00:00:00.000,40.46881666666667
5741,2010-06-20 00:00:00.000,36.287135416666665
5742,2010-06-21 00:00:00.000,33.60400520833335
5743,2010-06-22 00:00:00.000,32.151223958333325
5744,2010-06-23 00:00:00.000,32.24082499999999
5745,2010-06-24 00:00:00.000,31.403226041666645
5746,2010-06-25 00:00:00.000,31.791521875000004
5747,2010-06-26 00:00:00.000,30.00763958333334
5748,2010-06-27 00:00:00.000,29.464278125000007
5749,2010-06-28 00:00:00.000,27.318914736842114
5750,2010-06-29 00:00:00.000,27.529137500000008
5751,2010-06-30 00:00:00.000,27.54947499999999
5752,2010-07-01 00:00:00.000,30.599935416666668
5753,2010-07-02 00:00:00.000,31.265947916666665
5754,2010-07-03 00:00:00.000,29.22881789473685
5755,2010-07-04 00:00:00.000,25.967073684210543
5756,2010-07-05 00:00:00.000,31.95865833333333
5757,2010-07-06 00:00:00.000,30.090947727272738
5758,2010-07-07 00:00:00.000,26.119572916666673
5759,2010-07-08 00:00:00.000,27.695885263157898
5760,2010-07-09 00:00:00.000,27.34484375
5761,2010-07-10 00:00:00.000,26.465602247191022
5762,2010-07-11 00:00:00.000,26.36341318681319
5763,2010-07-12 00:00:00.000,28.825912087912087
5764,2010-07-13 00:00:00.000,28.594605494505497
5765,2010-07-14 00:00:00.000,27.5527347826087
5766,2010-07-15 00:00:00.000,26.156347777777793
5767,2010-07-16 00:00:00.000,28.935583132530123
5768,2010-07-17 00:00:00.000,34.85712528735631
5769,2010-07-18 00:00:00.000,32.77948873239437
5770,2010-07-19 00:00:00.000,28.955583999999998
5771,2010-07-20 00:00:00.000,27.126459090909094
5772,2010-07-21 00:00:00.000,26.038909756097567
5773,2010-07-22 00:00:00.000,24.03181785714286
5774,2010-07-23 00:00:00.000,23.029283333333332
5775,2010-07-24 00:00:00.000,23.98652105263158
5776,2010-07-25 00:00:00.000,28.080485365853647
5777,2010-07-26 00:00:00.000,29.688899999999997
5778,2010-07-27 00:00:00.000,29.15986428571428
5779,2010-07-28 00:00:00.000,27.119929230769223
5780,2010-07-29 00:00:00.000,26.45258474576271
5781,2010-07-30 00:00:00.000,25.310205797101453
5782,2010-07-31 00:00:00.000,26.509173913043483
5783,2010-08-01 00:00:00.000,25.632342592592597
5784,2010-08-02 00:00:00.000,25.271619642857154
5785,2010-08-03 00:00:00.000,24.501538775510213
5786,2010-08-04 00:00:00.000,23.561624096385547
5787,2010-08-05 00:00:00.000,21.991286458333335
5788,2010-08-06 00:00:00.000,20.477489583333334
5789,2010-08-07 00:00:00.000,20.074578125
5790,2010-08-08 00:00:00.000,19.514058333333335
5791,2010-08-09 00:00:00.000,20.82002916666667
5792,2010-08-10 00:00:00.000,23.875583333333335
5793,2010-08-11 00:00:00.000,25.673445833333336
5794,2010-08-12 00:00:00.000,27.326409375000008
5795,2010-08-13 00:00:00.000,30.146819791666676
5796,2010-08-14 00:00:00.000,33.105764583333325
5797,2010-08-15 00:00:00.000,31.224641666666667
5798,2010-08-16 00:00:00.000,27.839266666666663
5799,2010-08-17 00:00:00.000,27.496091666666658
5800,2010-08-18 00:00:00.000,24.540326041666674
5801,2010-08-19 00:00:00.000,20.830446739130437
5802,2010-08-20 00:00:00.000,21.44347395833333
5803,2010-08-21 00:00:00.000,22.75008229166666
5804,2010-08-22 00:00:00.000,21.45881894736843
5805,2010-08-23 00:00:00.000,20.92362708333333
5806,2010-08-24 00:00:00.000,21.083766666666666
5807,2010-08-25 00:00:00.000,19.845155208333335
5808,2010-08-26 00:00:00.000,24.820586538461534
5809,2010-08-27 00:00:00.000,20.224090909090908
5810,2010-08-28 00:00:00.000,25.2095375
5811,2010-08-29 00:00:00.000,20.8168375
5812,2010-08-30 00:00:00.000,17.391257142857143
5813,2010-08-31 00:00:00.000,15.9361125
5814,2010-09-01 00:00:00.000,13.838314
5815,2010-09-02 00:00:00.000,13.555916666666667
5816,2010-09-03 00:00:00.000,12.532316666666668
5817,2010-09-04 00:00:00.000,13.091549999999998
5818,2010-09-05 00:00:00.000,13.165642857142856
5819,2010-09-06 00:00:00.000,13.560869230769232
5820,2010-09-07 00:00:00.000,15.141469999999998
5821,2010-09-08 00:00:00.000,18.157768
5822,2010-09-09 00:00:00.000,16.933361764705886
5823,2010-09-10 00:00:00.000,17.9425717948718
5824,2010-09-11 00:00:00.000,18.488262857142857
5825,2010-09-12 00:00:00.000,18.641711111111107
5826,2010-09-13 00:00:00.000,19.829696825396827
5827,2010-09-14 00:00:00.000,16.646621875000005
5828,2010-09-15 00:00:00.000,15.964079166666657
5829,2010-09-16 00:00:00.000,14.530363541666661
5830,2010-09-17 00:00:00.000,14.607264583333338
5831,2010-09-18 00:00:00.000,14.677168750000002
5832,2010-09-19 00:00:00.000,14.83835789473684
5833,2010-09-20 00:00:00.000,15.075001041666665
5834,2010-09-21 00:00:00.000,15.997532631578954
5835,2010-09-22 00:00:00.000,15.983786458333336
5836,2010-09-23 00:00:00.000,16.6855
5837,2010-09-24 00:00:00.000,17.58273125
5838,2010-09-25 00:00:00.000,16.653248275862076
5839,2010-09-26 00:00:00.000,16.510622916666666
5840,2010-09-27 00:00:00.000,15.915197435897435
5841,2010-09-28 00:00:00.000,15.003432530120472
5842,2010-09-29 00:00:00.000,13.191527659574465
5843,2010-09-30 00:00:00.000,15.794958888888885
5844,2010-10-01 00:00:00.000,15.659059375
5845,2010-10-02 00:00:00.000,15.718795789473683
5846,2010-10-03 00:00:00.000,16.71374166666666
5847,2010-10-04 00:00:00.000,16.80628125
5848,2010-10-05 00:00:00.000,17.39661397849462
5849,2010-10-06 00:00:00.000,18.32052916666668
5850,2010-10-07 00:00:00.000,19.255075903614458
5851,2010-10-08 00:00:00.000,19.902781720430127
5852,2010-10-09 00:00:00.000,21.046530208333333
5853,2010-10-10 00:00:00.000,20.49941875
5854,2010-10-11 00:00:00.000,19.122995652173913
5855,2010-10-12 00:00:00.000,16.901931250000008
5856,2010-10-13 00:00:00.000,15.411179787234046
5857,2010-10-14 00:00:00.000,14.613632631578954
5858,2010-10-15 00:00:00.000,13.79496736842105
5859,2010-10-16 00:00:00.000,14.74847291666667
5860,2010-10-17 00:00:00.000,14.399806315789474
5861,2010-10-18 00:00:00.000,14.396638541666663
5862,2010-10-19 00:00:00.000,14.340087500000005
5863,2010-10-20 00:00:00.000,14.489937634408603
5864,2010-10-21 00:00:00.000,14.338444791666662
5865,2010-10-22 00:00:00.000,14.147528125000001
5866,2010-10-23 00:00:00.000,14.092725263157897
5867,2010-10-24 00:00:00.000,15.60478854166667
5868,2010-10-25 00:00:00.000,14.860687500000004
5869,2010-10-26 00:00:00.000,13.915337894736838
5870,2010-10-27 00:00:00.000,14.041148387096774
5871,2010-10-28 00:00:00.000,13.789582978723413
5872,2010-10-29 00:00:00.000,13.399816842105263
5873,2010-10-30 00:00:00.000,13.786097826086955
5874,2010-10-31 00:00:00.000,13.905761458333332
5875,2010-11-01 00:00:00.000,14.378356249999998
5876,2010-11-02 00:00:00.000,14.552097849462369
5877,2010-11-03 00:00:00.000,15.311838888888893
5878,2010-11-04 00:00:00.000,15.825928124999997
5879,2010-11-05 00:00:00.000,17.431995789473685
5880,2010-11-06 00:00:00.000,19.630714583333333
5881,2010-11-07 00:00:00.000,17.598274725274727
5882,2010-11-08 00:00:00.000,18.337199999999992
5883,2010-11-09 00:00:00.000,17.448278124999998
5884,2010-11-10 00:00:00.000,16.665920833333324
5885,2010-11-11 00:00:00.000,15.358144210526312
5886,2010-11-12 00:00:00.000,14.822918749999998
5887,2010-11-13 00:00:00.000,14.895484375
5888,2010-11-14 00:00:00.000,14.960221052631576
5889,2010-11-15 00:00:00.000,14.327707368421049
5890,2010-11-16 00:00:00.000,13.89398421052631
5891,2010-11-17 00:00:00.000,13.332748421052633
5892,2010-11-18 00:00:00.000,13.841179166666665
5893,2010-11-19 00:00:00.000,13.677971875000003
5894,2010-11-20 00:00:00.000,13.625893684210522
5895,2010-11-21 00:00:00.000,14.74220729166668
5896,2010-11-22 00:00:00.000,14.898268750000002
5897,2010-11-23 00:00:00.000,17.68629468085107
5898,2010-11-24 00:00:00.000,14.760679166666668
5899,2010-11-25 00:00:00.000,14.543080208333334
5900,2010-11-26 00:00:00.000,14.737896842105267
5901,2010-11-27 00:00:00.000,15.984261458333334
5902,2010-11-28 00:00:00.000,16.12260520833334
5903,2010-11-29 00:00:00.000,16.704230526315794
5904,2010-11-30 00:00:00.000,17.853760416666663
5905,2010-12-01 00:00:00.000,18.817011578947366
5906,2010-12-02 00:00:00.000,19.39476666666667
5907,2010-12-03 00:00:00.000,18.90968085106383
5908,2010-12-04 00:00:00.000,19.094177894736838
5909,2010-12-05 00:00:00.000,18.854835106382982
5910,2010-12-06 00:00:00.000,19.62460631578948
5911,2010-12-07 00:00:00.000,18.462573118279575
5912,2010-12-08 00:00:00.000,17.91165384615385
5913,2010-12-09 00:00:00.000,17.231913978494628
5914,2010-12-10 00:00:00.000,16.849745833333333
5915,2010-12-11 00:00:00.000,16.98745416666667
5916,2010-12-12 00:00:00.000,18.000586170212774
5917,2010-12-13 00:00:00.000,19.042998958333328
5918,2010-12-14 00:00:00.000,17.774810526315786
5919,2010-12-15 00:00:00.000,17.64695319148937
5920,2010-12-16 00:00:00.000,17.54121041666667
5921,2010-12-17 00:00:00.000,17.68119479166666
5922,2010-12-18 00:00:00.000,19.730722105263155
5923,2010-12-19 00:00:00.000,20.626758333333335
5924,2010-12-20 00:00:00.000,20.581216666666666
5925,2010-12-21 00:00:00.000,19.33158842105262
5926,2010-12-22 00:00:00.000,19.55235638297872
5927,2010-12-23 00:00:00.000,19.71111770833333
5928,2010-12-24 00:00:00.000,20.296243157894747
5929,2010-12-25 00:00:00.000,22.294210416666672
5930,2010-12-26 00:00:00.000,23.230043749999997
5931,2010-12-27 00:00:00.000,21.500300000000003
5932,2010-12-28 00:00:00.000,21.08524583333333
5933,2010-12-29 00:00:00.000,25.172344791666664
5934,2010-12-30 00:00:00.000,28.088452631578956
5935,2010-12-31 00:00:00.000,23.901831249999997
5936,2011-01-01 00:00:00.000,23.560308333333328
5937,2011-01-02 00:00:00.000,24.525036458333343
5938,2011-01-03 00:00:00.000,24.045713684210515
5939,2011-01-04 00:00:00.000,26.221147916666677
5940,2011-01-05 00:00:00.000,26.09602291666667
5941,2011-01-06 00:00:00.000,25.67721894736841
5942,2011-01-07 00:00:00.000,24.870043750000008
5943,2011-01-08 00:00:00.000,23.82674374999999
5944,2011-01-09 00:00:00.000,22.3599347368421
5945,2011-01-10 00:00:00.000,20.800905208333333
5946,2011-01-11 00:00:00.000,19.47301354166667
5947,2011-01-12 00:00:00.000,18.166017894736843
5948,2011-01-13 00:00:00.000,17.679550000000003
5949,2011-01-14 00:00:00.000,17.917080208333328
5950,2011-01-15 00:00:00.000,18.448755789473683
5951,2011-01-16 00:00:00.000,19.089361458333332
5952,2011-01-17 00:00:00.000,19.652854166666668
5953,2011-01-18 00:00:00.000,20.68017368421052
5954,2011-01-19 00:00:00.000,21.45036458333333
5955,2011-01-20 00:00:00.000,22.456024999999997
5956,2011-01-21 00:00:00.000,23.457110526315788
5957,2011-01-22 00:00:00.000,23.628616666666673
5958,2011-01-23 00:00:00.000,23.303484375
5959,2011-01-24 00:00:00.000,23.19368210526316
5960,2011-01-25 00:00:00.000,22.590258333333328
5961,2011-01-26 00:00:00.000,22.596083333333336
5962,2011-01-27 00:00:00.000,20.984953684210527
5963,2011-01-28 00:00:00.000,19.930682291666667
5964,2011-01-29 00:00:00.000,20.282215217391308
5965,2011-01-30 00:00:00.000,20.657664210526324
5966,2011-01-31 00:00:00.000,20.884787499999995
5967,2011-02-01 00:00:00.000,20.880547916666664
5968,2011-02-02 00:00:00.000,22.607521875000007
5969,2011-02-03 00:00:00.000,21.935611578947363
5970,2011-02-04 00:00:00.000,21.765823958333332
5971,2011-02-05 00:00:00.000,21.957556249999996
5972,2011-02-06 00:00:00.000,21.66758105263158
5973,2011-02-07 00:00:00.000,20.781798958333333
5974,2011-02-08 00:00:00.000,24.21981562500001
5975,2011-02-09 00:00:00.000,25.156116842105277
5976,2011-02-10 00:00:00.000,23.011109375000004
5977,2011-02-11 00:00:00.000,20.674076041666662
5978,2011-02-12 00:00:00.000,19.151773684210525
5979,2011-02-13 00:00:00.000,18.635111458333338
5980,2011-02-14 00:00:00.000,19.745782291666668
5981,2011-02-15 00:00:00.000,19.529234736842106
5982,2011-02-16 00:00:00.000,22.54951979166667
5983,2011-02-17 00:00:00.000,23.458842708333336
5984,2011-02-18 00:00:00.000,23.94893578947368
5985,2011-02-19 00:00:00.000,25.987606250000002
5986,2011-02-20 00:00:00.000,23.266221875000003
5987,2011-02-21 00:00:00.000,22.11139894736842
5988,2011-02-22 00:00:00.000,21.015096875
5989,2011-02-23 00:00:00.000,20.800403124999992
5990,2011-02-24 00:00:00.000,20.69922
5991,2011-02-25 00:00:00.000,22.40086666666667
5992,2011-02-26 00:00:00.000,21.171211458333335
5993,2011-02-27 00:00:00.000,19.639823157894735
5994,2011-02-28 00:00:00.000,18.56755
5995,2011-03-01 00:00:00.000,18.92273958333334
5996,2011-03-02 00:00:00.000,21.159202105263155
5997,2011-03-03 00:00:00.000,22.199142708333337
5998,2011-03-04 00:00:00.000,21.966414583333343
5999,2011-03-05 00:00:00.000,21.722688541666667
6000,2011-03-06 00:00:00.000,21.203191578947372
6001,2011-03-07 00:00:00.000,23.111303125000003
6002,2011-03-08 00:00:00.000,22.164096875000002
6003,2011-03-09 00:00:00.000,19.905615789473686
6004,2011-03-10 00:00:00.000,18.77560625
6005,2011-03-11 00:00:00.000,18.10520520833333
6006,2011-03-12 00:00:00.000,17.165626315789474
6007,2011-03-13 00:00:00.000,16.522709374999994
6008,2011-03-14 00:00:00.000,16.184224999999994
6009,2011-03-15 00:00:00.000,16.909871578947364
6010,2011-03-16 00:00:00.000,17.948771874999995
6011,2011-03-17 00:00:00.000,17.943525000000005
6012,2011-03-18 00:00:00.000,19.768761052631575
6013,2011-03-19 00:00:00.000,23.63450625
6014,2011-03-20 00:00:00.000,29.475971874999995
6015,2011-03-21 00:00:00.000,29.14381368421051
6016,2011-03-22 00:00:00.000,33.30789895833333
6017,2011-03-23 00:00:00.000,35.42277395833333
6018,2011-03-24 00:00:00.000,30.48900736842105
6019,2011-03-25 00:00:00.000,34.12948020833332
6020,2011-03-26 00:00:00.000,43.48108229166666
6021,2011-03-27 00:00:00.000,34.32956315789472
6022,2011-03-28 00:00:00.000,31.14651489361701
6023,2011-03-29 00:00:00.000,29.607362500000004
6024,2011-03-30 00:00:00.000,27.829818947368416
6025,2011-03-31 00:00:00.000,25.708987368421056
6026,2011-04-01 00:00:00.000,24.30787083333334
6027,2011-04-02 00:00:00.000,25.099222105263163
6028,2011-04-03 00:00:00.000,22.827276041666664
6029,2011-04-04 00:00:00.000,22.0213875
6030,2011-04-05 00:00:00.000,22.876553124999997
6031,2011-04-06 00:00:00.000,21.56428842105264
6032,2011-04-07 00:00:00.000,21.90689374999999
6033,2011-04-08 00:00:00.000,20.17415416666666
6034,2011-04-09 00:00:00.000,18.73831684210527
6035,2011-04-10 00:00:00.000,18.072569791666677
6036,2011-04-11 00:00:00.000,17.11959895833333
6037,2011-04-12 00:00:00.000,17.392233684210524
6038,2011-04-13 00:00:00.000,18.203385416666666
6039,2011-04-14 00:00:00.000,17.966040625
6040,2011-04-15 00:00:00.000,18.84903578947368
6041,2011-04-16 00:00:00.000,20.173902083333328
6042,2011-04-17 00:00:00.000,21.916504166666666
6043,2011-04-18 00:00:00.000,21.72664947368422
6044,2011-04-19 00:00:00.000,20.451096875
6045,2011-04-20 00:00:00.000,20.623284374999997
6046,2011-04-21 00:00:00.000,19.24465684210526
6047,2011-04-22 00:00:00.000,17.211442708333333
6048,2011-04-23 00:00:00.000,16.01443854166666
6049,2011-04-24 00:00:00.000,15.800873684210528
6050,2011-04-25 00:00:00.000,16.778894736842105
6051,2011-04-26 00:00:00.000,15.487002083333335
6052,2011-04-27 00:00:00.000,14.917648421052636
6053,2011-04-28 00:00:00.000,15.86704895833334
6054,2011-04-29 00:00:00.000,16.75856210526316
6055,2011-04-30 00:00:00.000,20.02949684210526
6056,2011-05-01 00:00:00.000,20.562363541666667
6057,2011-05-02 00:00:00.000,19.780856382978726
6058,2011-05-03 00:00:00.000,18.953538947368415
6059,2011-05-04 00:00:00.000,18.01937999999999
6060,2011-05-05 00:00:00.000,17.293434375000007
6061,2011-05-06 00:00:00.000,17.197411458333335
6062,2011-05-07 00:00:00.000,19.120383157894736
6063,2011-05-08 00:00:00.000,18.048847916666663
6064,2011-05-09 00:00:00.000,16.442496875
6065,2011-05-10 00:00:00.000,15.568958947368417
6066,2011-05-11 00:00:00.000,17.242381250000005
6067,2011-05-12 00:00:00.000,17.112833333333327
6068,2011-05-13 00:00:00.000,17.55504421052632
6069,2011-05-14 00:00:00.000,19.658420833333327
6070,2011-05-15 00:00:00.000,21.59250416666666
6071,2011-05-16 00:00:00.000,21.02918526315789
6072,2011-05-17 00:00:00.000,23.011106249999994
6073,2011-05-18 00:00:00.000,22.226848958333335
6074,2011-05-19 00:00:00.000,20.013713684210522
6075,2011-05-20 00:00:00.000,18.209076041666663
6076,2011-05-21 00:00:00.000,17.439931250000004
6077,2011-05-22 00:00:00.000,16.73874947368421
6078,2011-05-23 00:00:00.000,16.78648854166667
6079,2011-05-24 00:00:00.000,16.351023958333332
6080,2011-05-25 00:00:00.000,16.144574193548387
6081,2011-05-26 00:00:00.000,15.852815624999998
6082,2011-05-27 00:00:00.000,15.76501354166667
6083,2011-05-28 00:00:00.000,16.79493473684211
6084,2011-05-29 00:00:00.000,16.659905208333335
6085,2011-05-30 00:00:00.000,17.225174999999997
6086,2011-05-31 00:00:00.000,17.18473789473684
6087,2011-06-01 00:00:00.000,17.57031354166667
6088,2011-06-02 00:00:00.000,17.811950000000003
6089,2011-06-03 00:00:00.000,17.544562105263164
6090,2011-06-04 00:00:00.000,17.82205052631579
6091,2011-06-05 00:00:00.000,18.256071874999993
6092,2011-06-06 00:00:00.000,18.316677083333335
6093,2011-06-07 00:00:00.000,17.444388421052636
6094,2011-06-08 00:00:00.000,17.41861818181818
6095,2011-06-09 00:00:00.000,17.424940624999998
6096,2011-06-10 00:00:00.000,18.644349473684215
6097,2011-06-11 00:00:00.000,19.937130208333333
6098,2011-06-12 00:00:00.000,19.796194791666668
6099,2011-06-13 00:00:00.000,19.488066315789474
6100,2011-06-14 00:00:00.000,19.007258333333333
6101,2011-06-15 00:00:00.000,18.94576354166666
6102,2011-06-16 00:00:00.000,19.029748421052634
6103,2011-06-17 00:00:00.000,18.875679166666668
6104,2011-06-18 00:00:00.000,18.933236458333337
6105,2011-06-19 00:00:00.000,18.09876947368421
6106,2011-06-20 00:00:00.000,16.893144791666668
6107,2011-06-21 00:00:00.000,16.07079583333333
6108,2011-06-22 00:00:00.000,16.434666315789478
6109,2011-06-23 00:00:00.000,15.362222916666648
6110,2011-06-24 00:00:00.000,15.529649999999991
6111,2011-06-25 00:00:00.000,16.05320000000001
6112,2011-06-26 00:00:00.000,16.130515624999997
6113,2011-06-27 00:00:00.000,16.465649999999997
6114,2011-06-28 00:00:00.000,17.078757894736842
6115,2011-06-29 00:00:00.000,17.84370416666667
6116,2011-06-30 00:00:00.000,17.69340520833334
6117,2011-07-01 00:00:00.000,17.823901052631573
6118,2011-07-02 00:00:00.000,18.346535416666665
6119,2011-07-03 00:00:00.000,18.052578125
6120,2011-07-04 00:00:00.000,17.877790526315792
6121,2011-07-05 00:00:00.000,17.398819791666664
6122,2011-07-06 00:00:00.000,17.53140520833333
6123,2011-07-07 00:00:00.000,18.044734374999997
6124,2011-07-08 00:00:00.000,18.540927368421055
6125,2011-07-09 00:00:00.000,19.89975520833333
6126,2011-07-10 00:00:00.000,20.544779166666657
6127,2011-07-11 00:00:00.000,21.038138947368413
6128,2011-07-12 00:00:00.000,21.346877083333336
6129,2011-07-13 00:00:00.000,22.99516145833333
6130,2011-07-14 00:00:00.000,23.207169473684207
6131,2011-07-15 00:00:00.000,23.89297395833333
6132,2011-07-16 00:00:00.000,24.283070833333337
6133,2011-07-17 00:00:00.000,24.213314736842126
6134,2011-07-18 00:00:00.000,23.265082291666662
6135,2011-07-19 00:00:00.000,22.208629166666668
6136,2011-07-20 00:00:00.000,21.44718315789474
6137,2011-07-21 00:00:00.000,21.02477052631578
6138,2011-07-22 00:00:00.000,23.749641666666676
6139,2011-07-23 00:00:00.000,24.705910526315787
6140,2011-07-24 00:00:00.000,24.42736875000001
6141,2011-07-25 00:00:00.000,23.370980208333346
6142,2011-07-26 00:00:00.000,21.37533263157894
6143,2011-07-27 00:00:00.000,20.511573958333333
6144,2011-07-28 00:00:00.000,21.248382291666662
6145,2011-07-29 00:00:00.000,24.070000000000007
6146,2011-07-30 00:00:00.000,26.865293749999996
6147,2011-07-31 00:00:00.000,28.273651041666668
6148,2011-08-01 00:00:00.000,28.83142842105265
6149,2011-08-02 00:00:00.000,30.428320833333363
6150,2011-08-03 00:00:00.000,32.57171458333333
6151,2011-08-04 00:00:00.000,33.07123263157895
6152,2011-08-05 00:00:00.000,30.76388749999998
6153,2011-08-06 00:00:00.000,32.26061458333334
6154,2011-08-07 00:00:00.000,30.283196875000012
6155,2011-08-08 00:00:00.000,28.219304210526317
6156,2011-08-09 00:00:00.000,25.884302150537625
6157,2011-08-10 00:00:00.000,24.954300000000003
6158,2011-08-11 00:00:00.000,24.88066842105262
6159,2011-08-12 00:00:00.000,24.272574999999993
6160,2011-08-13 00:00:00.000,24.551927083333325
6161,2011-08-14 00:00:00.000,23.830353684210518
6162,2011-08-15 00:00:00.000,23.93497708333332
6163,2011-08-16 00:00:00.000,24.81469375
6164,2011-08-17 00:00:00.000,25.651259574468074
6165,2011-08-18 00:00:00.000,27.691053125
6166,2011-08-19 00:00:00.000,28.06945416666667
6167,2011-08-20 00:00:00.000,24.877473684210518
6168,2011-08-21 00:00:00.000,23.295384374999998
6169,2011-08-22 00:00:00.000,20.71506770833333
6170,2011-08-23 00:00:00.000,18.459233684210524
6171,2011-08-24 00:00:00.000,18.927294791666668
6172,2011-08-25 00:00:00.000,19.544242708333325
6173,2011-08-26 00:00:00.000,20.917931914893632
6174,2011-08-27 00:00:00.000,22.752460638297872
6175,2011-08-28 00:00:00.000,24.29117604166666
6176,2011-08-29 00:00:00.000,26.162390526315797
6177,2011-08-30 00:00:00.000,27.0716053763441
6178,2011-08-31 00:00:00.000,22.88425625000004
6179,2011-09-01 00:00:00.000,22.900000000000038
6180,2011-09-02 00:00:00.000,22.900000000000038
6181,2011-09-03 00:00:00.000,22.900000000000038
6182,2011-09-04 00:00:00.000,22.900000000000038
6183,2011-09-05 00:00:00.000,22.900000000000038
6184,2011-09-06 00:00:00.000,22.9
6185,2011-09-07 00:00:00.000,24.99361249999998
6186,2011-09-08 00:00:00.000,27.464374736842107
6187,2011-09-09 00:00:00.000,30.53141875
6188,2011-09-10 00:00:00.000,28.94303157894737
6189,2011-09-11 00:00:00.000,32.32890631578946
6190,2011-09-12 00:00:00.000,30.364103125
6191,2011-09-13 00:00:00.000,30.6
6192,2011-09-14 00:00:00.000,30.222219791666678
6193,2011-09-15 00:00:00.000,31.351006315789483
6194,2011-09-16 00:00:00.000,28.410727083333338
6195,2011-09-17 00:00:00.000,25.475598958333336
6196,2011-09-18 00:00:00.000,22.683204255319144
6197,2011-09-19 00:00:00.000,19.923095833333335
6198,2011-09-20 00:00:00.000,17.5
6199,2011-09-21 00:00:00.000,16.749864583333327
6200,2011-09-22 00:00:00.000,17.14581157894737
6201,2011-09-23 00:00:00.000,18.095590217391308
6202,2011-09-24 00:00:00.000,21.32551063829787
6203,2011-09-25 00:00:00.000,22.40698105263158
6204,2011-09-26 00:00:00.000,22.23694583333334
6205,2011-09-27 00:00:00.000,22.4
6206,2011-09-28 00:00:00.000,22.895222105263155
6207,2011-09-29 00:00:00.000,25.957895789473696
6208,2011-09-30 00:00:00.000,33.89606354166668
6209,2011-10-01 00:00:00.000,28.738512278932756
6210,2011-10-02 00:00:00.000,25.96577538621163
6211,2011-10-03 00:00:00.000,23.25062826684488
6212,2011-10-04 00:00:00.000,21.821418647623123
6213,2011-10-05 00:00:00.000,23.407244357796454
6214,2011-10-06 00:00:00.000,23.368258442207043
6215,2011-10-07 00:00:00.000,21.402137005030795
6216,2011-10-08 00:00:00.000,21.792623760945926
6217,2011-10-09 00:00:00.000,22.093916599592674
6218,2011-10-10 00:00:00.000,23.124914005498113
6219,2011-10-11 00:00:00.000,21.78349367492633
6220,2011-10-12 00:00:00.000,20.810788356684498
6221,2011-10-13 00:00:00.000,20.1337573626158
6222,2011-10-14 00:00:00.000,19.251467377832256
6223,2011-10-15 00:00:00.000,18.002699179472884
6224,2011-10-16 00:00:00.000,17.810985188454495
6225,2011-10-17 00:00:00.000,16.327869300107686
6226,2011-10-18 00:00:00.000,14.90229072659027
6227,2011-10-19 00:00:00.000,16.62639970247158
6228,2011-10-20 00:00:00.000,17.31109920953802
6229,2011-10-21 00:00:00.000,18.7268
6230,2011-10-22 00:00:00.000,20.143600000000003
6231,2011-10-23 00:00:00.000,21.560400000000005
6232,2011-10-24 00:00:00.000,22.9772
6233,2011-10-25 00:00:00.000,24.395272897329928
6234,2011-10-26 00:00:00.000,23.558995998059043
6235,2011-10-27 00:00:00.000,24.142567439528722
6236,2011-10-28 00:00:00.000,23.694610453120355
6237,2011-10-29 00:00:00.000,23.403061007346015
6238,2011-10-30 00:00:00.000,23.266407924515416
6239,2011-10-31 00:00:00.000,21.935178622855865
6240,2011-11-01 00:00:00.000,26.487271379894583
6241,2011-11-02 00:00:00.000,28.875463569226742
6242,2011-11-03 00:00:00.000,27.251254855285403
6243,2011-11-04 00:00:00.000,25.696475205777585
6244,2011-11-05 00:00:00.000,25.861130554140846
6245,2011-11-06 00:00:00.000,25.21219213244015
6246,2011-11-07 00:00:00.000,24.117284124397532
6247,2011-11-08 00:00:00.000,23.301897211416463
6248,2011-11-09 00:00:00.000,23.198657007964098
6249,2011-11-10 00:00:00.000,21.444978177891986
6250,2011-11-11 00:00:00.000,19.975736643045824
6251,2011-11-12 00:00:00.000,18.62167465490845
6252,2011-11-13 00:00:00.000,17.43848204180831
6253,2011-11-14 00:00:00.000,16.364854697256742
6254,2011-11-15 00:00:00.000,16.528785731232464
6255,2011-11-16 00:00:00.000,16.58399470376033
6256,2011-11-17 00:00:00.000,17.304133010849462
6257,2011-11-18 00:00:00.000,17.986080205082562
6258,2011-11-19 00:00:00.000,19.686383147655476
6259,2011-11-20 00:00:00.000,19.745030088864763
6260,2011-11-21 00:00:00.000,21.05089113704443
6261,2011-11-22 00:00:00.000,20.94921224149777
6262,2011-11-23 00:00:00.000,20.593130063090136
6263,2011-11-24 00:00:00.000,20.688223182078957
6264,2011-11-25 00:00:00.000,21.540352461081323
6265,2011-11-26 00:00:00.000,20.401509148411602
6266,2011-11-27 00:00:00.000,20.392209028401364
6267,2011-11-28 00:00:00.000,20.67424052354687
6268,2011-11-29 00:00:00.000,19.690880947805876
6269,2011-11-30 00:00:00.000,21.172480225922428
6270,2011-12-01 00:00:00.000,27.348632261026193
6271,2011-12-02 00:00:00.000,32.6922165573112
6272,2011-12-03 00:00:00.000,36.3150790465811
6273,2011-12-04 00:00:00.000,28.499023099495606
6274,2011-12-05 00:00:00.000,23.871474116177584
6275,2011-12-06 00:00:00.000,22.431271429821287
6276,2011-12-07 00:00:00.000,21.16615939713963
6277,2011-12-08 00:00:00.000,19.152810963809046
6278,2011-12-09 00:00:00.000,18.413761526812916
6279,2011-12-10 00:00:00.000,19.767740715789632
6280,2011-12-11 00:00:00.000,20.015130091116394
6281,2011-12-12 00:00:00.000,17.66002512321144
6282,2011-12-13 00:00:00.000,18.88633910112155
6283,2011-12-14 00:00:00.000,17.900501358310997
6284,2011-12-15 00:00:00.000,18.93357836275684
6285,2011-12-16 00:00:00.000,18.286007870970977
6286,2011-12-17 00:00:00.000,19.24532976147795
6287,2011-12-18 00:00:00.000,19.9647035118013
6288,2011-12-19 00:00:00.000,20.709247300754363
6289,2011-12-20 00:00:00.000,20.01613819778033
6290,2011-12-21 00:00:00.000,19.17311908114112
6291,2011-12-22 00:00:00.000,21.260971828881615
6292,2011-12-23 00:00:00.000,20.79617424191007
6293,2011-12-24 00:00:00.000,21.62788300235424
6294,2011-12-25 00:00:00.000,21.771602767139534
6295,2011-12-26 00:00:00.000,22.372495565702863
6296,2011-12-27 00:00:00.000,22.184417148133978
6297,2011-12-28 00:00:00.000,21.57441555123934
6298,2011-12-29 00:00:00.000,21.568070465817755
6299,2011-12-30 00:00:00.000,20.63527511094816
6300,2011-12-31 00:00:00.000,21.204511865502884
6301,2012-01-01 00:00:00.000,18.38499473270809
6302,2012-01-02 00:00:00.000,17.21263920716195
6303,2012-01-03 00:00:00.000,16.213805313519025
6304,2012-01-04 00:00:00.000,15.9005467747402
6305,2012-01-05 00:00:00.000,15.360082174411263
6306,2012-01-06 00:00:00.000,16.629911274017584
6307,2012-01-07 00:00:00.000,18.604795958268674
6308,2012-01-08 00:00:00.000,18.840863254418636
6309,2012-01-09 00:00:00.000,18.78320694602442
6310,2012-01-10 00:00:00.000,19.009352153586786
6311,2012-01-11 00:00:00.000,18.94235136848911
6312,2012-01-12 00:00:00.000,18.10898520919254
6313,2012-01-13 00:00:00.000,18.394124818727686
6314,2012-01-14 00:00:00.000,17.466367616274642
6315,2012-01-15 00:00:00.000,19.315561192397933
6316,2012-01-16 00:00:00.000,20.321977597481368
6317,2012-01-17 00:00:00.000,19.996103758012623
6318,2012-01-18 00:00:00.000,19.12164440813552
6319,2012-01-19 00:00:00.000,18.62727603976476
6320,2012-01-20 00:00:00.000,18.517029822837667
6321,2012-01-21 00:00:00.000,24.235975242652312
6322,2012-01-22 00:00:00.000,21.89586396439832
6323,2012-01-23 00:00:00.000,22.81525316657152
6324,2012-01-24 00:00:00.000,23.162831260455224
6325,2012-01-25 00:00:00.000,21.039620679864658
6326,2012-01-26 00:00:00.000,20.765840240895688
6327,2012-01-27 00:00:00.000,20.97653453365567
6328,2012-01-28 00:00:00.000,21.885329249760304
6329,2012-01-29 00:00:00.000,22.99428354398692
6330,2012-01-30 00:00:00.000,23.771043169962
6331,2012-01-31 00:00:00.000,22.94301459941533
6332,2012-02-01 00:00:00.000,22.263174348109846
6333,2012-02-02 00:00:00.000,22.188729031334663
6334,2012-02-03 00:00:00.000,22.739343449747356
6335,2012-02-04 00:00:00.000,22.79693322310176
6336,2012-02-05 00:00:00.000,23.002711315697322
6337,2012-02-06 00:00:00.000,23.491522074900455
6338,2012-02-07 00:00:00.000,24.299183530480306
6339,2012-02-08 00:00:00.000,25.338941383295236
6340,2012-02-09 00:00:00.000,24.849095634583815
6341,2012-02-10 00:00:00.000,26.17071809441835
6342,2012-02-11 00:00:00.000,27.373213261848196
6343,2012-02-12 00:00:00.000,29.026461145704733
6344,2012-02-13 00:00:00.000,32.67638861061652
6345,2012-02-14 00:00:00.000,30.75626128926403
6346,2012-02-15 00:00:00.000,32.39686751555496
6347,2012-02-16 00:00:00.000,29.99988421373508
6348,2012-02-17 00:00:00.000,28.613500331895192
6349,2012-02-18 00:00:00.000,30.026556722005367
6350,2012-02-19 00:00:00.000,31.22891881935556
6351,2012-02-20 00:00:00.000,30.64740257133806
6352,2012-02-21 00:00:00.000,30.087310768620974
6353,2012-02-22 00:00:00.000,30.058863180228553
6354,2012-02-23 00:00:00.000,31.16009201705397
6355,2012-02-24 00:00:00.000,30.650914142884037
6356,2012-02-25 00:00:00.000,32.18547090848579
6357,2012-02-26 00:00:00.000,30.473228622656496
6358,2012-02-27 00:00:00.000,28.808743709852774
6359,2012-02-28 00:00:00.000,26.187706707918792
6360,2012-02-29 00:00:00.000,25.144769958756967
6361,2012-03-01 00:00:00.000,23.680444624075204
6362,2012-03-02 00:00:00.000,22.348856693832236
6363,2012-03-03 00:00:00.000,22.83204893856175
6364,2012-03-04 00:00:00.000,23.15792277803051
6365,2012-03-05 00:00:00.000,25.93206429937003
6366,2012-03-06 00:00:00.000,32.64337983808411
6367,2012-03-07 00:00:00.000,33.55638844004397
6368,2012-03-08 00:00:00.000,35.40277275893046
6369,2012-03-09 00:00:00.000,35.14010720728971
6370,2012-03-10 00:00:00.000,43.366314710947925
6371,2012-03-11 00:00:00.000,46.30830935218625
6372,2012-03-12 00:00:00.000,41.20459126723069
6373,2012-03-13 00:00:00.000,39.15594042729463
6374,2012-03-14 00:00:00.000,34.88306017012254
6375,2012-03-15 00:00:00.000,31.225407247809546
6376,2012-03-16 00:00:00.000,29.25330866757628
6377,2012-03-17 00:00:00.000,29.221704523662297
6378,2012-03-18 00:00:00.000,36.33614847585711
6379,2012-03-19 00:00:00.000,30.25972507265971
6380,2012-03-20 00:00:00.000,26.834538186691884
6381,2012-03-21 00:00:00.000,27.17445831234464
6382,2012-03-22 00:00:00.000,31.294936364420355
6383,2012-03-23 00:00:00.000,32.960123591533254
6384,2012-03-24 00:00:00.000,35.65841516747923
6385,2012-03-25 00:00:00.000,33.383619119980814
6386,2012-03-26 00:00:00.000,32.06256590437582
6387,2012-03-27 00:00:00.000,31.877154926747057
6388,2012-03-28 00:00:00.000,28.483572184693216
6389,2012-03-29 00:00:00.000,24.21972514260152
6390,2012-03-30 00:00:00.000,22.1853579226505
6391,2012-03-31 00:00:00.000,22.71125087737937
6392,2012-04-01 00:00:00.000,23.30962266881767
6393,2012-04-02 00:00:00.000,21.680955785783144
6394,2012-04-03 00:00:00.000,28.422470839792826
6395,2012-04-04 00:00:00.000,36.42183082157948
6396,2012-04-05 00:00:00.000,41.492584490695876
6397,2012-04-06 00:00:00.000,43.145085703549995
6398,2012-04-07 00:00:00.000,46.28372835136424
6399,2012-04-08 00:00:00.000,56.044492620624226
6400,2012-04-09 00:00:00.000,58.90853037354134
6401,2012-04-10 00:00:00.000,53.35964961655658
6402,2012-04-11 00:00:00.000,48.75568743593205
6403,2012-04-12 00:00:00.000,45.23376845911042
6404,2012-04-13 00:00:00.000,41.21653061048709
6405,2012-04-14 00:00:00.000,31.713515692703464
6406,2012-04-15 00:00:00.000,26.770749726173683
6407,2012-04-16 00:00:00.000,26.6846
6408,2012-04-17 00:00:00.000,26.5992
6409,2012-04-18 00:00:00.000,26.5138
6410,2012-04-19 00:00:00.000,26.4284
6411,2012-04-20 00:00:00.000,26.342999999999996
6412,2012-04-21 00:00:00.000,26.257599999999996
6413,2012-04-22 00:00:00.000,26.172199999999997
6414,2012-04-23 00:00:00.000,26.086799999999997
6415,2012-04-24 00:00:00.000,26.001399999999997
6416,2012-04-25 00:00:00.000,25.917093013851964
6417,2012-04-26 00:00:00.000,25.496469406684273
6418,2012-04-27 00:00:00.000,20.475560288331497
6419,2012-04-28 00:00:00.000,19.153134374635506
6420,2012-04-29 00:00:00.000,19.535080217130027
6421,2012-04-30 00:00:00.000,21.207217772139
6422,2012-05-01 00:00:00.000,25.46577290866191
6423,2012-05-02 00:00:00.000,32.28226814153639
6424,2012-05-03 00:00:00.000,33.07611350090651
6425,2012-05-04 00:00:00.000,33.79064036134682
6426,2012-05-05 00:00:00.000,38.67078909528154
6427,2012-05-06 00:00:00.000,37.10829289351458
6428,2012-05-07 00:00:00.000,39.8822954955402
6429,2012-05-08 00:00:00.000,40.63490347073657
6430,2012-05-09 00:00:00.000,39.68797198871526
6431,2012-05-10 00:00:00.000,38.31605583891808
6432,2012-05-11 00:00:00.000,38.266934449666856
6433,2012-05-12 00:00:00.000,41.79559451509706
6434,2012-05-13 00:00:00.000,55.785625501303656
6435,2012-05-14 00:00:00.000,52.060123081671435
6436,2012-05-15 00:00:00.000,47.3281237533221
6437,2012-05-16 00:00:00.000,53.15973659558571
6438,2012-05-17 00:00:00.000,60.253503588265566
6439,2012-05-18 00:00:00.000,54.026867548112236
6440,2012-05-19 00:00:00.000,45.59983028405006
6441,2012-05-20 00:00:00.000,39.74588444702253
6442,2012-05-21 00:00:00.000,40.963697459175144
6443,2012-05-22 00:00:00.000,43.565658085953835
6444,2012-05-23 00:00:00.000,44.90438304809567
6445,2012-05-24 00:00:00.000,42.062577175724975
6446,2012-05-25 00:00:00.000,43.15913198973397
6447,2012-05-26 00:00:00.000,37.37978753932813
6448,2012-05-27 00:00:00.000,36.614967256609475
6449,2012-05-28 00:00:00.000,42.888740980692006
6450,2012-05-29 00:00:00.000,45.087687082796855
6451,2012-05-30 00:00:00.000,43.0249899566768
6452,2012-05-31 00:00:00.000,42.00121635509455
6453,2012-06-01 00:00:00.000,40.51140704405041
6454,2012-06-02 00:00:00.000,39.39262034949498
6455,2012-06-03 00:00:00.000,36.068566724051955
6456,2012-06-04 00:00:00.000,33.061959166367245
6457,2012-06-05 00:00:00.000,34.85988379791893
6458,2012-06-06 00:00:00.000,34.016912139839626
6459,2012-06-07 00:00:00.000,34.918709644457536
6460,2012-06-08 00:00:00.000,37.91424872862925
6461,2012-06-09 00:00:00.000,34.727146393480176
6462,2012-06-10 00:00:00.000,35.96041032043516
6463,2012-06-11 00:00:00.000,35.126763235414906
6464,2012-06-12 00:00:00.000,35.31779272751727
6465,2012-06-13 00:00:00.000,30.557506339760454
6466,2012-06-14 00:00:00.000,27.913292965622915
6467,2012-06-15 00:00:00.000,25.936980499534442
6468,2012-06-16 00:00:00.000,23.894650488381178
6469,2012-06-17 00:00:00.000,23.780173255981595
6470,2012-06-18 00:00:00.000,29.316516955404285
6471,2012-06-19 00:00:00.000,23.268186124574893
6472,2012-06-20 00:00:00.000,21.630389155520756
6473,2012-06-21 00:00:00.000,22.954953942671736
6474,2012-06-22 00:00:00.000,23.789303342001208
6475,2012-06-23 00:00:00.000,23.603190050063223
6476,2012-06-24 00:00:00.000,24.49720563026992
6477,2012-06-25 00:00:00.000,25.986844815487615
6478,2012-06-26 00:00:00.000,28.357155609037225
6479,2012-06-27 00:00:00.000,27.276996201487815
6480,2012-06-28 00:00:00.000,28.102215514797674
6481,2012-06-29 00:00:00.000,29.529318191091832
6482,2012-06-30 00:00:00.000,29.93104197595416
6483,2012-07-01 00:00:00.000,26.593644378636316
6484,2012-07-02 00:00:00.000,26.816278014652685
6485,2012-07-03 00:00:00.000,27.01152139261026
6486,2012-07-04 00:00:00.000,28.99977320195511
6487,2012-07-05 00:00:00.000,30.3615384691471
6488,2012-07-06 00:00:00.000,28.644402161499986
6489,2012-07-07 00:00:00.000,29.457682131553465
6490,2012-07-08 00:00:00.000,31.059661070838384
6491,2012-07-09 00:00:00.000,31.6306426042179
6492,2012-07-10 00:00:00.000,29.776532827930186
6493,2012-07-11 00:00:00.000,24.6150401500652
6494,2012-07-12 00:00:00.000,24.31042055942751
6495,2012-07-13 00:00:00.000,22.163536337404654
6496,2012-07-14 00:00:00.000,20.940176830785717
6497,2012-07-15 00:00:00.000,20.280388376214837
6498,2012-07-16 00:00:00.000,21.16756402575803
6499,2012-07-17 00:00:00.000,21.364914346643193
6500,2012-07-18 00:00:00.000,19.78049326508825
6501,2012-07-19 00:00:00.000,20.376578799307246
6502,2012-07-20 00:00:00.000,21.537683666706368
6503,2012-07-21 00:00:00.000,20.576097092896493
6504,2012-07-22 00:00:00.000,21.87268759219471
6505,2012-07-23 00:00:00.000,25.923128470499787
6506,2012-07-24 00:00:00.000,27.27747196279404
6507,2012-07-25 00:00:00.000,27.744244417112732
6508,2012-07-26 00:00:00.000,28.077634513975685
6509,2012-07-27 00:00:00.000,27.148472682904252
6510,2012-07-28 00:00:00.000,24.268984015184714
6511,2012-07-29 00:00:00.000,21.871282963576306
6512,2012-07-30 00:00:00.000,21.943621337423895
6513,2012-07-31 00:00:00.000,22.83195831736056
6514,2012-08-01 00:00:00.000,26.735780840532254
6515,2012-08-02 00:00:00.000,29.033155545928583
6516,2012-08-03 00:00:00.000,36.89854365042412
6517,2012-08-04 00:00:00.000,38.79995578591674
6518,2012-08-05 00:00:00.000,37.08743257436373
6519,2012-08-06 00:00:00.000,34.95985151554761
6520,2012-08-07 00:00:00.000,32.622310408808126
6521,2012-08-08 00:00:00.000,28.821751792275336
6522,2012-08-09 00:00:00.000,24.99526763209858
6523,2012-08-10 00:00:00.000,22.668115185614315
6524,2012-08-11 00:00:00.000,19.840383723248642
6525,2012-08-12 00:00:00.000,22.318459899236295
6526,2012-08-13 00:00:00.000,21.969969451669044
6527,2012-08-14 00:00:00.000,22.65775284826119
6528,2012-08-15 00:00:00.000,24.760218144641556
6529,2012-08-16 00:00:00.000,27.51064508298532
6530,2012-08-17 00:00:00.000,27.42390758562135
6531,2012-08-18 00:00:00.000,27.483329612374366
6532,2012-08-19 00:00:00.000,27.663116394524003
6533,2012-08-20 00:00:00.000,29.400092358199075
6534,2012-08-21 00:00:00.000,29.202039723004702
6535,2012-08-22 00:00:00.000,28.78556733764916
6536,2012-08-23 00:00:00.000,32.50361929055334
6537,2012-08-24 00:00:00.000,29.069161855704074
6538,2012-08-25 00:00:00.000,33.663842529351555
6539,2012-08-26 00:00:00.000,30.135415439931332
6540,2012-08-27 00:00:00.000,24.29136841593325
6541,2012-08-28 00:00:00.000,23.36510549924446
6542,2012-08-29 00:00:00.000,22.479487155343406
6543,2012-08-30 00:00:00.000,23.88130651650638
6544,2012-08-31 00:00:00.000,26.668792009720715
6545,2012-09-01 00:00:00.000,24.834347034090626
6546,2012-09-02 00:00:00.000,22.004767992924886
6547,2012-09-03 00:00:00.000,21.221642227566416
6548,2012-09-04 00:00:00.000,21.08469093727244
6549,2012-09-05 00:00:00.000,23.596869221280418
6550,2012-09-06 00:00:00.000,22.423302010607426
6551,2012-09-07 00:00:00.000,20.366223398960965
6552,2012-09-08 00:00:00.000,19.201711560019348
6553,2012-09-09 00:00:00.000,17.092604203439755
6554,2012-09-10 00:00:00.000,14.556361543624838
6555,2012-09-11 00:00:00.000,14.152538208617107
6556,2012-09-12 00:00:00.000,16.06876214096688
6557,2012-09-13 00:00:00.000,16.148123657906467
6558,2012-09-14 00:00:00.000,20.317061397316973
6559,2012-09-15 00:00:00.000,22.494235755836613
6560,2012-09-16 00:00:00.000,22.205584574755452
6561,2012-09-17 00:00:00.000,28.60686026933548
6562,2012-09-18 00:00:00.000,30.637659828155115
6563,2012-09-19 00:00:00.000,28.604303710835776
6564,2012-09-20 00:00:00.000,28.09168080015967
6565,2012-09-21 00:00:00.000,26.14275859212999
6566,2012-09-22 00:00:00.000,22.761817507641762
6567,2012-09-23 00:00:00.000,21.900780164562693
6568,2012-09-24 00:00:00.000,22.05424331255171
6569,2012-09-25 00:00:00.000,22.93575237060105
6570,2012-09-26 00:00:00.000,23.211554052551225
6571,2012-09-27 00:00:00.000,22.713103134898144
6572,2012-09-28 00:00:00.000,27.42672806866129
6573,2012-09-29 00:00:00.000,30.01110580720295
6574,2012-09-30 00:00:00.000,27.547387210529777
6575,2012-10-01 00:00:00.000,26.6875
6576,2012-10-02 00:00:00.000,24.0
6577,2012-10-03 00:00:00.000,22.4375
6578,2012-10-04 00:00:00.000,29.697916666666668
6579,2012-10-05 00:00:00.000,23.333333333333332
6580,2012-10-06 00:00:00.000,19.822916666666668
6581,2012-10-07 00:00:00.000,18.333333333333332
6582,2012-10-08 00:00:00.000,18.010416666666668
6583,2012-10-09 00:00:00.000,18.25
6584,2012-10-10 00:00:00.000,19.15625
6585,2012-10-11 00:00:00.000,21.364583333333332
6586,2012-10-12 00:00:00.000,21.145833333333332
6587,2012-10-13 00:00:00.000,22.5625
6588,2012-10-14 00:00:00.000,23.854166666666668
6589,2012-10-15 00:00:00.000,25.5
6590,2012-10-16 00:00:00.000,25.28125
6591,2012-10-17 00:00:00.000,24.036458333333332
6592,2012-10-18 00:00:00.000,24.3125
6593,2012-10-19 00:00:00.000,22.520833333333332
6594,2012-10-20 00:00:00.000,22.645833333333332
6595,2012-10-21 00:00:00.000,21.958333333333332
6596,2012-10-22 00:00:00.000,20.885416666666668
6597,2012-10-23 00:00:00.000,20.90625
6598,2012-10-24 00:00:00.000,20.78125
6599,2012-10-25 00:00:00.000,21.333333333333332
6600,2012-10-26 00:00:00.000,21.114583333333332
6601,2012-10-27 00:00:00.000,21.244791666666668
6602,2012-10-28 00:00:00.000,20.75
6603,2012-10-29 00:00:00.000,20.984375
6604,2012-10-30 00:00:00.000,20.854166666666668
6605,2012-10-31 00:00:00.000,20.052083333333332
6606,2012-11-01 00:00:00.000,18.489583333333332
6607,2012-11-02 00:00:00.000,17.364583333333332
6608,2012-11-03 00:00:00.000,16.552083333333332
6609,2012-11-04 00:00:00.000,15.96875
6610,2012-11-05 00:00:00.000,15.8125
6611,2012-11-06 00:00:00.000,14.90625
6612,2012-11-07 00:00:00.000,15.666666666666666
6613,2012-11-08 00:00:00.000,16.40625
6614,2012-11-09 00:00:00.000,16.697916666666668
6615,2012-11-10 00:00:00.000,16.78125
6616,2012-11-11 00:00:00.000,17.520833333333332
6617,2012-11-12 00:00:00.000,18.25
6618,2012-11-13 00:00:00.000,19.53125
6619,2012-11-14 00:00:00.000,20.375
6620,2012-11-15 00:00:00.000,20.822916666666668
6621,2012-11-16 00:00:00.000,20.932291666666668
6622,2012-11-17 00:00:00.000,20.140625
6623,2012-11-18 00:00:00.000,19.041666666666668
6624,2012-11-19 00:00:00.000,18.489583333333332
6625,2012-11-20 00:00:00.000,18.869791666666668
6626,2012-11-21 00:00:00.000,18.21875
6627,2012-11-22 00:00:00.000,18.239583333333332
6628,2012-11-23 00:00:00.000,17.760416666666668
6629,2012-11-24 00:00:00.000,17.666666666666668
6630,2012-11-25 00:00:00.000,17.9375
6631,2012-11-26 00:00:00.000,17.901041666666668
6632,2012-11-27 00:00:00.000,17.645833333333332
6633,2012-11-28 00:00:00.000,18.5
6634,2012-11-29 00:00:00.000,18.010416666666668
6635,2012-11-30 00:00:00.000,18.760416666666668
6636,2012-12-01 00:00:00.000,17.213541666666668
6637,2012-12-02 00:00:00.000,18.864583333333332
6638,2012-12-03 00:00:00.000,19.885416666666668
6639,2012-12-04 00:00:00.000,22.635416666666668
6640,2012-12-05 00:00:00.000,28.260416666666668
6641,2012-12-06 00:00:00.000,36.489583333333336
6642,2012-12-07 00:00:00.000,50.489583333333336
6643,2012-12-08 00:00:00.000,60.1875
6644,2012-12-09 00:00:00.000,62.677083333333336
6645,2012-12-10 00:00:00.000,61.427083333333336
6646,2012-12-11 00:00:00.000,62.9375
6647,2012-12-12 00:00:00.000,68.375
6648,2012-12-13 00:00:00.000,65.625
6649,2012-12-14 00:00:00.000,65.41666666666667
6650,2012-12-15 00:00:00.000,62.395833333333336
6651,2012-12-16 00:00:00.000,59.385416666666664
6652,2012-12-17 00:00:00.000,59.651041666666664
6653,2012-12-18 00:00:00.000,56.697916666666664
6654,2012-12-19 00:00:00.000,50.1875
6655,2012-12-20 00:00:00.000,47.520833333333336
6656,2012-12-21 00:00:00.000,44.270833333333336
6657,2012-12-22 00:00:00.000,38.166666666666664
6658,2012-12-23 00:00:00.000,35.614583333333336
6659,2012-12-24 00:00:00.000,31.822916666666668
6660,2012-12-25 00:00:00.000,31.947916666666668
6661,2012-12-26 00:00:00.000,38.645833333333336
6662,2012-12-27 00:00:00.000,44.776041666666664
6663,2012-12-28 00:00:00.000,46.65625
6664,2012-12-29 00:00:00.000,48.947916666666664
6665,2012-12-30 00:00:00.000,49.677083333333336
6666,2012-12-31 00:00:00.000,50.421875
6667,2013-01-01 00:00:00.000,49.729166666666664
6668,2013-01-02 00:00:00.000,48.15625
6669,2013-01-03 00:00:00.000,46.510416666666664
6670,2013-01-04 00:00:00.000,45.125
6671,2013-01-05 00:00:00.000,45.447916666666664
6672,2013-01-06 00:00:00.000,42.645833333333336
6673,2013-01-07 00:00:00.000,42.447916666666664
6674,2013-01-08 00:00:00.000,42.083333333333336
6675,2013-01-09 00:00:00.000,43.677083333333336
6676,2013-01-10 00:00:00.000,46.739583333333336
6677,2013-01-11 00:00:00.000,47.802083333333336
6678,2013-01-12 00:00:00.000,47.416666666666664
6679,2013-01-13 00:00:00.000,46.114583333333336
6680,2013-01-14 00:00:00.000,43.708333333333336
6681,2013-01-15 00:00:00.000,41.96875
6682,2013-01-16 00:00:00.000,40.989583333333336
6683,2013-01-17 00:00:00.000,39.8125
6684,2013-01-18 00:00:00.000,37.34375
6685,2013-01-19 00:00:00.000,32.677083333333336
6686,2013-01-20 00:00:00.000,29.489583333333332
6687,2013-01-21 00:00:00.000,27.328125
6688,2013-01-22 00:00:00.000,25.484375
6689,2013-01-23 00:00:00.000,25.505208333333332
6690,2013-01-24 00:00:00.000,24.78125
6691,2013-01-25 00:00:00.000,25.447916666666668
6692,2013-01-26 00:00:00.000,27.354166666666668
6693,2013-01-27 00:00:00.000,28.5
6694,2013-01-28 00:00:00.000,29.302083333333332
6695,2013-01-29 00:00:00.000,29.458333333333332
6696,2013-01-30 00:00:00.000,28.177083333333332
6697,2013-01-31 00:00:00.000,28.135416666666668
6698,2013-02-01 00:00:00.000,28.052083333333332
6699,2013-02-02 00:00:00.000,27.895833333333332
6700,2013-02-03 00:00:00.000,27.447916666666668
6701,2013-02-04 00:00:00.000,27.020833333333332
6702,2013-02-05 00:00:00.000,28.604166666666668
6703,2013-02-06 00:00:00.000,28.354166666666668
6704,2013-02-07 00:00:00.000,30.479166666666668
6705,2013-02-08 00:00:00.000,30.59375
6706,2013-02-09 00:00:00.000,30.979166666666668
6707,2013-02-10 00:00:00.000,32.083333333333336
6708,2013-02-11 00:00:00.000,32.322916666666664
6709,2013-02-12 00:00:00.000,31.71875
6710,2013-02-13 00:00:00.000,30.260416666666668
6711,2013-02-14 00:00:00.000,29.135416666666668
6712,2013-02-15 00:00:00.000,27.5
6713,2013-02-16 00:00:00.000,24.458333333333332
6714,2013-02-17 00:00:00.000,22.854166666666668
6715,2013-02-18 00:00:00.000,21.46875
6716,2013-02-19 00:00:00.000,22.635416666666668
6717,2013-02-20 00:00:00.000,23.208333333333332
6718,2013-02-21 00:00:00.000,22.947916666666668
6719,2013-02-22 00:00:00.000,23.916666666666668
6720,2013-02-23 00:00:00.000,25.135416666666668
6721,2013-02-24 00:00:00.000,25.145833333333332
6722,2013-02-25 00:00:00.000,26.708333333333332
6723,2013-02-26 00:00:00.000,27.6875
6724,2013-02-27 00:00:00.000,27.885416666666668
6725,2013-02-28 00:00:00.000,27.708333333333332
6726,2013-03-01 00:00:00.000,27.65625
6727,2013-03-02 00:00:00.000,27.229166666666668
6728,2013-03-03 00:00:00.000,28.229166666666668
6729,2013-03-04 00:00:00.000,27.90625
6730,2013-03-05 00:00:00.000,27.239583333333332
6731,2013-03-06 00:00:00.000,25.197916666666668
6732,2013-03-07 00:00:00.000,24.8125
6733,2013-03-08 00:00:00.000,27.270833333333332
6734,2013-03-09 00:00:00.000,29.333333333333332
6735,2013-03-10 00:00:00.000,30.208333333333332
6736,2013-03-11 00:00:00.000,31.760416666666668
6737,2013-03-12 00:00:00.000,33.447916666666664
6738,2013-03-13 00:00:00.000,34.604166666666664
6739,2013-03-14 00:00:00.000,34.854166666666664
6740,2013-03-15 00:00:00.000,35.59375
6741,2013-03-16 00:00:00.000,33.833333333333336
6742,2013-03-17 00:00:00.000,30.416666666666668
6743,2013-03-18 00:00:00.000,26.0
6744,2013-03-19 00:00:00.000,22.916666666666668
6745,2013-03-20 00:00:00.000,20.942708333333332
6746,2013-03-21 00:00:00.000,21.333333333333332
6747,2013-03-22 00:00:00.000,23.552083333333332
6748,2013-03-23 00:00:00.000,25.15625
6749,2013-03-24 00:00:00.000,26.739583333333332
6750,2013-03-25 00:00:00.000,30.75
6751,2013-03-26 00:00:00.000,31.635416666666668
6752,2013-03-27 00:00:00.000,32.244791666666664
6753,2013-03-28 00:00:00.000,32.244791666666664
6754,2013-03-29 00:00:00.000,32.2447916666667
6755,2013-03-30 00:00:00.000,32.2447916666667
6756,2013-03-31 00:00:00.000,32.2447916666667
6757,2013-04-01 00:00:00.000,32.2447916666667
6758,2013-04-02 00:00:00.000,32.2447916666667
6759,2013-04-03 00:00:00.000,32.2447916666667
6760,2013-04-04 00:00:00.000,32.2447916666667
6761,2013-04-05 00:00:00.000,32.854166666666664
6762,2013-04-06 00:00:00.000,33.9375
6763,2013-04-07 00:00:00.000,36.083333333333336
6764,2013-04-08 00:00:00.000,45.4375
6765,2013-04-09 00:00:00.000,44.052083333333336
6766,2013-04-10 00:00:00.000,44.78125
6767,2013-04-11 00:00:00.000,48.208333333333336
6768,2013-04-12 00:00:00.000,45.385416666666664
6769,2013-04-13 00:00:00.000,43.78125
6770,2013-04-14 00:00:00.000,46.354166666666664
6771,2013-04-15 00:00:00.000,48.604166666666664
6772,2013-04-16 00:00:00.000,44.791666666666664
6773,2013-04-17 00:00:00.000,39.125
6774,2013-04-18 00:00:00.000,35.322916666666664
6775,2013-04-19 00:00:00.000,31.708333333333332
6776,2013-04-20 00:00:00.000,29.989583333333332
6777,2013-04-21 00:00:00.000,31.270833333333332
6778,2013-04-22 00:00:00.000,31.53125
6779,2013-04-23 00:00:00.000,34.260416666666664
6780,2013-04-24 00:00:00.000,36.572916666666664
6781,2013-04-25 00:00:00.000,40.8125
6782,2013-04-26 00:00:00.000,38.541666666666664
6783,2013-04-27 00:00:00.000,41.84375
6784,2013-04-28 00:00:00.000,38.822916666666664
6785,2013-04-29 00:00:00.000,34.447916666666664
6786,2013-04-30 00:00:00.000,33.9375
6787,2013-05-01 00:00:00.000,39.1875
6788,2013-05-02 00:00:00.000,36.114583333333336
6789,2013-05-03 00:00:00.000,37.802083333333336
6790,2013-05-04 00:00:00.000,37.333333333333336
6791,2013-05-05 00:00:00.000,38.083333333333336
6792,2013-05-06 00:00:00.000,35.458333333333336
6793,2013-05-07 00:00:00.000,35.96875
6794,2013-05-08 00:00:00.000,36.395833333333336
6795,2013-05-09 00:00:00.000,39.625
6796,2013-05-10 00:00:00.000,41.770833333333336
6797,2013-05-11 00:00:00.000,39.354166666666664
6798,2013-05-12 00:00:00.000,35.791666666666664
6799,2013-05-13 00:00:00.000,34.03125
6800,2013-05-14 00:00:00.000,32.5625
6801,2013-05-15 00:00:00.000,34.864583333333336
6802,2013-05-16 00:00:00.000,35.447916666666664
6803,2013-05-17 00:00:00.000,39.385416666666664
6804,2013-05-18 00:00:00.000,42.697916666666664
6805,2013-05-19 00:00:00.000,41.770833333333336
6806,2013-05-20 00:00:00.000,36.708333333333336
6807,2013-05-21 00:00:00.000,41.177083333333336
6808,2013-05-22 00:00:00.000,43.822916666666664
6809,2013-05-23 00:00:00.000,39.25
6810,2013-05-24 00:00:00.000,39.708333333333336
6811,2013-05-25 00:00:00.000,39.260416666666664
6812,2013-05-26 00:00:00.000,40.96875
6813,2013-05-27 00:00:00.000,42.6875
6814,2013-05-28 00:00:00.000,38.5625
6815,2013-05-29 00:00:00.000,39.197916666666664
6816,2013-05-30 00:00:00.000,39.041666666666664
6817,2013-05-31 00:00:00.000,39.291666666666664
6818,2013-06-01 00:00:00.000,43.729166666666664
6819,2013-06-02 00:00:00.000,43.760416666666664
6820,2013-06-03 00:00:00.000,49.5625
6821,2013-06-04 00:00:00.000,49.625
6822,2013-06-05 00:00:00.000,50.072916666666664
6823,2013-06-06 00:00:00.000,47.708333333333336
6824,2013-06-07 00:00:00.000,41.427083333333336
6825,2013-06-08 00:00:00.000,34.072916666666664
6826,2013-06-09 00:00:00.000,43.71875
6827,2013-06-10 00:00:00.000,36.729166666666664
6828,2013-06-11 00:00:00.000,33.416666666666664
6829,2013-06-12 00:00:00.000,31.322916666666668
6830,2013-06-13 00:00:00.000,30.03125
6831,2013-06-14 00:00:00.000,29.260416666666668
6832,2013-06-15 00:00:00.000,32.135416666666664
6833,2013-06-16 00:00:00.000,34.59375
6834,2013-06-17 00:00:00.000,37.864583333333336
6835,2013-06-18 00:00:00.000,36.760416666666664
6836,2013-06-19 00:00:00.000,35.28125
6837,2013-06-20 00:00:00.000,33.333333333333336
6838,2013-06-21 00:00:00.000,31.979166666666668
6839,2013-06-22 00:00:00.000,31.145833333333332
6840,2013-06-23 00:00:00.000,33.604166666666664
6841,2013-06-24 00:00:00.000,32.239583333333336
6842,2013-06-25 00:00:00.000,32.40625
6843,2013-06-26 00:00:00.000,32.75
6844,2013-06-27 00:00:00.000,31.270833333333332
6845,2013-06-28 00:00:00.000,30.5
6846,2013-06-29 00:00:00.000,29.875
6847,2013-06-30 00:00:00.000,30.479166666666668
6848,2013-07-01 00:00:00.000,27.5625
6849,2013-07-02 00:00:00.000,27.864583333333332
6850,2013-07-03 00:00:00.000,27.333333333333332
6851,2013-07-04 00:00:00.000,24.416666666666668
6852,2013-07-05 00:00:00.000,23.177083333333332
6853,2013-07-06 00:00:00.000,23.84375
6854,2013-07-07 00:00:00.000,23.166666666666668
6855,2013-07-08 00:00:00.000,23.604166666666668
6856,2013-07-09 00:00:00.000,22.5
6857,2013-07-10 00:00:00.000,23.583333333333332
6858,2013-07-11 00:00:00.000,24.84375
6859,2013-07-12 00:00:00.000,23.770833333333332
6860,2013-07-13 00:00:00.000,23.21875
6861,2013-07-14 00:00:00.000,24.895833333333332
6862,2013-07-15 00:00:00.000,29.958333333333332
6863,2013-07-16 00:00:00.000,27.583333333333332
6864,2013-07-17 00:00:00.000,24.729166666666668
6865,2013-07-18 00:00:00.000,24.65625
6866,2013-07-19 00:00:00.000,24.1875
6867,2013-07-20 00:00:00.000,25.489583333333332
6868,2013-07-21 00:00:00.000,27.770833333333332
6869,2013-07-22 00:00:00.000,30.510416666666668
6870,2013-07-23 00:00:00.000,29.067708333333332
6871,2013-07-24 00:00:00.000,30.125
6872,2013-07-25 00:00:00.000,33.479166666666664
6873,2013-07-26 00:00:00.000,37.333333333333336
6874,2013-07-27 00:00:00.000,39.645833333333336
6875,2013-07-28 00:00:00.000,40.09375
6876,2013-07-29 00:00:00.000,35.333333333333336
6877,2013-07-30 00:00:00.000,30.760416666666668
6878,2013-07-31 00:00:00.000,29.885416666666668
6879,2013-08-01 00:00:00.000,25.96875
6880,2013-08-02 00:00:00.000,22.635416666666668
6881,2013-08-03 00:00:00.000,21.15625
6882,2013-08-04 00:00:00.000,22.885416666666668
6883,2013-08-05 00:00:00.000,22.604166666666668
6884,2013-08-06 00:00:00.000,23.385416666666668
6885,2013-08-07 00:00:00.000,25.385416666666668
6886,2013-08-08 00:00:00.000,24.395833333333332
6887,2013-08-09 00:00:00.000,25.96875
6888,2013-08-10 00:00:00.000,26.052083333333332
6889,2013-08-11 00:00:00.000,25.614583333333332
6890,2013-08-12 00:00:00.000,24.364583333333332
6891,2013-08-13 00:00:00.000,23.364583333333332
6892,2013-08-14 00:00:00.000,22.052083333333332
6893,2013-08-15 00:00:00.000,20.541666666666668
6894,2013-08-16 00:00:00.000,20.104166666666668
6895,2013-08-17 00:00:00.000,20.114583333333332
6896,2013-08-18 00:00:00.000,20.395833333333332
6897,2013-08-19 00:00:00.000,21.927083333333332
6898,2013-08-20 00:00:00.000,27.208333333333332
6899,2013-08-21 00:00:00.000,30.197916666666668
6900,2013-08-22 00:00:00.000,30.583333333333336
6901,2013-08-23 00:00:00.000,30.583333333333336
6902,2013-08-24 00:00:00.000,30.96875
6903,2013-08-25 00:00:00.000,28.635416666666664
6904,2013-08-26 00:00:00.000,28.635416666666664
6905,2013-08-27 00:00:00.000,28.6354166666667
6906,2013-08-28 00:00:00.000,28.6354166666667
6907,2013-08-29 00:00:00.000,28.6354166666667
6908,2013-08-30 00:00:00.000,28.6354166666667
6909,2013-08-31 00:00:00.000,28.6354166666667
6910,2013-09-01 00:00:00.000,28.6354166666667
6911,2013-09-02 00:00:00.000,28.6354166666667
6912,2013-09-03 00:00:00.000,28.6354166666667
6913,2013-09-04 00:00:00.000,28.6354166666667
6914,2013-09-05 00:00:00.000,28.6354166666667
6915,2013-09-06 00:00:00.000,28.6354166666667
6916,2013-09-07 00:00:00.000,28.6354166666667
6917,2013-09-08 00:00:00.000,28.6354166666667
6918,2013-09-09 00:00:00.000,28.6354166666667
6919,2013-09-10 00:00:00.000,28.6354166666667
6920,2013-09-11 00:00:00.000,26.302083333333332
6921,2013-09-12 00:00:00.000,23.135416666666668
6922,2013-09-13 00:00:00.000,20.572916666666668
6923,2013-09-14 00:00:00.000,20.572916666666668
6924,2013-09-15 00:00:00.000,20.5729166666667
6925,2013-09-16 00:00:00.000,20.5729166666667
6926,2013-09-17 00:00:00.000,20.5729166666667
6927,2013-09-18 00:00:00.000,20.5729166666667
6928,2013-09-19 00:00:00.000,20.5729166666667
6929,2013-09-20 00:00:00.000,20.5729166666667
6930,2013-09-21 00:00:00.000,20.5729166666667
6931,2013-09-22 00:00:00.000,20.5729166666667
6932,2013-09-23 00:00:00.000,20.5729166666667
6933,2013-09-24 00:00:00.000,20.5729166666667
6934,2013-09-25 00:00:00.000,20.5729166666667
6935,2013-09-26 00:00:00.000,20.5729166666667
6936,2013-09-27 00:00:00.000,20.5729166666667
6937,2013-09-28 00:00:00.000,20.5729166666667
6938,2013-09-29 00:00:00.000,20.5729166666667
6939,2013-09-30 00:00:00.000,18.010416666666668
6940,2013-10-01 00:00:00.000,20.145833333333332
6941,2013-10-02 00:00:00.000,20.052083333333332
6942,2013-10-03 00:00:00.000,22.375
6943,2013-10-04 00:00:00.000,33.083333333333336
6944,2013-10-05 00:00:00.000,32.34375
6945,2013-10-06 00:00:00.000,30.958333333333332
6946,2013-10-07 00:00:00.000,27.375
6947,2013-10-08 00:00:00.000,25.270833333333332
6948,2013-10-09 00:00:00.000,23.885416666666668
6949,2013-10-10 00:00:00.000,22.083333333333332
6950,2013-10-11 00:00:00.000,21.927083333333332
6951,2013-10-12 00:00:00.000,21.270833333333332
6952,2013-10-13 00:00:00.000,21.458333333333332
6953,2013-10-14 00:00:00.000,20.708333333333332
6954,2013-10-15 00:00:00.000,21.020833333333332
6955,2013-10-16 00:00:00.000,21.385416666666668
6956,2013-10-17 00:00:00.000,21.083333333333332
6957,2013-10-18 00:00:00.000,21.947916666666668
6958,2013-10-19 00:00:00.000,21.635416666666668
6959,2013-10-20 00:00:00.000,21.520833333333332
6960,2013-10-21 00:00:00.000,23.114583333333332
6961,2013-10-22 00:00:00.000,22.010416666666668
6962,2013-10-23 00:00:00.000,22.489583333333332
6963,2013-10-24 00:00:00.000,26.614583333333332
6964,2013-10-25 00:00:00.000,19.677083333333332
6965,2013-10-26 00:00:00.000,19.197916666666668
6966,2013-10-27 00:00:00.000,22.46875
6967,2013-10-28 00:00:00.000,22.958333333333332
6968,2013-10-29 00:00:00.000,21.40625
6969,2013-10-30 00:00:00.000,20.864583333333332
6970,2013-10-31 00:00:00.000,21.15625
6971,2013-11-01 00:00:00.000,21.5
6972,2013-11-02 00:00:00.000,23.385416666666668
6973,2013-11-03 00:00:00.000,22.770833333333332
6974,2013-11-04 00:00:00.000,28.208333333333332
6975,2013-11-05 00:00:00.000,23.333333333333332
6976,2013-11-06 00:00:00.000,23.583333333333332
6977,2013-11-07 00:00:00.000,23.541666666666668
6978,2013-11-08 00:00:00.000,21.729166666666668
6979,2013-11-09 00:00:00.000,21.197916666666668
6980,2013-11-10 00:00:00.000,22.510416666666668
6981,2013-11-11 00:00:00.000,22.65625
6982,2013-11-12 00:00:00.000,22.802083333333332
6983,2013-11-13 00:00:00.000,22.604166666666668
6984,2013-11-14 00:00:00.000,27.333333333333332
6985,2013-11-15 00:00:00.000,27.979166666666668
6986,2013-11-16 00:00:00.000,27.520833333333332
6987,2013-11-17 00:00:00.000,25.25
6988,2013-11-18 00:00:00.000,24.8125
6989,2013-11-19 00:00:00.000,23.416666666666668
6990,2013-11-20 00:00:00.000,21.739583333333332
6991,2013-11-21 00:00:00.000,25.3125
6992,2013-11-22 00:00:00.000,37.96875
6993,2013-11-23 00:00:00.000,28.34375
6994,2013-11-24 00:00:00.000,25.875
6995,2013-11-25 00:00:00.000,26.072916666666668
6996,2013-11-26 00:00:00.000,23.96875
6997,2013-11-27 00:00:00.000,24.25
6998,2013-11-28 00:00:00.000,24.0625
6999,2013-11-29 00:00:00.000,24.104166666666668
7000,2013-11-30 00:00:00.000,24.770833333333332
7001,2013-12-01 00:00:00.000,26.302083333333332
7002,2013-12-02 00:00:00.000,30.177083333333332
7003,2013-12-03 00:00:00.000,40.375
7004,2013-12-04 00:00:00.000,34.614583333333336
7005,2013-12-05 00:00:00.000,34.010416666666664
7006,2013-12-06 00:00:00.000,33.5625
7007,2013-12-07 00:00:00.000,32.697916666666664
7008,2013-12-08 00:00:00.000,31.6875
7009,2013-12-09 00:00:00.000,32.041666666666664
7010,2013-12-10 00:00:00.000,32.479166666666664
7011,2013-12-11 00:00:00.000,31.854166666666668
7012,2013-12-12 00:00:00.000,30.875
7013,2013-12-13 00:00:00.000,29.458333333333332
7014,2013-12-14 00:00:00.000,27.96875
7015,2013-12-15 00:00:00.000,27.5
7016,2013-12-16 00:00:00.000,26.125
7017,2013-12-17 00:00:00.000,24.75
7018,2013-12-18 00:00:00.000,26.239583333333332
7019,2013-12-19 00:00:00.000,27.645833333333332
7020,2013-12-20 00:00:00.000,26.583333333333332
7021,2013-12-21 00:00:00.000,25.364583333333332
7022,2013-12-22 00:00:00.000,23.78125
7023,2013-12-23 00:00:00.000,24.604166666666668
7024,2013-12-24 00:00:00.000,24.604166666666668
7025,2013-12-25 00:00:00.000,23.739583333333332
7026,2013-12-26 00:00:00.000,21.864583333333332
7027,2013-12-27 00:00:00.000,21.447916666666668
7028,2013-12-28 00:00:00.000,21.90625
7029,2013-12-29 00:00:00.000,21.1875
7030,2013-12-30 00:00:00.000,22.427083333333332
7031,2013-12-31 00:00:00.000,25.041666666666668
7032,2014-01-01 00:00:00.000,26.708333333333332
7033,2014-01-02 00:00:00.000,26.5
7034,2014-01-03 00:00:00.000,28.947916666666668
7035,2014-01-04 00:00:00.000,29.40625
7036,2014-01-05 00:00:00.000,28.166666666666668
7037,2014-01-06 00:00:00.000,25.197916666666668
7038,2014-01-07 00:00:00.000,26.645833333333332
7039,2014-01-08 00:00:00.000,26.229166666666668
7040,2014-01-09 00:00:00.000,24.979166666666668
7041,2014-01-10 00:00:00.000,23.510416666666668
7042,2014-01-11 00:00:00.000,23.208333333333332
7043,2014-01-12 00:00:00.000,22.40625
7044,2014-01-13 00:00:00.000,22.40625
7045,2014-01-14 00:00:00.000,22.875
7046,2014-01-15 00:00:00.000,21.104166666666668
7047,2014-01-16 00:00:00.000,21.145833333333332
7048,2014-01-17 00:00:00.000,20.90625
7049,2014-01-18 00:00:00.000,20.864583333333332
7050,2014-01-19 00:00:00.000,20.40625
7051,2014-01-20 00:00:00.000,20.354166666666668
7052,2014-01-21 00:00:00.000,20.125
7053,2014-01-22 00:00:00.000,20.302083333333332
7054,2014-01-23 00:00:00.000,19.947916666666668
7055,2014-01-24 00:00:00.000,18.1875
7056,2014-01-25 00:00:00.000,19.072916666666668
7057,2014-01-26 00:00:00.000,19.09375
7058,2014-01-27 00:00:00.000,21.177083333333332
7059,2014-01-28 00:00:00.000,22.15625
7060,2014-01-29 00:00:00.000,23.697916666666668
7061,2014-01-30 00:00:00.000,26.21875
7062,2014-01-31 00:00:00.000,25.8125
7063,2014-02-01 00:00:00.000,30.083333333333332
7064,2014-02-02 00:00:00.000,27.041666666666668
7065,2014-02-03 00:00:00.000,27.447916666666668
7066,2014-02-04 00:00:00.000,25.947916666666668
7067,2014-02-05 00:00:00.000,25.072916666666668
7068,2014-02-06 00:00:00.000,24.28125
7069,2014-02-07 00:00:00.000,22.447916666666668
7070,2014-02-08 00:00:00.000,21.552083333333332
7071,2014-02-09 00:00:00.000,21.135416666666668
7072,2014-02-10 00:00:00.000,21.729166666666668
7073,2014-02-11 00:00:00.000,22.041666666666668
7074,2014-02-12 00:00:00.000,23.84375
7075,2014-02-13 00:00:00.000,24.989583333333332
7076,2014-02-14 00:00:00.000,25.802083333333332
7077,2014-02-15 00:00:00.000,26.9375
7078,2014-02-16 00:00:00.000,27.072916666666668
7079,2014-02-17 00:00:00.000,29.739583333333332
7080,2014-02-18 00:00:00.000,31.364583333333332
7081,2014-02-19 00:00:00.000,32.260416666666664
7082,2014-02-20 00:00:00.000,32.125
7083,2014-02-21 00:00:00.000,30.28125
7084,2014-02-22 00:00:00.000,28.65625
7085,2014-02-23 00:00:00.000,27.71875
7086,2014-02-24 00:00:00.000,26.760416666666668
7087,2014-02-25 00:00:00.000,27.052083333333332
7088,2014-02-26 00:00:00.000,29.15625
7089,2014-02-27 00:00:00.000,31.0
7090,2014-02-28 00:00:00.000,30.604166666666668
7091,2014-03-01 00:00:00.000,36.197916666666664
7092,2014-03-02 00:00:00.000,37.9375
7093,2014-03-03 00:00:00.000,37.604166666666664
7094,2014-03-04 00:00:00.000,37.0
7095,2014-03-05 00:00:00.000,36.364583333333336
7096,2014-03-06 00:00:00.000,34.71875
7097,2014-03-07 00:00:00.000,32.791666666666664
7098,2014-03-08 00:00:00.000,31.15625
7099,2014-03-09 00:00:00.000,29.635416666666668
7100,2014-03-10 00:00:00.000,30.010416666666668
7101,2014-03-11 00:00:00.000,26.375
7102,2014-03-12 00:00:00.000,34.604166666666664
7103,2014-03-13 00:00:00.000,34.447916666666664
7104,2014-03-14 00:00:00.000,40.427083333333336
7105,2014-03-15 00:00:00.000,41.010416666666664
7106,2014-03-16 00:00:00.000,41.770833333333336
7107,2014-03-17 00:00:00.000,45.104166666666664
7108,2014-03-18 00:00:00.000,45.489583333333336
7109,2014-03-19 00:00:00.000,44.65625
7110,2014-03-20 00:00:00.000,42.635416666666664
7111,2014-03-21 00:00:00.000,43.208333333333336
7112,2014-03-22 00:00:00.000,41.270833333333336
7113,2014-03-23 00:00:00.000,38.833333333333336
7114,2014-03-24 00:00:00.000,36.166666666666664
7115,2014-03-25 00:00:00.000,36.25
7116,2014-03-26 00:00:00.000,37.697916666666664
7117,2014-03-27 00:00:00.000,40.052083333333336
7118,2014-03-28 00:00:00.000,42.125
7119,2014-03-29 00:00:00.000,45.447916666666664
7120,2014-03-30 00:00:00.000,48.34375
7121,2014-03-31 00:00:00.000,45.395833333333336
7122,2014-04-01 00:00:00.000,47.90625
7123,2014-04-02 00:00:00.000,47.458333333333336
7124,2014-04-03 00:00:00.000,42.75
7125,2014-04-04 00:00:00.000,42.96875
7126,2014-04-05 00:00:00.000,40.385416666666664
7127,2014-04-06 00:00:00.000,33.916666666666664
7128,2014-04-07 00:00:00.000,35.28125
7129,2014-04-08 00:00:00.000,34.458333333333336
7130,2014-04-09 00:00:00.000,34.479166666666664
7131,2014-04-10 00:00:00.000,37.125
7132,2014-04-11 00:00:00.000,38.229166666666664
7133,2014-04-12 00:00:00.000,46.791666666666664
7134,2014-04-13 00:00:00.000,48.125
7135,2014-04-14 00:00:00.000,44.239583333333336
7136,2014-04-15 00:00:00.000,45.09375
7137,2014-04-16 00:00:00.000,42.572916666666664
7138,2014-04-17 00:00:00.000,40.270833333333336
7139,2014-04-18 00:00:00.000,39.802083333333336
7140,2014-04-19 00:00:00.000,41.677083333333336
7141,2014-04-20 00:00:00.000,37.09375
7142,2014-04-21 00:00:00.000,36.864583333333336
7143,2014-04-22 00:00:00.000,43.302083333333336
7144,2014-04-23 00:00:00.000,43.958333333333336
7145,2014-04-24 00:00:00.000,47.34375
7146,2014-04-25 00:00:00.000,48.291666666666664
7147,2014-04-26 00:00:00.000,49.135416666666664
7148,2014-04-27 00:00:00.000,50.458333333333336
7149,2014-04-28 00:00:00.000,48.833333333333336
7150,2014-04-29 00:00:00.000,43.5
7151,2014-04-30 00:00:00.000,40.854166666666664
7152,2014-05-01 00:00:00.000,38.4375
7153,2014-05-02 00:00:00.000,35.625
7154,2014-05-03 00:00:00.000,35.572916666666664
7155,2014-05-04 00:00:00.000,36.677083333333336
7156,2014-05-05 00:00:00.000,37.354166666666664
7157,2014-05-06 00:00:00.000,38.541666666666664
7158,2014-05-07 00:00:00.000,37.71875
7159,2014-05-08 00:00:00.000,36.96875
7160,2014-05-09 00:00:00.000,38.5625
7161,2014-05-10 00:00:00.000,40.645833333333336
7162,2014-05-11 00:00:00.000,39.552083333333336
7163,2014-05-12 00:00:00.000,37.53125
7164,2014-05-13 00:00:00.000,35.364583333333336
7165,2014-05-14 00:00:00.000,34.239583333333336
7166,2014-05-15 00:00:00.000,32.822916666666664
7167,2014-05-16 00:00:00.000,33.395833333333336
7168,2014-05-17 00:00:00.000,35.5625
7169,2014-05-18 00:00:00.000,34.75
7170,2014-05-19 00:00:00.000,38.864583333333336
7171,2014-05-20 00:00:00.000,37.770833333333336
7172,2014-05-21 00:00:00.000,35.979166666666664
7173,2014-05-22 00:00:00.000,35.552083333333336
7174,2014-05-23 00:00:00.000,35.645833333333336
7175,2014-05-24 00:00:00.000,36.03125
7176,2014-05-25 00:00:00.000,33.385416666666664
7177,2014-05-26 00:00:00.000,31.791666666666668
7178,2014-05-27 00:00:00.000,32.822916666666664
7179,2014-05-28 00:00:00.000,33.15625
7180,2014-05-29 00:00:00.000,30.0
7181,2014-05-30 00:00:00.000,28.489583333333332
7182,2014-05-31 00:00:00.000,27.4375
7183,2014-06-01 00:00:00.000,25.916666666666668
7184,2014-06-02 00:00:00.000,27.333333333333332
7185,2014-06-03 00:00:00.000,26.666666666666668
7186,2014-06-04 00:00:00.000,24.90625
7187,2014-06-05 00:00:00.000,27.84375
7188,2014-06-06 00:00:00.000,31.322916666666668
7189,2014-06-07 00:00:00.000,32.364583333333336
7190,2014-06-08 00:00:00.000,26.489583333333332
7191,2014-06-09 00:00:00.000,25.0
7192,2014-06-10 00:00:00.000,31.489583333333332
7193,2014-06-11 00:00:00.000,36.447916666666664
7194,2014-06-12 00:00:00.000,36.239583333333336
7195,2014-06-13 00:00:00.000,31.802083333333332
7196,2014-06-14 00:00:00.000,30.135416666666668
7197,2014-06-15 00:00:00.000,29.604166666666668
7198,2014-06-16 00:00:00.000,34.135416666666664
7199,2014-06-17 00:00:00.000,31.71875
7200,2014-06-18 00:00:00.000,29.354166666666668
7201,2014-06-19 00:00:00.000,29.197916666666668
7202,2014-06-20 00:00:00.000,28.875
7203,2014-06-21 00:00:00.000,31.84375
7204,2014-06-22 00:00:00.000,30.895833333333332
7205,2014-06-23 00:00:00.000,31.989583333333332
7206,2014-06-24 00:00:00.000,29.3125
7207,2014-06-25 00:00:00.000,30.15625
7208,2014-06-26 00:00:00.000,29.114583333333332
7209,2014-06-27 00:00:00.000,27.34375
7210,2014-06-28 00:00:00.000,26.6875
7211,2014-06-29 00:00:00.000,25.708333333333332
7212,2014-06-30 00:00:00.000,23.927083333333332
7213,2014-07-01 00:00:00.000,30.46875
7214,2014-07-02 00:00:00.000,29.520833333333332
7215,2014-07-03 00:00:00.000,26.447916666666668
7216,2014-07-04 00:00:00.000,24.208333333333332
7217,2014-07-05 00:00:00.000,25.604166666666668
7218,2014-07-06 00:00:00.000,24.510416666666668
7219,2014-07-07 00:00:00.000,24.614583333333332
7220,2014-07-08 00:00:00.000,24.25
7221,2014-07-09 00:00:00.000,27.072916666666668
7222,2014-07-10 00:00:00.000,28.4375
7223,2014-07-11 00:00:00.000,30.916666666666668
7224,2014-07-12 00:00:00.000,32.34375
7225,2014-07-13 00:00:00.000,34.708333333333336
7226,2014-07-14 00:00:00.000,33.916666666666664
7227,2014-07-15 00:00:00.000,40.135416666666664
7228,2014-07-16 00:00:00.000,41.364583333333336
7229,2014-07-17 00:00:00.000,42.645833333333336
7230,2014-07-18 00:00:00.000,39.729166666666664
7231,2014-07-19 00:00:00.000,36.291666666666664
7232,2014-07-20 00:00:00.000,37.833333333333336
7233,2014-07-21 00:00:00.000,33.520833333333336
7234,2014-07-22 00:00:00.000,28.15625
7235,2014-07-23 00:00:00.000,28.302083333333332
7236,2014-07-24 00:00:00.000,25.760416666666668
7237,2014-07-25 00:00:00.000,23.739583333333332
7238,2014-07-26 00:00:00.000,21.822916666666668
7239,2014-07-27 00:00:00.000,22.25
7240,2014-07-28 00:00:00.000,25.885416666666668
7241,2014-07-29 00:00:00.000,25.489583333333332
7242,2014-07-30 00:00:00.000,24.125
7243,2014-07-31 00:00:00.000,27.229166666666668
7244,2014-08-01 00:00:00.000,26.46875
7245,2014-08-02 00:00:00.000,28.708333333333332
7246,2014-08-03 00:00:00.000,29.104166666666668
7247,2014-08-04 00:00:00.000,26.75
7248,2014-08-05 00:00:00.000,22.895833333333332
7249,2014-08-06 00:00:00.000,23.697916666666668
7250,2014-08-07 00:00:00.000,24.0
7251,2014-08-08 00:00:00.000,23.90625
7252,2014-08-09 00:00:00.000,25.520833333333332
7253,2014-08-10 00:00:00.000,29.135416666666668
7254,2014-08-11 00:00:00.000,31.885416666666668
7255,2014-08-12 00:00:00.000,37.291666666666664
7256,2014-08-13 00:00:00.000,36.3125
7257,2014-08-14 00:00:00.000,34.510416666666664
7258,2014-08-15 00:00:00.000,31.520833333333332
7259,2014-08-16 00:00:00.000,30.09375
7260,2014-08-17 00:00:00.000,31.447916666666668
7261,2014-08-18 00:00:00.000,29.072916666666668
7262,2014-08-19 00:00:00.000,26.385416666666668
7263,2014-08-20 00:00:00.000,25.958333333333332
7264,2014-08-21 00:00:00.000,23.895833333333332
7265,2014-08-22 00:00:00.000,22.604166666666668
7266,2014-08-23 00:00:00.000,23.135416666666668
7267,2014-08-24 00:00:00.000,25.583333333333332
7268,2014-08-25 00:00:00.000,26.583333333333332
7269,2014-08-26 00:00:00.000,26.21875
7270,2014-08-27 00:00:00.000,25.625
7271,2014-08-28 00:00:00.000,26.541666666666668
7272,2014-08-29 00:00:00.000,27.416666666666668
7273,2014-08-30 00:00:00.000,25.833333333333332
7274,2014-08-31 00:00:00.000,23.895833333333332
7275,2014-09-01 00:00:00.000,21.1875
7276,2014-09-02 00:00:00.000,21.927083333333332
7277,2014-09-03 00:00:00.000,22.072916666666668
7278,2014-09-04 00:00:00.000,22.0
7279,2014-09-05 00:00:00.000,24.020833333333332
7280,2014-09-06 00:00:00.000,24.322916666666668
7281,2014-09-07 00:00:00.000,27.53125
7282,2014-09-08 00:00:00.000,31.333333333333332
7283,2014-09-09 00:00:00.000,34.40625
7284,2014-09-10 00:00:00.000,31.760416666666668
7285,2014-09-11 00:00:00.000,31.979166666666668
7286,2014-09-12 00:00:00.000,30.791666666666668
7287,2014-09-13 00:00:00.000,32.833333333333336
7288,2014-09-14 00:00:00.000,34.354166666666664
7289,2014-09-15 00:00:00.000,34.354166666666664
7290,2014-09-16 00:00:00.000,24.458333333333332
7291,2014-09-17 00:00:00.000,22.583333333333332
7292,2014-09-18 00:00:00.000,20.364583333333332
7293,2014-09-19 00:00:00.000,21.03125
7294,2014-09-20 00:00:00.000,22.0
7295,2014-09-21 00:00:00.000,25.760416666666668
7296,2014-09-22 00:00:00.000,24.760416666666668
7297,2014-09-23 00:00:00.000,24.572916666666668
7298,2014-09-24 00:00:00.000,24.989583333333332
7299,2014-09-25 00:00:00.000,24.645833333333332
7300,2014-09-26 00:00:00.000,22.65625
7301,2014-09-27 00:00:00.000,20.322916666666668
7302,2014-09-28 00:00:00.000,19.416666666666668
7303,2014-09-29 00:00:00.000,19.166666666666668
7304,2014-09-30 00:00:00.000,17.09375
7305,2014-10-01 00:00:00.000,14.833333333333334
7306,2014-10-02 00:00:00.000,14.666666666666666
7307,2014-10-03 00:00:00.000,14.40625
7308,2014-10-04 00:00:00.000,14.40625
7309,2014-10-05 00:00:00.000,14.614583333333334
7310,2014-10-06 00:00:00.000,15.177083333333334
7311,2014-10-07 00:00:00.000,17.291666666666668
7312,2014-10-08 00:00:00.000,18.020833333333332
7313,2014-10-09 00:00:00.000,20.333333333333332
7314,2014-10-10 00:00:00.000,22.666666666666668
7315,2014-10-11 00:00:00.000,21.072916666666668
7316,2014-10-12 00:00:00.000,19.791666666666668
7317,2014-10-13 00:00:00.000,17.697916666666668
7318,2014-10-14 00:00:00.000,17.875
7319,2014-10-15 00:00:00.000,15.28125
7320,2014-10-16 00:00:00.000,15.083333333333334
7321,2014-10-17 00:00:00.000,15.072916666666666
7322,2014-10-18 00:00:00.000,14.9375
7323,2014-10-19 00:00:00.000,14.760416666666666
7324,2014-10-20 00:00:00.000,16.979166666666668
7325,2014-10-21 00:00:00.000,16.447916666666668
7326,2014-10-22 00:00:00.000,19.822916666666668
7327,2014-10-23 00:00:00.000,13.1875
7328,2014-10-24 00:00:00.000,15.958333333333334
7329,2014-10-25 00:00:00.000,16.385416666666668
7330,2014-10-26 00:00:00.000,17.072916666666668
7331,2014-10-27 00:00:00.000,16.354166666666668
7332,2014-10-28 00:00:00.000,15.65625
7333,2014-10-29 00:00:00.000,15.197916666666666
7334,2014-10-30 00:00:00.000,15.6875
7335,2014-10-31 00:00:00.000,16.364583333333332
7336,2014-11-01 00:00:00.000,16.989583333333332
7337,2014-11-02 00:00:00.000,16.520833333333332
7338,2014-11-03 00:00:00.000,23.21875
7339,2014-11-04 00:00:00.000,18.59375
7340,2014-11-05 00:00:00.000,18.125
7341,2014-11-06 00:00:00.000,25.416666666666668
7342,2014-11-07 00:00:00.000,19.864583333333332
7343,2014-11-08 00:00:00.000,19.583333333333332
7344,2014-11-09 00:00:00.000,25.145833333333332
7345,2014-11-10 00:00:00.000,17.104166666666668
7346,2014-11-11 00:00:00.000,17.3125
7347,2014-11-12 00:00:00.000,21.895833333333332
7348,2014-11-13 00:00:00.000,15.822916666666666
7349,2014-11-14 00:00:00.000,15.864583333333334
7350,2014-11-15 00:00:00.000,21.604166666666668
7351,2014-11-16 00:00:00.000,16.427083333333332
7352,2014-11-17 00:00:00.000,16.40625
7353,2014-11-18 00:00:00.000,22.6875
7354,2014-11-19 00:00:00.000,16.927083333333332
7355,2014-11-20 00:00:00.000,17.697916666666668
7356,2014-11-21 00:00:00.000,25.822916666666668
7357,2014-11-22 00:00:00.000,20.395833333333332
7358,2014-11-23 00:00:00.000,19.302083333333332
7359,2014-11-24 00:00:00.000,20.802083333333332
7360,2014-11-25 00:00:00.000,21.020833333333332
7361,2014-11-26 00:00:00.000,21.0625
7362,2014-11-27 00:00:00.000,20.760416666666668
7363,2014-11-28 00:00:00.000,20.875
7364,2014-11-29 00:00:00.000,20.416666666666668
7365,2014-11-30 00:00:00.000,21.34375
7366,2014-12-01 00:00:00.000,21.166666666666668
7367,2014-12-02 00:00:00.000,21.979166666666668
7368,2014-12-03 00:00:00.000,22.270833333333332
7369,2014-12-04 00:00:00.000,19.1875
7370,2014-12-05 00:00:00.000,16.739583333333332
7371,2014-12-06 00:00:00.000,22.260416666666668
7372,2014-12-07 00:00:00.000,22.375
7373,2014-12-08 00:00:00.000,22.427083333333332
7374,2014-12-09 00:00:00.000,24.729166666666668
7375,2014-12-10 00:00:00.000,17.0
7376,2014-12-11 00:00:00.000,25.166666666666668
7377,2014-12-12 00:00:00.000,32.739583333333336
7378,2014-12-13 00:00:00.000,24.614583333333332
7379,2014-12-14 00:00:00.000,34.364583333333336
7380,2014-12-15 00:00:00.000,44.65625
7381,2014-12-16 00:00:00.000,25.322916666666668
7382,2014-12-17 00:00:00.000,72.82291666666667
7383,2014-12-18 00:00:00.000,94.57291666666667
7384,2014-12-19 00:00:00.000,65.05208333333333
7385,2014-12-20 00:00:00.000,67.69791666666667
7386,2014-12-21 00:00:00.000,59.510416666666664
7387,2014-12-22 00:00:00.000,56.84375
7388,2014-12-23 00:00:00.000,50.958333333333336
7389,2014-12-24 00:00:00.000,54.791666666666664
7390,2014-12-25 00:00:00.000,55.427083333333336
7391,2014-12-26 00:00:00.000,56.791666666666664
7392,2014-12-27 00:00:00.000,54.385416666666664
7393,2014-12-28 00:00:00.000,52.770833333333336
7394,2014-12-29 00:00:00.000,51.791666666666664
7395,2014-12-30 00:00:00.000,57.28125
7396,2014-12-31 00:00:00.000,64.98958333333333
7397,2015-01-01 00:00:00.000,65.69791666666667
7398,2015-01-02 00:00:00.000,63.28125
7399,2015-01-03 00:00:00.000,60.65625
7400,2015-01-04 00:00:00.000,58.395833333333336
7401,2015-01-05 00:00:00.000,56.322916666666664
7402,2015-01-06 00:00:00.000,55.3125
7403,2015-01-07 00:00:00.000,47.8125
7404,2015-01-08 00:00:00.000,48.625
7405,2015-01-09 00:00:00.000,45.34375
7406,2015-01-10 00:00:00.000,43.09375
7407,2015-01-11 00:00:00.000,41.520833333333336
7408,2015-01-12 00:00:00.000,39.666666666666664
7409,2015-01-13 00:00:00.000,36.729166666666664
7410,2015-01-14 00:00:00.000,31.604166666666668
7411,2015-01-15 00:00:00.000,29.885416666666668
7412,2015-01-16 00:00:00.000,29.947916666666668
7413,2015-01-17 00:00:00.000,29.395833333333332
7414,2015-01-18 00:00:00.000,28.166666666666668
7415,2015-01-19 00:00:00.000,30.625
7416,2015-01-20 00:00:00.000,32.71875
7417,2015-01-21 00:00:00.000,34.0
7418,2015-01-22 00:00:00.000,34.291666666666664
7419,2015-01-23 00:00:00.000,34.802083333333336
7420,2015-01-24 00:00:00.000,34.947916666666664
7421,2015-01-25 00:00:00.000,35.3125
7422,2015-01-26 00:00:00.000,32.5625
7423,2015-01-27 00:00:00.000,30.145833333333332
7424,2015-01-28 00:00:00.000,28.833333333333332
7425,2015-01-29 00:00:00.000,26.802083333333332
7426,2015-01-30 00:00:00.000,26.416666666666668
7427,2015-01-31 00:00:00.000,26.166666666666668
7428,2015-02-01 00:00:00.000,26.125
7429,2015-02-02 00:00:00.000,26.364583333333332
7430,2015-02-03 00:00:00.000,23.375
7431,2015-02-04 00:00:00.000,25.364583333333332
7432,2015-02-05 00:00:00.000,24.916666666666668
7433,2015-02-06 00:00:00.000,24.28125
7434,2015-02-07 00:00:00.000,24.40625
7435,2015-02-08 00:00:00.000,25.010416666666668
7436,2015-02-09 00:00:00.000,27.645833333333332
7437,2015-02-10 00:00:00.000,25.916666666666668
7438,2015-02-11 00:00:00.000,23.8125
7439,2015-02-12 00:00:00.000,30.53125
7440,2015-02-13 00:00:00.000,40.5
7441,2015-02-14 00:00:00.000,52.40625
7442,2015-02-15 00:00:00.000,60.989583333333336
7443,2015-02-16 00:00:00.000,65.52083333333333
7444,2015-02-17 00:00:00.000,65.63541666666667
7445,2015-02-18 00:00:00.000,67.73958333333333
7446,2015-02-19 00:00:00.000,66.47916666666667
7447,2015-02-20 00:00:00.000,63.15625
7448,2015-02-21 00:00:00.000,57.84375
7449,2015-02-22 00:00:00.000,56.96875
7450,2015-02-23 00:00:00.000,67.35416666666667
7451,2015-02-24 00:00:00.000,62.614583333333336
7452,2015-02-25 00:00:00.000,53.34375
7453,2015-02-26 00:00:00.000,46.979166666666664
7454,2015-02-27 00:00:00.000,48.65625
7455,2015-02-28 00:00:00.000,48.28125
7456,2015-03-01 00:00:00.000,46.885416666666664
7457,2015-03-02 00:00:00.000,42.46875
7458,2015-03-03 00:00:00.000,43.572916666666664
7459,2015-03-04 00:00:00.000,40.25
7460,2015-03-05 00:00:00.000,40.895833333333336
7461,2015-03-06 00:00:00.000,40.052083333333336
7462,2015-03-07 00:00:00.000,37.822916666666664
7463,2015-03-08 00:00:00.000,36.041666666666664
7464,2015-03-09 00:00:00.000,37.270833333333336
7465,2015-03-10 00:00:00.000,33.677083333333336
7466,2015-03-11 00:00:00.000,31.71875
7467,2015-03-12 00:00:00.000,29.145833333333332
7468,2015-03-13 00:00:00.000,26.822916666666668
7469,2015-03-14 00:00:00.000,24.322916666666668
7470,2015-03-15 00:00:00.000,25.135416666666668
7471,2015-03-16 00:00:00.000,25.53125
7472,2015-03-17 00:00:00.000,28.75
7473,2015-03-18 00:00:00.000,32.0
7474,2015-03-19 00:00:00.000,33.364583333333336
7475,2015-03-20 00:00:00.000,33.885416666666664
7476,2015-03-21 00:00:00.000,35.364583333333336
7477,2015-03-22 00:00:00.000,36.135416666666664
7478,2015-03-23 00:00:00.000,35.208333333333336
7479,2015-03-24 00:00:00.000,35.625
7480,2015-03-25 00:00:00.000,32.302083333333336
7481,2015-03-26 00:00:00.000,29.260416666666668
7482,2015-03-27 00:00:00.000,27.041666666666668
7483,2015-03-28 00:00:00.000,31.25
7484,2015-03-29 00:00:00.000,28.239583333333332
7485,2015-03-30 00:00:00.000,27.5
7486,2015-03-31 00:00:00.000,31.1875
7487,2015-04-01 00:00:00.000,32.03125
7488,2015-04-02 00:00:00.000,33.072916666666664
7489,2015-04-03 00:00:00.000,32.8125
7490,2015-04-04 00:00:00.000,36.333333333333336
7491,2015-04-05 00:00:00.000,41.760416666666664
7492,2015-04-06 00:00:00.000,33.510416666666664
7493,2015-04-07 00:00:00.000,31.291666666666668
7494,2015-04-08 00:00:00.000,30.40625
7495,2015-04-09 00:00:00.000,31.104166666666668
7496,2015-04-10 00:00:00.000,25.979166666666668
7497,2015-04-11 00:00:00.000,25.822916666666668
7498,2015-04-12 00:00:00.000,26.197916666666668
7499,2015-04-13 00:00:00.000,26.322916666666668
7500,2015-04-14 00:00:00.000,28.75
7501,2015-04-15 00:00:00.000,32.666666666666664
7502,2015-04-16 00:00:00.000,31.041666666666668
7503,2015-04-17 00:00:00.000,32.333333333333336
7504,2015-04-18 00:00:00.000,35.822916666666664
7505,2015-04-19 00:00:00.000,38.364583333333336
7506,2015-04-20 00:00:00.000,40.46875
7507,2015-04-21 00:00:00.000,45.114583333333336
7508,2015-04-22 00:00:00.000,38.364583333333336
7509,2015-04-23 00:00:00.000,34.4375
7510,2015-04-24 00:00:00.000,33.614583333333336
7511,2015-04-25 00:00:00.000,31.3125
7512,2015-04-26 00:00:00.000,31.854166666666668
7513,2015-04-27 00:00:00.000,28.791666666666668
7514,2015-04-28 00:00:00.000,31.677083333333332
7515,2015-04-29 00:00:00.000,30.822916666666668
7516,2015-04-30 00:00:00.000,27.604166666666668
7517,2015-05-01 00:00:00.000,25.614583333333332
7518,2015-05-02 00:00:00.000,30.0
7519,2015-05-03 00:00:00.000,32.604166666666664
7520,2015-05-04 00:00:00.000,35.135416666666664
7521,2015-05-05 00:00:00.000,33.739583333333336
7522,2015-05-06 00:00:00.000,31.052083333333332
7523,2015-05-07 00:00:00.000,27.895833333333332
7524,2015-05-08 00:00:00.000,25.5625
7525,2015-05-09 00:00:00.000,26.916666666666668
7526,2015-05-10 00:00:00.000,27.520833333333332
7527,2015-05-11 00:00:00.000,27.458333333333332
7528,2015-05-12 00:00:00.000,31.1875
7529,2015-05-13 00:00:00.000,32.760416666666664
7530,2015-05-14 00:00:00.000,29.041666666666668
7531,2015-05-15 00:00:00.000,30.979166666666668
7532,2015-05-16 00:00:00.000,32.177083333333336
7533,2015-05-17 00:00:00.000,32.135416666666664
7534,2015-05-18 00:00:00.000,33.927083333333336
7535,2015-05-19 00:00:00.000,33.385416666666664
7536,2015-05-20 00:00:00.000,31.041666666666668
7537,2015-05-21 00:00:00.000,30.4375
7538,2015-05-22 00:00:00.000,30.145833333333332
7539,2015-05-23 00:00:00.000,29.34375
7540,2015-05-24 00:00:00.000,28.729166666666668
7541,2015-05-25 00:00:00.000,31.802083333333332
7542,2015-05-26 00:00:00.000,40.0
7543,2015-05-27 00:00:00.000,42.552083333333336
7544,2015-05-28 00:00:00.000,45.489583333333336
7545,2015-05-29 00:00:00.000,42.125
7546,2015-05-30 00:00:00.000,41.416666666666664
7547,2015-05-31 00:00:00.000,50.489583333333336
7548,2015-06-01 00:00:00.000,53.34375
7549,2015-06-02 00:00:00.000,34.0625
7550,2015-06-03 00:00:00.000,28.197916666666668
7551,2015-06-04 00:00:00.000,31.0
7552,2015-06-05 00:00:00.000,25.90625
7553,2015-06-06 00:00:00.000,23.895833333333332
7554,2015-06-07 00:00:00.000,25.739583333333332
7555,2015-06-08 00:00:00.000,21.291666666666668
7556,2015-06-09 00:00:00.000,24.489583333333332
7557,2015-06-10 00:00:00.000,23.635416666666668
7558,2015-06-11 00:00:00.000,23.65625
7559,2015-06-12 00:00:00.000,23.65625
7560,2015-06-13 00:00:00.000,29.635416666666668
7561,2015-06-14 00:00:00.000,31.229166666666668
7562,2015-06-15 00:00:00.000,31.4375
7563,2015-06-16 00:00:00.000,27.5
7564,2015-06-17 00:00:00.000,26.90625
7565,2015-06-18 00:00:00.000,25.666666666666668
7566,2015-06-19 00:00:00.000,24.15625
7567,2015-06-20 00:00:00.000,21.822916666666668
7568,2015-06-21 00:00:00.000,23.260416666666668
7569,2015-06-22 00:00:00.000,22.4375
7570,2015-06-23 00:00:00.000,21.333333333333332
7571,2015-06-24 00:00:00.000,20.645833333333332
7572,2015-06-25 00:00:00.000,19.145833333333332
7573,2015-06-26 00:00:00.000,19.895833333333332
7574,2015-06-27 00:00:00.000,23.114583333333332
7575,2015-06-28 00:00:00.000,23.5
7576,2015-06-29 00:00:00.000,22.958333333333332
7577,2015-06-30 00:00:00.000,20.364583333333332
7578,2015-07-01 00:00:00.000,21.072916666666668
7579,2015-07-02 00:00:00.000,22.354166666666668
7580,2015-07-03 00:00:00.000,26.40625
7581,2015-07-04 00:00:00.000,27.822916666666668
7582,2015-07-05 00:00:00.000,33.1875
7583,2015-07-06 00:00:00.000,34.854166666666664
7584,2015-07-07 00:00:00.000,31.822916666666668
7585,2015-07-08 00:00:00.000,35.625
7586,2015-07-09 00:00:00.000,34.4375
7587,2015-07-10 00:00:00.000,29.583333333333332
7588,2015-07-11 00:00:00.000,29.135416666666668
7589,2015-07-12 00:00:00.000,26.145833333333332
7590,2015-07-13 00:00:00.000,25.15625
7591,2015-07-14 00:00:00.000,26.5
7592,2015-07-15 00:00:00.000,24.854166666666668
7593,2015-07-16 00:00:00.000,27.0
7594,2015-07-17 00:00:00.000,28.03125
7595,2015-07-18 00:00:00.000,30.989583333333332
7596,2015-07-19 00:00:00.000,26.989583333333332
7597,2015-07-20 00:00:00.000,24.572916666666668
7598,2015-07-21 00:00:00.000,28.270833333333332
7599,2015-07-22 00:00:00.000,29.677083333333332
7600,2015-07-23 00:00:00.000,26.322916666666668
7601,2015-07-24 00:00:00.000,26.333333333333332
7602,2015-07-25 00:00:00.000,27.0
7603,2015-07-26 00:00:00.000,26.020833333333332
7604,2015-07-27 00:00:00.000,26.0625
7605,2015-07-28 00:00:00.000,20.697916666666668
7606,2015-07-29 00:00:00.000,20.729166666666668
7607,2015-07-30 00:00:00.000,27.125
7608,2015-07-31 00:00:00.000,32.5625
7609,2015-08-01 00:00:00.000,33.239583333333336
7610,2015-08-02 00:00:00.000,34.270833333333336
7611,2015-08-03 00:00:00.000,34.333333333333336
7612,2015-08-04 00:00:00.000,29.979166666666668
7613,2015-08-05 00:00:00.000,29.354166666666668
7614,2015-08-06 00:00:00.000,25.604166666666668
7615,2015-08-07 00:00:00.000,28.364583333333332
7616,2015-08-08 00:00:00.000,26.958333333333332
7617,2015-08-09 00:00:00.000,23.75
7618,2015-08-10 00:00:00.000,23.78125
7619,2015-08-11 00:00:00.000,24.270833333333332
7620,2015-08-12 00:00:00.000,23.270833333333332
7621,2015-08-13 00:00:00.000,24.385416666666668
7622,2015-08-14 00:00:00.000,22.947916666666668
7623,2015-08-15 00:00:00.000,21.864583333333332
7624,2015-08-16 00:00:00.000,21.958333333333332
7625,2015-08-17 00:00:00.000,19.416666666666668
7626,2015-08-18 00:00:00.000,23.5
7627,2015-08-19 00:00:00.000,25.541666666666668
7628,2015-08-20 00:00:00.000,26.020833333333332
7629,2015-08-21 00:00:00.000,24.09375
7630,2015-08-22 00:00:00.000,23.333333333333332
7631,2015-08-23 00:00:00.000,19.385416666666668
7632,2015-08-24 00:00:00.000,19.239583333333332
7633,2015-08-25 00:00:00.000,18.90625
7634,2015-08-26 00:00:00.000,20.114583333333332
7635,2015-08-27 00:00:00.000,19.572916666666668
7636,2015-08-28 00:00:00.000,20.333333333333332
7637,2015-08-29 00:00:00.000,21.322916666666668
7638,2015-08-30 00:00:00.000,22.21875
7639,2015-08-31 00:00:00.000,20.09375
7640,2015-09-01 00:00:00.000,21.885416666666668
7641,2015-09-02 00:00:00.000,22.9375
7642,2015-09-03 00:00:00.000,21.489583333333332
7643,2015-09-04 00:00:00.000,21.041666666666668
7644,2015-09-05 00:00:00.000,18.34375
7645,2015-09-06 00:00:00.000,16.958333333333332
7646,2015-09-07 00:00:00.000,16.333333333333332
7647,2015-09-08 00:00:00.000,15.291666666666666
7648,2015-09-09 00:00:00.000,14.989583333333334
7649,2015-09-10 00:00:00.000,15.291666666666666
7650,2015-09-11 00:00:00.000,15.416666666666666
7651,2015-09-12 00:00:00.000,18.75
7652,2015-09-13 00:00:00.000,19.072916666666668
7653,2015-09-14 00:00:00.000,21.145833333333332
7654,2015-09-15 00:00:00.000,20.395833333333332
7655,2015-09-16 00:00:00.000,19.375
7656,2015-09-17 00:00:00.000,18.1875
7657,2015-09-18 00:00:00.000,15.885416666666666
7658,2015-09-19 00:00:00.000,14.270833333333334
7659,2015-09-20 00:00:00.000,13.822916666666666
7660,2015-09-21 00:00:00.000,13.104166666666666
7661,2015-09-22 00:00:00.000,13.729166666666666
7662,2015-09-23 00:00:00.000,14.145833333333334
7663,2015-09-24 00:00:00.000,14.96875
7664,2015-09-25 00:00:00.000,16.114583333333332
7665,2015-09-26 00:00:00.000,17.385416666666668
7666,2015-09-27 00:00:00.000,19.041666666666668
7667,2015-09-29 00:00:00.000,21.427083333333332
7669,2015-09-30 00:00:00.000,22.635416666666668
7670,2015-10-01 00:00:00.000,25.18645833333332
7671,2015-10-02 00:00:00.000,23.736842105263154
7672,2015-10-03 00:00:00.000,24.597916666666666
7673,2015-10-04 00:00:00.000,21.576086956521745
7674,2015-10-05 00:00:00.000,20.959139784946238
7675,2015-10-06 00:00:00.000,21.0125
7676,2015-10-07 00:00:00.000,19.5875
7677,2015-10-08 00:00:00.000,19.831914893617025
7678,2015-10-09 00:00:00.000,20.307446808510637
7679,2015-10-10 00:00:00.000,21.55161290322581
7680,2015-10-11 00:00:00.000,21.95760869565219
7681,2015-10-12 00:00:00.000,21.15714285714286
7682,2015-10-13 00:00:00.000,19.763043478260876
7683,2015-10-14 00:00:00.000,20.142696629213475
7684,2015-10-15 00:00:00.000,19.72528735632184
7685,2015-10-16 00:00:00.000,20.014130434782604
7686,2015-10-17 00:00:00.000,20.864367816091953
7687,2015-10-18 00:00:00.000,19.580898876404493
7688,2015-10-19 00:00:00.000,18.603157894736835
7689,2015-10-20 00:00:00.000,17.721111111111107
7690,2015-10-21 00:00:00.000,17.714736842105264
7691,2015-10-22 00:00:00.000,17.359139784946233
7692,2015-10-23 00:00:00.000,18.70229885057472
7693,2015-10-24 00:00:00.000,18.27802197802198
7694,2015-10-25 00:00:00.000,21.19239130434783
7695,2015-10-26 00:00:00.000,21.441111111111113
7696,2015-10-27 00:00:00.000,22.264705882352942
7697,2015-10-28 00:00:00.000,22.84901960784314
7698,2015-10-29 00:00:00.000,23.433333333333334
7699,2015-10-30 00:00:00.000,23.715217391304346
7700,2015-10-31 00:00:00.000,22.89673913043479
7701,2015-11-01 00:00:00.000,21.46521739130435
7702,2015-11-02 00:00:00.000,21.236842105263168
7703,2015-11-03 00:00:00.000,20.28602150537635
7704,2015-11-04 00:00:00.000,21.914130434782606
7705,2015-11-05 00:00:00.000,21.253260869565228
7706,2015-11-06 00:00:00.000,20.621739130434793
7707,2015-11-07 00:00:00.000,20.25652173913043
7708,2015-11-08 00:00:00.000,20.458695652173915
7709,2015-11-09 00:00:00.000,20.482608695652164
7710,2015-11-10 00:00:00.000,19.5021978021978
7711,2015-11-11 00:00:00.000,19.910869565217393
7712,2015-11-12 00:00:00.000,19.662637362637366
7713,2015-11-13 00:00:00.000,19.221111111111114
7714,2015-11-14 00:00:00.000,18.83975903614458
7715,2015-11-15 00:00:00.000,26.802173913043475
7716,2015-11-16 00:00:00.000,22.663043478260864
7717,2015-11-17 00:00:00.000,21.526086956521734
7718,2015-11-18 00:00:00.000,20.94285714285714
7719,2015-11-19 00:00:00.000,21.70869565217391
7720,2015-11-20 00:00:00.000,22.083695652173915
7721,2015-11-21 00:00:00.000,23.02934782608696
7722,2015-11-22 00:00:00.000,23.221739130434784
7723,2015-11-23 00:00:00.000,24.764130434782604
7724,2015-11-24 00:00:00.000,28.75543478260871
7725,2015-11-25 00:00:00.000,28.48695652173914
7726,2015-11-26 00:00:00.000,29.265217391304343
7727,2015-11-27 00:00:00.000,29.783695652173922
7728,2015-11-28 00:00:00.000,28.623913043478268
7729,2015-11-29 00:00:00.000,27.7391304347826
7730,2015-11-30 00:00:00.000,24.869565217391308
7731,2015-12-01 00:00:00.000,23.75217391304347
7732,2015-12-02 00:00:00.000,23.516304347826097
7733,2015-12-03 00:00:00.000,22.492391304347834
7734,2015-12-04 00:00:00.000,22.45978260869565
7735,2015-12-05 00:00:00.000,21.672826086956515
7736,2015-12-06 00:00:00.000,21.1554347826087
7737,2015-12-07 00:00:00.000,21.02417582417582
7738,2015-12-08 00:00:00.000,21.10666666666667
7739,2015-12-09 00:00:00.000,21.34831460674157
7740,2015-12-10 00:00:00.000,22.85434782608696
7741,2015-12-11 00:00:00.000,24.405434782608694
7742,2015-12-12 00:00:00.000,24.768478260869564
7743,2015-12-13 00:00:00.000,30.188043478260855
7744,2015-12-14 00:00:00.000,28.18804347826089
7745,2015-12-15 00:00:00.000,29.32117647058823
7746,2015-12-16 00:00:00.000,28.842391304347842
7747,2015-12-17 00:00:00.000,27.85434782608696
7748,2015-12-18 00:00:00.000,29.425000000000008
7749,2015-12-19 00:00:00.000,29.396739130434778
7750,2015-12-20 00:00:00.000,29.920652173913027
7751,2015-12-21 00:00:00.000,30.60326086956521
7752,2015-12-22 00:00:00.000,36.81304347826087
7753,2015-12-23 00:00:00.000,42.21195652173912
7754,2015-12-24 00:00:00.000,42.65217391304348
7755,2015-12-25 00:00:00.000,41.11956521739132
7756,2015-12-26 00:00:00.000,40.25326086956521
7757,2015-12-27 00:00:00.000,40.35326086956521
7758,2015-12-28 00:00:00.000,40.420652173913034
7759,2015-12-29 00:00:00.000,38.97826086956522
7760,2015-12-30 00:00:00.000,37.82282608695651
7761,2015-12-31 00:00:00.000,36.91684210526317
7762,2016-01-01 00:00:00.000,35.610416666666694
7763,2016-01-02 00:00:00.000,32.85625
7764,2016-01-03 00:00:00.000,27.900000000000002
7765,2016-01-04 00:00:00.000,25.373684210526317
7766,2016-01-05 00:00:00.000,25.439583333333335
7767,2016-01-06 00:00:00.000,26.132183908045988
7768,2016-01-07 00:00:00.000,25.989583333333332
7769,2016-01-08 00:00:00.000,28.89270833333332
7770,2016-01-09 00:00:00.000,31.019791666666652
7771,2016-01-10 00:00:00.000,33.122105263157884
7772,2016-01-11 00:00:00.000,35.24468085106383
7773,2016-01-12 00:00:00.000,35.594791666666666
7774,2016-01-13 00:00:00.000,37.60833333333334
7775,2016-01-14 00:00:00.000,39.82500000000001
7776,2016-01-15 00:00:00.000,40.32708333333331
7777,2016-01-16 00:00:00.000,42.491666666666674
7778,2016-01-17 00:00:00.000,45.5021052631579
7779,2016-01-18 00:00:00.000,43.6625
7780,2016-01-19 00:00:00.000,43.50104166666666
7781,2016-01-20 00:00:00.000,47.817708333333336
7782,2016-01-21 00:00:00.000,51.65833333333335
7783,2016-01-22 00:00:00.000,56.306250000000006
7784,2016-01-23 00:00:00.000,65.34895833333331
7785,2016-01-24 00:00:00.000,81.54687499999996
7786,2016-01-25 00:00:00.000,87.89166666666664
7787,2016-01-26 00:00:00.000,84.54687499999996
7788,2016-01-27 00:00:00.000,72.81770833333333
7789,2016-01-28 00:00:00.000,63.570833333333354
7790,2016-01-29 00:00:00.000,60.52500000000003
7791,2016-01-30 00:00:00.000,59.64895833333335
7792,2016-01-31 00:00:00.000,56.84583333333334
7793,2016-02-01 00:00:00.000,52.68541666666666
7794,2016-02-02 00:00:00.000,49.15729166666665
7795,2016-02-03 00:00:00.000,47.054166666666674
7796,2016-02-04 00:00:00.000,47.08645833333335
7797,2016-02-05 00:00:00.000,51.90729166666667
7798,2016-02-06 00:00:00.000,58.74687500000001
7799,2016-02-07 00:00:00.000,63.377083333333324
7800,2016-02-08 00:00:00.000,65.31145833333338
7801,2016-02-09 00:00:00.000,65.34791666666665
7802,2016-02-10 00:00:00.000,64.52708333333337
7803,2016-02-11 00:00:00.000,62.75937500000003
7804,2016-02-12 00:00:00.000,60.54210526315792
7805,2016-02-13 00:00:00.000,58.11979166666665
7806,2016-02-14 00:00:00.000,54.258333333333326
7807,2016-02-15 00:00:00.000,51.258333333333326
7808,2016-02-16 00:00:00.000,46.74479166666668
7809,2016-02-17 00:00:00.000,41.997916666666676
7810,2016-02-18 00:00:00.000,42.71875000000001
7811,2016-02-19 00:00:00.000,43.12916666666667
7812,2016-02-20 00:00:00.000,42.99166666666667
7813,2016-02-21 00:00:00.000,43.13333333333333
7814,2016-02-22 00:00:00.000,43.62291666666665
7815,2016-02-23 00:00:00.000,43.23854166666667
7816,2016-02-24 00:00:00.000,41.88645833333334
7817,2016-02-25 00:00:00.000,40.86249999999999
7818,2016-02-26 00:00:00.000,39.827083333333334
7819,2016-02-27 00:00:00.000,38.34375000000002
7820,2016-02-28 00:00:00.000,35.80520833333333
7821,2016-02-29 00:00:00.000,32.12812499999999
7822,2016-03-01 00:00:00.000,27.946874999999995
7823,2016-03-02 00:00:00.000,25.474999999999998
7824,2016-03-03 00:00:00.000,24.214583333333334
7825,2016-03-04 00:00:00.000,23.969791666666666
7826,2016-03-05 00:00:00.000,24.30416666666666
7827,2016-03-06 00:00:00.000,28.63333333333334
7828,2016-03-07 00:00:00.000,30.15833333333333
7829,2016-03-08 00:00:00.000,33.52291666666667
7830,2016-03-09 00:00:00.000,32.855208333333344
7831,2016-03-10 00:00:00.000,38.34062500000001
7832,2016-03-11 00:00:00.000,49.920833333333356
7833,2016-03-12 00:00:00.000,59.55833333333334
7834,2016-03-13 00:00:00.000,58.045833333333384
7835,2016-03-14 00:00:00.000,50.86041666666666
7836,2016-03-15 00:00:00.000,45.931249999999984
7837,2016-03-16 00:00:00.000,43.78229166666667
7838,2016-03-17 00:00:00.000,45.9125
7839,2016-03-18 00:00:00.000,50.050000000000004
7840,2016-03-19 00:00:00.000,51.138541666666676
7841,2016-03-20 00:00:00.000,52.34166666666667
7842,2016-03-21 00:00:00.000,52.46842105263157
7843,2016-03-22 00:00:00.000,53.61142700501252
7844,2016-03-23 00:00:00.000,54.754432957393476
7845,2016-03-24 00:00:00.000,55.89743890977443
7846,2016-03-25 00:00:00.000,57.04044486215538
7847,2016-03-26 00:00:00.000,58.183450814536336
7848,2016-03-27 00:00:00.000,59.32645676691729
7849,2016-03-28 00:00:00.000,60.46946271929824
7850,2016-03-29 00:00:00.000,61.612468671679196
7851,2016-03-30 00:00:00.000,62.75547462406015
7852,2016-03-31 00:00:00.000,63.8984805764411
7853,2016-04-01 00:00:00.000,65.04148652882205
7854,2016-04-02 00:00:00.000,66.184492481203
7855,2016-04-03 00:00:00.000,67.32749843358394
7856,2016-04-04 00:00:00.000,68.47050438596489
7857,2016-04-05 00:00:00.000,69.61351033834583
7858,2016-04-06 00:00:00.000,70.75651629072678
7859,2016-04-07 00:00:00.000,71.89952224310773
7860,2016-04-08 00:00:00.000,73.04252819548867
7861,2016-04-09 00:00:00.000,74.18553414786962
7862,2016-04-10 00:00:00.000,75.32854010025056
7863,2016-04-11 00:00:00.000,76.47154605263151
7864,2016-04-12 00:00:00.000,77.61455200501246
7865,2016-04-13 00:00:00.000,78.7575579573934
7866,2016-04-14 00:00:00.000,79.90056390977435
7867,2016-04-15 00:00:00.000,81.0435698621553
7868,2016-04-16 00:00:00.000,82.18657581453624
7869,2016-04-17 00:00:00.000,83.32958176691719
7870,2016-04-18 00:00:00.000,30.213461538461534
7871,2016-04-19 00:00:00.000,31.189583333333328
7872,2016-04-20 00:00:00.000,32.00416666666665
7873,2016-04-21 00:00:00.000,33.33125
7874,2016-04-22 00:00:00.000,36.908333333333346
7875,2016-04-23 00:00:00.000,36.47916666666668
7876,2016-04-24 00:00:00.000,36.01666666666669
7877,2016-04-25 00:00:00.000,37.993750000000006
7878,2016-04-26 00:00:00.000,35.38541666666666
7879,2016-04-27 00:00:00.000,36.135416666666664
7880,2016-04-28 00:00:00.000,35.864583333333336
7881,2016-04-29 00:00:00.000,37.506250000000016
7882,2016-04-30 00:00:00.000,40.128125000000004
7883,2016-05-01 00:00:00.000,43.29999999999999
7884,2016-05-02 00:00:00.000,46.29895833333334
7885,2016-05-03 00:00:00.000,52.32083333333333
7886,2016-05-04 00:00:00.000,53.63854166666665
7887,2016-05-05 00:00:00.000,54.7695652173913
7888,2016-05-06 00:00:00.000,54.03125000000001
7889,2016-05-07 00:00:00.000,54.57500000000001
7890,2016-05-08 00:00:00.000,55.09479166666665
7891,2016-05-09 00:00:00.000,55.034374999999976
7892,2016-05-10 00:00:00.000,55.664583333333326
7893,2016-05-11 00:00:00.000,57.11145833333333
7894,2016-05-12 00:00:00.000,60.28958333333333
7895,2016-05-13 00:00:00.000,68.16458333333331
7896,2016-05-14 00:00:00.000,66.28645833333333
7897,2016-05-15 00:00:00.000,66.35833333333332
7898,2016-05-16 00:00:00.000,63.66770833333333
7899,2016-05-17 00:00:00.000,56.24166666666667
7900,2016-05-18 00:00:00.000,50.07812499999999
7901,2016-05-19 00:00:00.000,47.740625
7902,2016-05-20 00:00:00.000,49.99270833333333
7903,2016-05-21 00:00:00.000,47.02916666666669
7904,2016-05-22 00:00:00.000,45.43437500000001
7905,2016-05-23 00:00:00.000,46.93749999999998
7906,2016-05-24 00:00:00.000,45.59895833333335
7907,2016-05-25 00:00:00.000,46.032608695652165
7908,2016-05-26 00:00:00.000,46.50652173913045
7909,2016-05-27 00:00:00.000,44.661956521739114
7910,2016-05-28 00:00:00.000,43.662499999999994
7911,2016-05-29 00:00:00.000,48.238541666666656
7912,2016-05-30 00:00:00.000,51.509375
7913,2016-05-31 00:00:00.000,53.31562499999999
7914,2016-06-01 00:00:00.000,55.23854166666666
7915,2016-06-02 00:00:00.000,56.430107526881685
7916,2016-06-03 00:00:00.000,48.16875000000002
7917,2016-06-04 00:00:00.000,46.21770833333334
7918,2016-06-05 00:00:00.000,48.79687499999998
7919,2016-06-06 00:00:00.000,53.293749999999996
7920,2016-06-07 00:00:00.000,56.60729166666663
7921,2016-06-08 00:00:00.000,53.70312499999999
7922,2016-06-09 00:00:00.000,46.970652173913045
7923,2016-06-10 00:00:00.000,46.76354166666667
7924,2016-06-11 00:00:00.000,46.668750000000024
7925,2016-06-12 00:00:00.000,47.138541666666676
7926,2016-06-13 00:00:00.000,49.542708333333344
7927,2016-06-14 00:00:00.000,47.44886363636363
7928,2016-06-15 00:00:00.000,48.853125
7929,2016-06-16 00:00:00.000,43.81770833333334
7930,2016-06-17 00:00:00.000,40.572916666666664
7931,2016-06-18 00:00:00.000,38.49062499999999
7932,2016-06-19 00:00:00.000,34.605208333333344
7933,2016-06-20 00:00:00.000,33.33854166666667
7934,2016-06-21 00:00:00.000,32.400000000000006
7935,2016-06-22 00:00:00.000,31.70624999999999
7936,2016-06-23 00:00:00.000,32.31477272727273
7937,2016-06-24 00:00:00.000,32.45624999999999
7938,2016-06-25 00:00:00.000,33.481249999999996
7939,2016-06-26 00:00:00.000,34.68854166666666
7940,2016-06-27 00:00:00.000,36.659374999999976
7941,2016-06-28 00:00:00.000,37.6
7942,2016-06-29 00:00:00.000,41.76458333333333
7943,2016-06-30 00:00:00.000,40.204166666666666
7944,2016-07-01 00:00:00.000,39.89479166666667
7945,2016-07-02 00:00:00.000,41.78804347826087
7946,2016-07-03 00:00:00.000,45.054736842105264
7947,2016-07-04 00:00:00.000,48.064583333333324
7948,2016-07-05 00:00:00.000,46.69062499999999
7949,2016-07-06 00:00:00.000,42.82083333333333
7950,2016-07-07 00:00:00.000,42.27395833333333
7951,2016-07-08 00:00:00.000,41.459375
7952,2016-07-09 00:00:00.000,41.16145833333335
7953,2016-07-10 00:00:00.000,39.67391304347828
7954,2016-07-11 00:00:00.000,35.303260869565214
7955,2016-07-12 00:00:00.000,35.27065217391306
7956,2016-07-13 00:00:00.000,29.222826086956527
7957,2016-07-14 00:00:00.000,27.15760869565217
7958,2016-07-15 00:00:00.000,29.550000000000015
7959,2016-07-16 00:00:00.000,32.13804347826089
7960,2016-07-17 00:00:00.000,30.126086956521743
7961,2016-07-18 00:00:00.000,28.009782608695645
7962,2016-07-19 00:00:00.000,27.923913043478265
7963,2016-07-20 00:00:00.000,28.259770114942526
7964,2016-07-21 00:00:00.000,29.985869565217378
7965,2016-07-22 00:00:00.000,28.453260869565206
7966,2016-07-23 00:00:00.000,29.105434782608704
7967,2016-07-24 00:00:00.000,29.863736263736243
7968,2016-07-25 00:00:00.000,32.65869565217392
7969,2016-07-26 00:00:00.000,32.57608695652173
7970,2016-07-27 00:00:00.000,30.322826086956514
7971,2016-07-28 00:00:00.000,34.39782608695652
7972,2016-07-29 00:00:00.000,33.03913043478261
7973,2016-07-30 00:00:00.000,32.93913043478262
7974,2016-07-31 00:00:00.000,34.454347826086966
7975,2016-08-01 00:00:00.000,35.243478260869566
7976,2016-08-02 00:00:00.000,37.10108695652173
7977,2016-08-03 00:00:00.000,35.694565217391315
7978,2016-08-04 00:00:00.000,39.58260869565216
7979,2016-08-05 00:00:00.000,41.45978260869565
7980,2016-08-06 00:00:00.000,39.998913043478254
7981,2016-08-07 00:00:00.000,37.08369565217391
7982,2016-08-08 00:00:00.000,34.78369565217391
7983,2016-08-09 00:00:00.000,30.34021739130434
7984,2016-08-10 00:00:00.000,28.04565217391304
7985,2016-08-11 00:00:00.000,29.613043478260867
7986,2016-08-12 00:00:00.000,31.175000000000015
7987,2016-08-13 00:00:00.000,26.919565217391295
7988,2016-08-14 00:00:00.000,28.56413043478261
7989,2016-08-15 00:00:00.000,30.586956521739136
7990,2016-08-16 00:00:00.000,32.91413043478261
7991,2016-08-17 00:00:00.000,33.207608695652176
7992,2016-08-18 00:00:00.000,34.43804347826087
7993,2016-08-19 00:00:00.000,38.865217391304334
7994,2016-08-20 00:00:00.000,42.47065217391303
7995,2016-08-21 00:00:00.000,47.09565217391304
7996,2016-08-22 00:00:00.000,46.95217391304348
7997,2016-08-23 00:00:00.000,45.692391304347815
7998,2016-08-24 00:00:00.000,42.9891304347826
7999,2016-08-25 00:00:00.000,43.58695652173912
8000,2016-08-26 00:00:00.000,42.73369565217391
8001,2016-08-27 00:00:00.000,37.59347826086957
8002,2016-08-28 00:00:00.000,34.401086956521745
8003,2016-08-29 00:00:00.000,35.50217391304348
8004,2016-08-30 00:00:00.000,36.32608695652173
8005,2016-08-31 00:00:00.000,35.71847826086956
8006,2016-09-01 00:00:00.000,35.41195652173912
8007,2016-09-02 00:00:00.000,34.85434782608696
8008,2016-09-03 00:00:00.000,33.93695652173913
8009,2016-09-04 00:00:00.000,34.39130434782607
8010,2016-09-05 00:00:00.000,29.041304347826074
8011,2016-09-06 00:00:00.000,25.91304347826086
8012,2016-09-07 00:00:00.000,22.696739130434793
8013,2016-09-08 00:00:00.000,22.977173913043476
8014,2016-09-09 00:00:00.000,24.541304347826088
8015,2016-09-10 00:00:00.000,26.178260869565225
8016,2016-09-11 00:00:00.000,26.951086956521745
8017,2016-09-12 00:00:00.000,28.4054347826087
8018,2016-09-13 00:00:00.000,25.879310344827587
8019,2016-09-14 00:00:00.000,26.459770114942533
8020,2016-09-15 00:00:00.000,26.744565217391315
8021,2016-09-16 00:00:00.000,30.19239130434782
8022,2016-09-17 00:00:00.000,31.53804347826086
8023,2016-09-18 00:00:00.000,30.719565217391306
8024,2016-09-19 00:00:00.000,30.81578947368422
8025,2016-09-20 00:00:00.000,31.065624999999997
8026,2016-09-21 00:00:00.000,30.35937499999999
8027,2016-09-22 00:00:00.000,32.47341772151899
8028,2016-09-23 00:00:00.000,27.885294117647057
8029,2016-09-24 00:00:00.000,29.1170731707317
8030,2016-09-25 00:00:00.000,28.185185185185198
8031,2016-09-26 00:00:00.000,25.45647058823529
8032,2016-09-27 00:00:00.000,23.940740740740743
8033,2016-09-28 00:00:00.000,25.762820512820515
8034,2016-09-29 00:00:00.000,30.904545454545453
8035,2016-09-30 00:00:00.000,32.16249999999999
8036,2016-10-01 00:00:00.000,30.776457136015328
8037,2016-10-02 00:00:00.000,29.284115581098334
8038,2016-10-03 00:00:00.000,26.711568087484036
8039,2016-10-04 00:00:00.000,25.677280092592586
8040,2016-10-05 00:00:00.000,22.091967592592585
8041,2016-10-06 00:00:00.000,19.482199074074078
8042,2016-10-07 00:00:00.000,18.003611111111123
8043,2016-10-08 00:00:00.000,16.529560185185183
8044,2016-10-09 00:00:00.000,15.877361111111107
8045,2016-10-10 00:00:00.000,16.247534722222227
8046,2016-10-11 00:00:00.000,16.786045751633985
8047,2016-10-12 00:00:00.000,18.0
8048,2016-10-13 00:00:00.000,19.0
8049,2016-10-14 00:00:00.000,20.0
8050,2016-10-15 00:00:00.000,21.0
8051,2016-10-16 00:00:00.000,22.0
8052,2016-10-17 00:00:00.000,23.0
8053,2016-10-18 00:00:00.000,22.78695227142035
8054,2016-10-19 00:00:00.000,21.259335106382988
8055,2016-10-20 00:00:00.000,20.45675531914894
8056,2016-10-21 00:00:00.000,18.791984042553185
8057,2016-10-22 00:00:00.000,17.824962879130815
8058,2016-10-23 00:00:00.000,17.664760638297867
8059,2016-10-24 00:00:00.000,17.270824468085106
8060,2016-10-25 00:00:00.000,17.31950797872342
8061,2016-10-26 00:00:00.000,17.567542553191497
8062,2016-10-27 00:00:00.000,17.55994680851064
8063,2016-10-28 00:00:00.000,17.55482105263157
8064,2016-10-29 00:00:00.000,16.98952127659575
8065,2016-10-30 00:00:00.000,17.925240691489375
8066,2016-10-31 00:00:00.000,19.0563829787234
8067,2016-11-01 00:00:00.000,18.0
8068,2016-11-02 00:00:00.000,17.0
8069,2016-11-03 00:00:00.000,15.828458928208589
8070,2016-11-04 00:00:00.000,15.882711455188295
8071,2016-11-05 00:00:00.000,15.621541056451315
8072,2016-11-06 00:00:00.000,14.896645655268403
8073,2016-11-07 00:00:00.000,15.424165637634482
8074,2016-11-08 00:00:00.000,15.626565851076244
8075,2016-11-09 00:00:00.000,15.614587841318238
8076,2016-11-10 00:00:00.000,16.07112800923306
8077,2016-11-11 00:00:00.000,16.591671593175253
8078,2016-11-12 00:00:00.000,17.471843967269947
8079,2016-11-13 00:00:00.000,17.711028496909332
8080,2016-11-14 00:00:00.000,19.0433666379997
8081,2016-11-15 00:00:00.000,21.574105430773248
8082,2016-11-16 00:00:00.000,24.13076493414107
8083,2016-11-17 00:00:00.000,21.63559946188062
8084,2016-11-18 00:00:00.000,20.490494846591975
8085,2016-11-19 00:00:00.000,20.452796690863142
8086,2016-11-20 00:00:00.000,20.372331399676355
8087,2016-11-21 00:00:00.000,20.627072645455474
8088,2016-11-22 00:00:00.000,20.576417796528435
8089,2016-11-23 00:00:00.000,20.858717193247426
8090,2016-11-24 00:00:00.000,20.581335902146794
8091,2016-11-25 00:00:00.000,20.6630428007023
8092,2016-11-26 00:00:00.000,20.587086958224287
8093,2016-11-27 00:00:00.000,21.61561251834041
8094,2016-11-28 00:00:00.000,21.660308132664614
8095,2016-11-29 00:00:00.000,21.47822971814881
8096,2016-11-30 00:00:00.000,21.83673573840184
8097,2016-12-01 00:00:00.000,22.003595940963113
8098,2016-12-02 00:00:00.000,24.987116933623966
8099,2016-12-03 00:00:00.000,24.129043988978097
8100,2016-12-04 00:00:00.000,23.16897547435521
8101,2016-12-05 00:00:00.000,21.647762553690498
8102,2016-12-06 00:00:00.000,22.61039388781238
8103,2016-12-07 00:00:00.000,23.276041694588297
8104,2016-12-08 00:00:00.000,25.38978547284452
8105,2016-12-09 00:00:00.000,25.566650207512453
8106,2016-12-10 00:00:00.000,25.757357955400774
8107,2016-12-11 00:00:00.000,26.45303197606175
8108,2016-12-12 00:00:00.000,27.08897477702372
8109,2016-12-13 00:00:00.000,28.560133450774543
8110,2016-12-14 00:00:00.000,31.371239649005684
8111,2016-12-15 00:00:00.000,31.276263076539593
8112,2016-12-16 00:00:00.000,45.23487050507063
8113,2016-12-17 00:00:00.000,47.85720636485495
8114,2016-12-18 00:00:00.000,40.094541567166175
8115,2016-12-19 00:00:00.000,37.954365697299714
8116,2016-12-20 00:00:00.000,38.23496391812497
8117,2016-12-21 00:00:00.000,41.02871899450081
8118,2016-12-22 00:00:00.000,43.28392488634879
8119,2016-12-23 00:00:00.000,43.61634450753113
8120,2016-12-24 00:00:00.000,42.32451365000202
8121,2016-12-25 00:00:00.000,39.476106472737804
8122,2016-12-26 00:00:00.000,38.59020515888476
8123,2016-12-27 00:00:00.000,37.63526900303621
8124,2016-12-28 00:00:00.000,37.64372579959207
8125,2016-12-29 00:00:00.000,38.150380216807456
8126,2016-12-30 00:00:00.000,39.633976123512554
8127,2016-12-31 00:00:00.000,40.16630495848249
8128,2017-01-01 00:00:00.000,40.23452623716547
8129,2017-01-02 00:00:00.000,39.05341534348043
8130,2017-01-03 00:00:00.000,38.53021746008189
8131,2017-01-04 00:00:00.000,35.886499645200765
8132,2017-01-05 00:00:00.000,35.47442401057469
8133,2017-01-06 00:00:00.000,33.067564481875124
8134,2017-01-07 00:00:00.000,34.20391218567648
8135,2017-01-08 00:00:00.000,37.041658704197836
8136,2017-01-09 00:00:00.000,39.14332199692446
8137,2017-01-10 00:00:00.000,43.04656189028476
8138,2017-01-11 00:00:00.000,46.084033078909876
8139,2017-01-12 00:00:00.000,71.92917990449261
8140,2017-01-13 00:00:00.000,80.13271705473947
8141,2017-01-14 00:00:00.000,82.2478830258953
8142,2017-01-15 00:00:00.000,79.95039150369563
8143,2017-01-16 00:00:00.000,74.18601042714002
8144,2017-01-17 00:00:00.000,68.84301945010255
8145,2017-01-18 00:00:00.000,64.35877077068339
8146,2017-01-19 00:00:00.000,66.79748659964801
8147,2017-01-20 00:00:00.000,72.93711668010778
8148,2017-01-21 00:00:00.000,73.08824275475757
8149,2017-01-22 00:00:00.000,66.70830981445125
8150,2017-01-23 00:00:00.000,65.423848356874
8151,2017-01-24 00:00:00.000,62.42625647910885
8152,2017-01-25 00:00:00.000,61.056787358376766
8153,2017-01-26 00:00:00.000,57.33017082383629
8154,2017-01-27 00:00:00.000,53.725655869647284
8155,2017-01-28 00:00:00.000,55.94261036782837
8156,2017-01-29 00:00:00.000,52.46844456581076
8157,2017-01-30 00:00:00.000,49.48394525945542
8158,2017-01-31 00:00:00.000,46.201027859503085
8159,2017-02-01 00:00:00.000,42.10258817445319
8160,2017-02-02 00:00:00.000,39.303728458037156
8161,2017-02-03 00:00:00.000,38.248932676023124
8162,2017-02-04 00:00:00.000,34.62588860299412
8163,2017-02-05 00:00:00.000,33.201325359501425
8164,2017-02-06 00:00:00.000,31.84090987712123
8165,2017-02-07 00:00:00.000,33.86944834138982
8166,2017-02-08 00:00:00.000,33.95079858289746
8167,2017-02-09 00:00:00.000,41.02288520851389
8168,2017-02-10 00:00:00.000,44.355272957051426
8169,2017-02-11 00:00:00.000,54.74103558630137
8170,2017-02-12 00:00:00.000,78.18302068371105
8171,2017-02-13 00:00:00.000,92.28870200205586
8172,2017-02-14 00:00:00.000,83.66070831620614
8173,2017-02-15 00:00:00.000,75.0197599759388
8174,2017-02-16 00:00:00.000,69.96852850475028
8175,2017-02-17 00:00:00.000,63.34695323720181
8176,2017-02-18 00:00:00.000,62.26532705318228
8177,2017-02-19 00:00:00.000,57.40950528573657
8178,2017-02-20 00:00:00.000,51.278557279262266
8179,2017-02-21 00:00:00.000,54.159965923796506
8180,2017-02-22 00:00:00.000,44.79512902861935
8181,2017-02-23 00:00:00.000,50.24314339195043
8182,2017-02-24 00:00:00.000,54.47129534893973
8183,2017-02-25 00:00:00.000,50.80440747487609
8184,2017-02-26 00:00:00.000,48.90180791467295
8185,2017-02-27 00:00:00.000,47.4522872552254
8186,2017-02-28 00:00:00.000,43.40465867839279
8187,2017-03-01 00:00:00.000,38.25210698467362
8188,2017-03-02 00:00:00.000,36.172963645218516
8189,2017-03-03 00:00:00.000,36.1356310006618
8190,2017-03-04 00:00:00.000,39.701921425632754
8191,2017-03-05 00:00:00.000,41.68069932647602
8192,2017-03-06 00:00:00.000,40.217514999421
8193,2017-03-07 00:00:00.000,38.78455522892255
8194,2017-03-08 00:00:00.000,36.59768302372296
8195,2017-03-09 00:00:00.000,34.451276290888565
8196,2017-03-10 00:00:00.000,33.612519274637165
8197,2017-03-11 00:00:00.000,32.37343813747294
8198,2017-03-12 00:00:00.000,31.227119814330596
8199,2017-03-13 00:00:00.000,29.37366474280689
8200,2017-03-14 00:00:00.000,28.964672328586847
8201,2017-03-15 00:00:00.000,28.144008467332828
8202,2017-03-16 00:00:00.000,26.386517691896596
8203,2017-03-17 00:00:00.000,24.05610251596072
8204,2017-03-18 00:00:00.000,22.460435130908206
8205,2017-03-19 00:00:00.000,21.4941017144521
8206,2017-03-20 00:00:00.000,21.633263796233752
8207,2017-03-21 00:00:00.000,25.23528395661803
8208,2017-03-22 00:00:00.000,27.381810448625824
8209,2017-03-23 00:00:00.000,25.48004724690612
8210,2017-03-24 00:00:00.000,24.87205450141971
8211,2017-03-25 00:00:00.000,24.71839795499665
8212,2017-03-26 00:00:00.000,25.852092253669436
8213,2017-03-27 00:00:00.000,25.87096193031321
8214,2017-03-28 00:00:00.000,24.607936659154717
8215,2017-03-29 00:00:00.000,25.44310734138648
8216,2017-03-30 00:00:00.000,26.096082754003277
8217,2017-03-31 00:00:00.000,27.42890127684386
8218,2017-04-01 00:00:00.000,29.919919269721788
8219,2017-04-02 00:00:00.000,27.93554686373881
8220,2017-04-03 00:00:00.000,25.384224111229205
8221,2017-04-04 00:00:00.000,23.680145047298485
8222,2017-04-05 00:00:00.000,22.64572188891674
8223,2017-04-06 00:00:00.000,22.79249421255364
8224,2017-04-07 00:00:00.000,25.057252268267522
8225,2017-04-08 00:00:00.000,24.102362915089927
8226,2017-04-09 00:00:00.000,22.21001904672877
8227,2017-04-10 00:00:00.000,21.94515763702857
8228,2017-04-11 00:00:00.000,23.586315093760707
8229,2017-04-12 00:00:00.000,24.1524865756956
8230,2017-04-13 00:00:00.000,22.997117451342586
8231,2017-04-14 00:00:00.000,21.736726486068193
8232,2017-04-15 00:00:00.000,19.4753351043713
8233,2017-04-16 00:00:00.000,18.193880495786075
8234,2017-04-17 00:00:00.000,17.605292667540425
8235,2017-04-18 00:00:00.000,17.237774965683812
8236,2017-04-19 00:00:00.000,16.875985073253748
8237,2017-04-20 00:00:00.000,17.09680731968953
8238,2017-04-21 00:00:00.000,17.510554563854665
8239,2017-04-22 00:00:00.000,18.22167637670559
8240,2017-04-23 00:00:00.000,19.5872855163662
8241,2017-04-24 00:00:00.000,21.18634102939858
8242,2017-04-25 00:00:00.000,21.775490782190214
8243,2017-04-26 00:00:00.000,22.571889808546718
8244,2017-04-27 00:00:00.000,22.268637479135222
8245,2017-04-28 00:00:00.000,20.50513066875832
8246,2017-04-29 00:00:00.000,20.507596164585873
8247,2017-04-30 00:00:00.000,20.574231260609043
8248,2017-05-01 00:00:00.000,19.842979662696266
8249,2017-05-02 00:00:00.000,18.69215999363415
8250,2017-05-03 00:00:00.000,17.627070873561525
8251,2017-05-04 00:00:00.000,17.162637578815325
8252,2017-05-05 00:00:00.000,18.35878433789643
8253,2017-05-06 00:00:00.000,19.511133344779264
8254,2017-05-07 00:00:00.000,18.82261929628858
8255,2017-05-08 00:00:00.000,18.780407599302045
8256,2017-05-09 00:00:00.000,19.081459267179724
8257,2017-05-10 00:00:00.000,20.82164590974119
8258,2017-05-11 00:00:00.000,21.736954563804463
8259,2017-05-12 00:00:00.000,22.102025159647898
8260,2017-05-13 00:00:00.000,22.758654370992478
8261,2017-05-14 00:00:00.000,22.046293698374715
8262,2017-05-15 00:00:00.000,20.922652499008255
8263,2017-05-16 00:00:00.000,20.96636387057578
8264,2017-05-17 00:00:00.000,19.36353696906738
8265,2017-05-18 00:00:00.000,18.315920715414528
8266,2017-05-19 00:00:00.000,18.328343794844248
8267,2017-05-20 00:00:00.000,18.370032054280056
8268,2017-05-21 00:00:00.000,18.99185629141416
8269,2017-05-22 00:00:00.000,20.123728781477766
8270,2017-05-23 00:00:00.000,21.91925513454864
8271,2017-05-24 00:00:00.000,24.075864569317115
8272,2017-05-25 00:00:00.000,25.656527648165227
8273,2017-05-26 00:00:00.000,24.34010550606224
8274,2017-05-27 00:00:00.000,23.78436818868876
8275,2017-05-28 00:00:00.000,23.37704996139072
8276,2017-05-29 00:00:00.000,23.275132840737555
8277,2017-05-30 00:00:00.000,23.852554982175544
8278,2017-05-31 00:00:00.000,22.494660549710545
8279,2017-06-01 00:00:00.000,22.057865939709743
8280,2017-06-02 00:00:00.000,21.41289383460371
8281,2017-06-03 00:00:00.000,21.052574172704183
8282,2017-06-04 00:00:00.000,21.001902945390675
8283,2017-06-05 00:00:00.000,20.18924368501989
8284,2017-06-06 00:00:00.000,20.654259064122353
8285,2017-06-07 00:00:00.000,21.011979778536784
8286,2017-06-08 00:00:00.000,20.290097839938984
8287,2017-06-09 00:00:00.000,20.12448336214745
8288,2017-06-10 00:00:00.000,21.186911904570568
8289,2017-06-11 00:00:00.000,21.935447201972337
8290,2017-06-12 00:00:00.000,20.916713148881435
8291,2017-06-13 00:00:00.000,19.979593765123933
8292,2017-06-14 00:00:00.000,19.95680019406559
8293,2017-06-15 00:00:00.000,19.72137062322656
8294,2017-06-16 00:00:00.000,20.0357492394367
8295,2017-06-17 00:00:00.000,20.604296252886684
8296,2017-06-18 00:00:00.000,20.79171840537108
8297,2017-06-19 00:00:00.000,21.55976218382861
8298,2017-06-20 00:00:00.000,22.703892597712912
8299,2017-06-21 00:00:00.000,23.998834706392127
8300,2017-06-22 00:00:00.000,23.92686466043628
8301,2017-06-23 00:00:00.000,26.878892099631987
8302,2017-06-24 00:00:00.000,30.160669494782976
8303,2017-06-25 00:00:00.000,32.05225614806874
8304,2017-06-26 00:00:00.000,33.46354537182667
8305,2017-06-27 00:00:00.000,32.71694385742854
8306,2017-06-28 00:00:00.000,31.65593266928367
8307,2017-06-29 00:00:00.000,29.83032855647902
8308,2017-06-30 00:00:00.000,31.263588757863385
8309,2017-07-01 00:00:00.000,33.76176267882276
8310,2017-07-02 00:00:00.000,28.22959356005702
8311,2017-07-03 00:00:00.000,27.804561945077143
8312,2017-07-04 00:00:00.000,28.78526962139523
8313,2017-07-05 00:00:00.000,30.32823768926755
8314,2017-07-06 00:00:00.000,30.166704874689803
8315,2017-07-07 00:00:00.000,30.481651232085056
8316,2017-07-08 00:00:00.000,30.09195631949281
8317,2017-07-09 00:00:00.000,31.949055600077642
8318,2017-07-10 00:00:00.000,33.11293883841767
8319,2017-07-11 00:00:00.000,33.0861110561923
8320,2017-07-12 00:00:00.000,33.169210315129604
8321,2017-07-13 00:00:00.000,32.26593299185412
8322,2017-07-14 00:00:00.000,34.01966620122774
8323,2017-07-15 00:00:00.000,33.90050623480125
8324,2017-07-16 00:00:00.000,35.66135475384293
8325,2017-07-17 00:00:00.000,37.868046834397916
8326,2017-07-18 00:00:00.000,38.591918311261374
8327,2017-07-19 00:00:00.000,35.658846806105146
8328,2017-07-20 00:00:00.000,31.569976505087624
8329,2017-07-21 00:00:00.000,30.233226045788573
8330,2017-07-22 00:00:00.000,30.014542820802706
8331,2017-07-23 00:00:00.000,29.309665771622388
8332,2017-07-24 00:00:00.000,32.60529094827587
8333,2017-07-25 00:00:00.000,30.99192870265686
8334,2017-07-26 00:00:00.000,30.632337832108533
8335,2017-07-27 00:00:00.000,29.948289667073286
8336,2017-07-28 00:00:00.000,28.943351646410388
8337,2017-07-29 00:00:00.000,30.70542432165065
8338,2017-07-30 00:00:00.000,32.61272152345957
8339,2017-07-31 00:00:00.000,29.939940291124916
8340,2017-08-01 00:00:00.000,26.971573275862067
8341,2017-08-02 00:00:00.000,24.878211206896555
8342,2017-08-03 00:00:00.000,23.24301724137931
8343,2017-08-04 00:00:00.000,21.66492456896552
8344,2017-08-05 00:00:00.000,21.846864224137935
8345,2017-08-06 00:00:00.000,21.724062500000006
8346,2017-08-07 00:00:00.000,21.962349137931025
8347,2017-08-08 00:00:00.000,22.307898706896555
8348,2017-08-09 00:00:00.000,21.860140086206886
8349,2017-08-10 00:00:00.000,22.512995689655185
8350,2017-08-11 00:00:00.000,24.200794602698657
8351,2017-08-12 00:00:00.000,24.52300646551724
8352,2017-08-13 00:00:00.000,25.89298986009045
8353,2017-08-14 00:00:00.000,24.527004310344832
8354,2017-08-15 00:00:00.000,22.62501077586207
8355,2017-08-16 00:00:00.000,24.49290948275861
8356,2017-08-17 00:00:00.000,23.399084051724135
8357,2017-08-18 00:00:00.000,23.489525862068977
8358,2017-08-19 00:00:00.000,24.564418103448265
8359,2017-08-20 00:00:00.000,26.246519043244785
8360,2017-08-21 00:00:00.000,28.43635616873942
8361,2017-08-22 00:00:00.000,29.162396953378355
8362,2017-08-23 00:00:00.000,30.957638496325618
8363,2017-08-24 00:00:00.000,31.222709334369696
8364,2017-08-25 00:00:00.000,30.298569106840034
8365,2017-08-26 00:00:00.000,28.69448638838477
8366,2017-08-27 00:00:00.000,27.42710129310345
8367,2017-08-28 00:00:00.000,25.433685344827584
8368,2017-08-29 00:00:00.000,28.663566810344832
8369,2017-08-30 00:00:00.000,26.88761853448277
8370,2017-08-31 00:00:00.000,23.01966594827586
8371,2017-09-01 00:00:00.000,21.526282327586205
8372,2017-09-02 00:00:00.000,20.931659482758622
8373,2017-09-03 00:00:00.000,20.293588362068967
8374,2017-09-04 00:00:00.000,20.570113719735858
8375,2017-09-05 00:00:00.000,21.995524500907436
8376,2017-09-06 00:00:00.000,23.447661637931024
8377,2017-09-07 00:00:00.000,24.933354572713657
8378,2017-09-08 00:00:00.000,26.244946120689665
8379,2017-09-09 00:00:00.000,26.52419181034482
8380,2017-09-10 00:00:00.000,27.697068965517257
8381,2017-09-11 00:00:00.000,27.274353448275864
8382,2017-09-12 00:00:00.000,27.695334051724156
8383,2017-09-13 00:00:00.000,31.061586171565853
8384,2017-09-14 00:00:00.000,30.193685344827603
8385,2017-09-15 00:00:00.000,28.299385775862063
8386,2017-09-16 00:00:00.000,28.324278017241383
8387,2017-09-17 00:00:00.000,29.874612068965533
8388,2017-09-18 00:00:00.000,32.73123728094968
8389,2017-09-19 00:00:00.000,33.258486609666484
8390,2017-09-20 00:00:00.000,34.93501678208027
8391,2017-09-21 00:00:00.000,36.69829759044659
8392,2017-09-22 00:00:00.000,32.87088362068965
8393,2017-09-23 00:00:00.000,31.37206896551722
8394,2017-09-24 00:00:00.000,30.339267241379318
8395,2017-09-25 00:00:00.000,27.963265086206903
8396,2017-09-26 00:00:00.000,24.59466594827586
8397,2017-09-27 00:00:00.000,21.219428879310332
8398,2017-09-28 00:00:00.000,19.636885775862076
8399,2017-09-29 00:00:00.000,21.364111405835544
8400,2017-09-30 00:00:00.000,20.954442831215978
8401,2017-10-01 00:00:00.000,21.050199663749996
8402,2017-10-02 00:00:00.000,21.70717382114583
8403,2017-10-03 00:00:00.000,22.68410984843751
8404,2017-10-04 00:00:00.000,22.80733164989584
8405,2017-10-05 00:00:00.000,24.094273989583343
8406,2017-10-06 00:00:00.000,25.20304924239583
8407,2017-10-07 00:00:00.000,26.062626263111113
8408,2017-10-08 00:00:00.000,27.690042530842113
8409,2017-10-09 00:00:00.000,40.189370791250006
8410,2017-10-10 00:00:00.000,30.494221380625003
8411,2017-10-11 00:00:00.000,29.295589225416666
8412,2017-10-12 00:00:00.000,26.475629208541662
8413,2017-10-13 00:00:00.000,25.4772318930851
8414,2017-10-14 00:00:00.000,25.447209595729174
8415,2017-10-15 00:00:00.000,25.225071549166657
8416,2017-10-16 00:00:00.000,26.916421663510633
8417,2017-10-17 00:00:00.000,26.6335586631868
8418,2017-10-18 00:00:00.000,28.218716329374995
8419,2017-10-19 00:00:00.000,31.360240951041675
8420,2017-10-20 00:00:00.000,32.06922927156249
8421,2017-10-21 00:00:00.000,30.24269570708333
8422,2017-10-22 00:00:00.000,27.105953282812493
8423,2017-10-23 00:00:00.000,24.14069643852632
8424,2017-10-24 00:00:00.000,22.339339226250004
8425,2017-10-25 00:00:00.000,20.520867369239117
8426,2017-10-26 00:00:00.000,18.6270707075
8427,2017-10-27 00:00:00.000,17.461435184791664
8428,2017-10-28 00:00:00.000,16.55543209911111
8429,2017-10-29 00:00:00.000,18.079753787604165
8430,2017-10-30 00:00:00.000,21.097251683541668
8431,2017-10-31 00:00:00.000,19.749471801145848
8432,2017-11-01 00:00:00.000,20.250460858437503
8433,2017-11-02 00:00:00.000,20.108604798229166
8434,2017-11-03 00:00:00.000,20.390021265263155
8435,2017-11-04 00:00:00.000,21.97328282854167
8436,2017-11-05 00:00:00.000,22.97872264354166
8437,2017-11-06 00:00:00.000,22.339265572604166
8438,2017-11-07 00:00:00.000,21.41145622927083
8439,2017-11-08 00:00:00.000,20.719042508229162
8440,2017-11-09 00:00:00.000,19.671767676875003
8441,2017-11-10 00:00:00.000,19.575944865104166
8442,2017-11-11 00:00:00.000,20.915188729578944
8443,2017-11-12 00:00:00.000,20.96865319833334
8444,2017-11-13 00:00:00.000,21.264297138229164
8445,2017-11-14 00:00:00.000,21.561728394999992
8446,2017-11-15 00:00:00.000,22.774561403684213
8447,2017-11-16 00:00:00.000,23.648500797368413
8448,2017-11-17 00:00:00.000,23.642632575624997
8449,2017-11-18 00:00:00.000,22.373735269583324
8450,2017-11-19 00:00:00.000,21.919074074270835
8451,2017-11-20 00:00:00.000,20.81501262614583
8452,2017-11-21 00:00:00.000,20.01440235645834
8453,2017-11-22 00:00:00.000,19.237950336666664
8454,2017-11-23 00:00:00.000,18.539514291276596
8455,2017-11-24 00:00:00.000,17.788087121041663
8456,2017-11-25 00:00:00.000,17.77777567270834
8457,2017-11-26 00:00:00.000,16.994694865208327
8458,2017-11-27 00:00:00.000,17.68614012499999
8459,2017-11-28 00:00:00.000,18.429827441354167
8460,2017-11-29 00:00:00.000,19.373324915937506
8461,2017-11-30 00:00:00.000,19.819810606145836
8462,2017-12-01 00:00:00.000,20.635446127604165
8463,2017-12-02 00:00:00.000,21.0356039559375
8464,2017-12-03 00:00:00.000,23.152396886250003
8465,2017-12-04 00:00:00.000,30.42625263072917
8466,2017-12-05 00:00:00.000,31.31856902375
8467,2017-12-06 00:00:00.000,29.209451809583317
8468,2017-12-07 00:00:00.000,27.131731901875
8469,2017-12-08 00:00:00.000,26.665223063854167
8470,2017-12-09 00:00:00.000,26.501339995425532
8471,2017-12-10 00:00:00.000,25.98185816458334
8472,2017-12-11 00:00:00.000,25.92219907395833
8473,2017-12-12 00:00:00.000,25.264784956881716
8474,2017-12-13 00:00:00.000,24.169230299894743
8475,2017-12-14 00:00:00.000,23.437745418124994
8476,2017-12-15 00:00:00.000,22.272163694062503
8477,2017-12-16 00:00:00.000,26.05157945989583
8478,2017-12-17 00:00:00.000,24.737595096875
8479,2017-12-18 00:00:00.000,24.684013098333327
8480,2017-12-19 00:00:00.000,23.90938148145833
8481,2017-12-20 00:00:00.000,24.044267121666675
8482,2017-12-21 00:00:00.000,22.50660786239583
8483,2017-12-22 00:00:00.000,21.43602389177083
8484,2017-12-23 00:00:00.000,20.699741670520826
8485,2017-12-24 00:00:00.000,20.253228920526308
8486,2017-12-25 00:00:00.000,19.51953078166666
8487,2017-12-26 00:00:00.000,19.654141905937497
8488,2017-12-27 00:00:00.000,19.840722057083333
8489,2017-12-28 00:00:00.000,20.422191704731183
8490,2017-12-29 00:00:00.000,20.330643300729164
8491,2017-12-30 00:00:00.000,20.278962564375
8492,2017-12-31 00:00:00.000,20.47149926885417
8493,2018-01-01 00:00:00.000,21.539023359255324
8494,2018-01-02 00:00:00.000,22.015968233368433
8495,2018-01-03 00:00:00.000,22.85447029552084
8496,2018-01-04 00:00:00.000,22.58746178791667
8497,2018-01-05 00:00:00.000,22.525052405937497
8498,2018-01-06 00:00:00.000,22.02622907178947
8499,2018-01-07 00:00:00.000,21.23004424864583
8500,2018-01-08 00:00:00.000,21.360342724947365
8501,2018-01-09 00:00:00.000,20.855083730000008
8502,2018-01-10 00:00:00.000,20.437098374999994
8503,2018-01-11 00:00:00.000,19.86658730520833
8504,2018-01-12 00:00:00.000,19.838328375625007
8505,2018-01-13 00:00:00.000,19.831891610531923
8506,2018-01-14 00:00:00.000,19.754533752291664
8507,2018-01-15 00:00:00.000,20.5167032390625
8508,2018-01-16 00:00:00.000,21.151059911458336
8509,2018-01-17 00:00:00.000,21.32611723989584
8510,2018-01-18 00:00:00.000,21.834421570937494
8511,2018-01-19 00:00:00.000,22.853597744583325
8512,2018-01-20 00:00:00.000,23.953213699583333
8513,2018-01-21 00:00:00.000,23.75665874677084
8514,2018-01-22 00:00:00.000,24.22400561260417
8515,2018-01-23 00:00:00.000,24.82444633770834
8516,2018-01-24 00:00:00.000,25.317155029375005
8517,2018-01-25 00:00:00.000,24.54034283
8518,2018-01-26 00:00:00.000,23.44927129520833
8519,2018-01-27 00:00:00.000,22.891939293750003
8520,2018-01-28 00:00:00.000,22.583151060312506
8521,2018-01-29 00:00:00.000,23.482395356041664
8522,2018-01-30 00:00:00.000,25.205141424479176
8523,2018-01-31 00:00:00.000,26.776969431458326
8524,2018-02-01 00:00:00.000,27.734231481562507
8525,2018-02-02 00:00:00.000,27.525195472083322
8526,2018-02-03 00:00:00.000,27.48458716031579
8527,2018-02-04 00:00:00.000,27.658828493750004
8528,2018-02-05 00:00:00.000,26.519205209263156
8529,2018-02-06 00:00:00.000,25.93720548031579
8530,2018-02-07 00:00:00.000,23.76556334458334
8531,2018-02-08 00:00:00.000,21.5991669940625
8532,2018-02-09 00:00:00.000,20.007360398020836
8533,2018-02-10 00:00:00.000,20.167783749270825
8534,2018-02-11 00:00:00.000,23.43162958041667
8535,2018-02-12 00:00:00.000,25.242319404895838
8536,2018-02-13 00:00:00.000,25.414005847021276
8537,2018-02-14 00:00:00.000,25.734448006250005
8538,2018-02-15 00:00:00.000,26.829724705168527
8539,2018-02-16 00:00:00.000,27.048402778125006
8540,2018-02-17 00:00:00.000,27.994513888645837
8541,2018-02-18 00:00:00.000,34.51805774957445
8542,2018-02-19 00:00:00.000,37.537217089583315
8543,2018-02-20 00:00:00.000,34.20305555531251
8544,2018-02-21 00:00:00.000,34.293472222187496
8545,2018-02-22 00:00:00.000,33.847037504062506
8546,2018-02-23 00:00:00.000,34.844125504583324
8547,2018-02-24 00:00:00.000,31.432608695108694
8548,2018-02-25 00:00:00.000,31.64069444427084
8549,2018-02-26 00:00:00.000,34.58354166666667
8550,2018-02-27 00:00:00.000,36.476441419687504
8551,2018-02-28 00:00:00.000,36.46197673041669
8552,2018-03-01 00:00:00.000,38.888538133229176
8553,2018-03-02 00:00:00.000,40.38277452010415
8554,2018-03-03 00:00:00.000,39.59713314875001
8555,2018-03-04 00:00:00.000,38.254168782916665
8556,2018-03-05 00:00:00.000,35.65756944427083
8557,2018-03-06 00:00:00.000,34.78506944468749
8558,2018-03-07 00:00:00.000,32.4268749996875
8559,2018-03-08 00:00:00.000,28.543194444895835
8560,2018-03-09 00:00:00.000,25.23340277770832
8561,2018-03-10 00:00:00.000,22.729166666666657
8562,2018-03-11 00:00:00.000,21.73423611072916
8563,2018-03-12 00:00:00.000,22.00069444427083
8564,2018-03-13 00:00:00.000,22.426041666979156
8565,2018-03-14 00:00:00.000,22.743125000729165
8566,2018-03-15 00:00:00.000,24.922638889375005
8567,2018-03-16 00:00:00.000,27.86749999989583
8568,2018-03-17 00:00:00.000,27.833958333124986
8569,2018-03-18 00:00:00.000,24.982638889375
8570,2018-03-19 00:00:00.000,24.102152777291664
8571,2018-03-20 00:00:00.000,25.560354610425517
8572,2018-03-21 00:00:00.000,27.272666666736846
8573,2018-03-22 00:00:00.000,29.290863603958343
8574,2018-03-23 00:00:00.000,29.185669389895832
8575,2018-03-24 00:00:00.000,23.291739130326086
8576,2018-03-25 00:00:00.000,21.66152777770834
8577,2018-03-26 00:00:00.000,23.068541666562496
8578,2018-03-27 00:00:00.000,25.957708333020832
8579,2018-03-28 00:00:00.000,28.741159420217386
8580,2018-03-29 00:00:00.000,30.687916666250008
8581,2018-03-30 00:00:00.000,31.39249999989582
8582,2018-03-31 00:00:00.000,32.804097222187515
8583,2018-04-01 00:00:00.000,33.91715277791667
8584,2018-04-02 00:00:00.000,33.95939747364582
8585,2018-04-03 00:00:00.000,30.805902777499984
8586,2018-04-04 00:00:00.000,27.74506944416667
8587,2018-04-05 00:00:00.000,24.814305555729177
8588,2018-04-06 00:00:00.000,21.76861111114583
8589,2018-04-07 00:00:00.000,19.454097222604158
8590,2018-04-08 00:00:00.000,18.21611111072917
8591,2018-04-09 00:00:00.000,17.702561403578944
8592,2018-04-10 00:00:00.000,19.862982455684207
8593,2018-04-11 00:00:00.000,23.146805555729163
8594,2018-04-12 00:00:00.000,23.607638888541658
8595,2018-04-13 00:00:00.000,24.917708333958334
8596,2018-04-14 00:00:00.000,25.946805555729174
8597,2018-04-15 00:00:00.000,29.0654861109375
8598,2018-04-16 00:00:00.000,29.47118055520834
8599,2018-04-17 00:00:00.000,28.074583333541682
8600,2018-04-18 00:00:00.000,28.17862318880436
8601,2018-04-19 00:00:00.000,28.46052631578947
8602,2018-04-20 00:00:00.000,26.64743055552083
8603,2018-04-21 00:00:00.000,25.299347826086954
8604,2018-04-22 00:00:00.000,24.362847222187494
8605,2018-04-23 00:00:00.000,23.97465277739582
8606,2018-04-24 00:00:00.000,25.47465277770834
8607,2018-04-25 00:00:00.000,27.3414583334375
8608,2018-04-26 00:00:00.000,30.78791666666667
8609,2018-04-27 00:00:00.000,32.62146636979167
8610,2018-04-28 00:00:00.000,32.12006944458334
8611,2018-04-29 00:00:00.000,32.90750851572915
8612,2018-04-30 00:00:00.000,33.06061782687501
8613,2018-05-01 00:00:00.000,33.47822009641304
8614,2018-05-02 00:00:00.000,34.351777293333335
8615,2018-05-03 00:00:00.000,33.06069444427083
8616,2018-05-04 00:00:00.000,30.873333333333324
8617,2018-05-05 00:00:00.000,29.652152777812503
8618,2018-05-06 00:00:00.000,30.102708333229174
8619,2018-05-07 00:00:00.000,27.632916666666663
8620,2018-05-08 00:00:00.000,29.244420289456517
8621,2018-05-09 00:00:00.000,30.438263014130456
8622,2018-05-10 00:00:00.000,30.649966512916663
8623,2018-05-11 00:00:00.000,31.584290272291643
8624,2018-05-12 00:00:00.000,33.45023440958334
8625,2018-05-13 00:00:00.000,37.26912266252631
8626,2018-05-14 00:00:00.000,41.73033386083333
8627,2018-05-15 00:00:00.000,41.702311963854164
8628,2018-05-16 00:00:00.000,39.73355749802083
8629,2018-05-17 00:00:00.000,39.977466796041675
8630,2018-05-18 00:00:00.000,40.91931743510417
8631,2018-05-19 00:00:00.000,42.048276945729185
8632,2018-05-20 00:00:00.000,41.36724217385417
8633,2018-05-21 00:00:00.000,40.417012020312505
8634,2018-05-22 00:00:00.000,44.5010480534375
8635,2018-05-23 00:00:00.000,46.581124619479176
8636,2018-05-24 00:00:00.000,48.36026754135417
8637,2018-05-25 00:00:00.000,49.92878251364581
8638,2018-05-26 00:00:00.000,45.75589030968751
8639,2018-05-27 00:00:00.000,44.82991406677082
8640,2018-05-28 00:00:00.000,41.854422391145825
8641,2018-05-29 00:00:00.000,39.42524805895833
8642,2018-05-30 00:00:00.000,42.288122054270836
8643,2018-05-31 00:00:00.000,38.156828108125005
8644,2018-06-01 00:00:00.000,36.82501516927083
8645,2018-06-02 00:00:00.000,33.17083333354167
8646,2018-06-03 00:00:00.000,30.597499999791665
8647,2018-06-04 00:00:00.000,31.614755488020833
8648,2018-06-05 00:00:00.000,35.832960142291654
8649,2018-06-06 00:00:00.000,38.01300924863157
8650,2018-06-07 00:00:00.000,35.55177282218391
8651,2018-06-08 00:00:00.000,38.249183810625
8652,2018-06-09 00:00:00.000,38.20689670124999
8653,2018-06-10 00:00:00.000,37.48327039947915
8654,2018-06-11 00:00:00.000,36.26361762166667
8655,2018-06-12 00:00:00.000,33.746382378229164
8656,2018-06-13 00:00:00.000,34.297978516041645
8657,2018-06-14 00:00:00.000,34.14926215312499
8658,2018-06-15 00:00:00.000,33.585077039375
8659,2018-06-16 00:00:00.000,35.024229600729164
8660,2018-06-17 00:00:00.000,30.297970920208343
8661,2018-06-18 00:00:00.000,31.516866319375012
8662,2018-06-19 00:00:00.000,33.39281358520834
8663,2018-06-20 00:00:00.000,38.42945421010416
8664,2018-06-21 00:00:00.000,38.793352864375
8665,2018-06-22 00:00:00.000,36.924784071458326
8666,2018-06-23 00:00:00.000,36.326758897916655
8667,2018-06-24 00:00:00.000,38.94456922708334
8668,2018-06-25 00:00:00.000,40.999022352812496
8669,2018-06-26 00:00:00.000,32.20402994802084
8670,2018-06-27 00:00:00.000,28.931945529791676
8671,2018-06-28 00:00:00.000,27.42111111145834
8672,2018-06-29 00:00:00.000,25.190555555520827
8673,2018-06-30 00:00:00.000,22.672013889166667
8674,2018-07-01 00:00:00.000,28.285201684468085
8675,2018-07-02 00:00:00.000,28.724259752127665
8676,2018-07-03 00:00:00.000,27.36916015572916
8677,2018-07-04 00:00:00.000,27.325006509687498
8678,2018-07-05 00:00:00.000,27.89724826374999
8679,2018-07-06 00:00:00.000,26.962209201250015
8680,2018-07-07 00:00:00.000,26.868611111145825
8681,2018-07-08 00:00:00.000,26.063055555729168
8682,2018-07-09 00:00:00.000,25.733003472187505
8683,2018-07-10 00:00:00.000,25.27978260858696
8684,2018-07-11 00:00:00.000,24.578819444479176
8685,2018-07-12 00:00:00.000,27.397430555053752
8686,2018-07-13 00:00:00.000,26.99665021957895
8687,2018-07-14 00:00:00.000,28.08871310760416
8688,2018-07-15 00:00:00.000,33.96068793395832
8689,2018-07-16 00:00:00.000,36.46654687510417
8690,2018-07-17 00:00:00.000,35.14945529552083
8691,2018-07-18 00:00:00.000,35.32967339374999
8692,2018-07-19 00:00:00.000,39.67926432312501
8693,2018-07-20 00:00:00.000,36.10994531270833
8694,2018-07-21 00:00:00.000,35.50435069479167
8695,2018-07-22 00:00:00.000,33.102081163541676
8696,2018-07-23 00:00:00.000,31.553559027708335
8697,2018-07-24 00:00:00.000,30.465696614583347
8698,2018-07-25 00:00:00.000,29.790945175684207
8699,2018-07-26 00:00:00.000,29.618782482473122
8700,2018-07-27 00:00:00.000,29.54058537152173
8701,2018-07-28 00:00:00.000,28.349057970869556
8702,2018-07-29 00:00:00.000,28.51319288359549
8703,2018-07-30 00:00:00.000,26.716300366483505
8704,2018-07-31 00:00:00.000,27.05773745559141
8705,2018-08-01 00:00:00.000,28.276975842021287
8706,2018-08-02 00:00:00.000,30.62355286741934
8707,2018-08-03 00:00:00.000,27.516333099775295
8708,2018-08-04 00:00:00.000,23.55281481477778
8709,2018-08-05 00:00:00.000,24.66122916666666
8710,2018-08-06 00:00:00.000,22.113607843058816
8711,2018-08-07 00:00:00.000,25.37009558823529
8712,2018-08-08 00:00:00.000,26.4936704116854
8713,2018-08-09 00:00:00.000,25.250851064148932
8714,2018-08-10 00:00:00.000,27.177040308152183
8715,2018-08-11 00:00:00.000,25.607092198829793
8716,2018-08-12 00:00:00.000,27.241970973707875
8717,2018-08-13 00:00:00.000,31.73911997126436
8718,2018-08-14 00:00:00.000,28.16912388339286
8719,2018-08-15 00:00:00.000,31.260765398260865
8720,2018-08-16 00:00:00.000,26.12159722250001
8721,2018-08-17 00:00:00.000,25.650208333020824
8722,2018-08-18 00:00:00.000,23.03763888864584
8723,2018-08-19 00:00:00.000,25.694707031041673
8724,2018-08-20 00:00:00.000,23.268194444791664
8725,2018-08-21 00:00:00.000,22.32215277729166
8726,2018-08-22 00:00:00.000,19.29888888885416
8727,2018-08-23 00:00:00.000,18.46291666687499
8728,2018-08-24 00:00:00.000,18.058680555729165
8729,2018-08-25 00:00:00.000,18.08499999978261
8730,2018-08-26 00:00:00.000,18.78368421042106
8731,2018-08-27 00:00:00.000,19.69361111083334
8732,2018-08-28 00:00:00.000,18.7086111109375
8733,2018-08-29 00:00:00.000,18.73166666677084
8734,2018-08-30 00:00:00.000,17.481874999791668
8735,2018-08-31 00:00:00.000,17.50708333354166
8736,2018-09-01 00:00:00.000,17.152795698709678
8737,2018-09-02 00:00:00.000,16.64562500010416
8738,2018-09-03 00:00:00.000,18.370694444270836
8739,2018-09-04 00:00:00.000,18.32895833416666
8740,2018-09-05 00:00:00.000,19.563680554895825
8741,2018-09-06 00:00:00.000,18.751111111041663
8742,2018-09-07 00:00:00.000,18.199263158105268
8743,2018-09-08 00:00:00.000,19.594236110833318
8744,2018-09-09 00:00:00.000,20.816666666354163
8745,2018-09-10 00:00:00.000,22.36698245589473
8746,2018-09-11 00:00:00.000,24.36770833354166
8747,2018-09-12 00:00:00.000,26.410208333750006
8748,2018-09-13 00:00:00.000,24.988819444583324
8749,2018-09-14 00:00:00.000,22.11042105305263
8750,2018-09-15 00:00:00.000,21.014930555104158
8751,2018-09-16 00:00:00.000,18.786319444375
8752,2018-09-17 00:00:00.000,17.84845613999999
8753,2018-09-18 00:00:00.000,17.12493055572916
8754,2018-09-19 00:00:00.000,16.356458333645833
8755,2018-09-20 00:00:00.000,16.593611111250002
8756,2018-09-21 00:00:00.000,16.41972222229167
8757,2018-09-22 00:00:00.000,17.838333333333342
8758,2018-09-23 00:00:00.000,17.481041667291674
8759,2018-09-24 00:00:00.000,18.44062500010416
8760,2018-09-25 00:00:00.000,18.65513888875
8761,2018-09-26 00:00:00.000,19.612083333541666
8762,2018-09-27 00:00:00.000,20.66826388833333
8763,2018-09-28 00:00:00.000,27.177289496354152
8764,2018-09-29 00:00:00.000,21.2415972225
8765,2018-09-30 00:00:00.000,19.376458333333325
8766,2018-10-01 00:00:00.000,16.843749999999993
8767,2018-10-02 00:00:00.000,15.941111111111116
8768,2018-10-03 00:00:00.000,15.740625
8769,2018-10-04 00:00:00.000,15.204819277108435
8770,2018-10-05 00:00:00.000,15.789583333333335
8771,2018-10-06 00:00:00.000,16.316666666666674
8772,2018-10-07 00:00:00.000,20.615624999999998
8773,2018-10-08 00:00:00.000,21.242708333333322
8774,2018-10-09 00:00:00.000,22.467708333333338
8775,2018-10-10 00:00:00.000,23.744680851063826
8776,2018-10-11 00:00:00.000,22.664210526315788
8777,2018-10-12 00:00:00.000,19.343750000000004
8778,2018-10-13 00:00:00.000,17.723958333333332
8779,2018-10-14 00:00:00.000,17.683333333333337
8780,2018-10-15 00:00:00.000,16.31458333333333
8781,2018-10-16 00:00:00.000,14.575581395348838
8782,2018-10-17 00:00:00.000,13.917708333333335
8783,2018-10-18 00:00:00.000,13.693750000000007
8784,2018-10-19 00:00:00.000,14.108333333333329
8785,2018-10-20 00:00:00.000,13.705208333333333
8786,2018-10-21 00:00:00.000,15.246808510638306
8787,2018-10-22 00:00:00.000,18.01666666666666
8788,2018-10-23 00:00:00.000,18.634374999999995
8789,2018-10-24 00:00:00.000,17.239583333333325
8790,2018-10-25 00:00:00.000,17.355208333333326
8791,2018-10-26 00:00:00.000,17.218750000000004
8792,2018-10-27 00:00:00.000,17.12105263157894
8793,2018-10-28 00:00:00.000,16.526041666666668
8794,2018-10-29 00:00:00.000,14.783157894736844
8795,2018-10-30 00:00:00.000,15.138541666666663
8796,2018-10-31 00:00:00.000,13.957291666666665
8797,2018-11-01 00:00:00.000,14.286458333333341
8798,2018-11-02 00:00:00.000,13.891666666666671
8799,2018-11-03 00:00:00.000,13.827083333333334
8800,2018-11-04 00:00:00.000,14.956249999999999
8801,2018-11-05 00:00:00.000,14.635365853658541
8802,2018-11-06 00:00:00.000,15.538888888888899
8803,2018-11-07 00:00:00.000,15.0
8804,2018-11-08 00:00:00.000,14.0
8805,2018-11-09 00:00:00.000,13.0
8806,2018-11-10 00:00:00.000,13.0
8807,2018-11-11 00:00:00.000,13.221739130434784
8808,2018-11-12 00:00:00.000,13.040000000000001
8809,2018-11-13 00:00:00.000,11.63066666666666
8810,2018-11-14 00:00:00.000,10.201041666666663
8811,2018-11-15 00:00:00.000,10.344578313253013
8812,2018-11-16 00:00:00.000,9.924444444444447
8813,2018-11-17 00:00:00.000,8.63076923076923
8814,2018-11-18 00:00:00.000,9.095
8815,2018-11-19 00:00:00.000,10.203999999999997
8816,2018-11-20 00:00:00.000,11.0
8817,2018-11-21 00:00:00.000,11.0
8818,2018-11-22 00:00:00.000,12.0
8819,2018-11-23 00:00:00.000,12.474
8820,2018-11-24 00:00:00.000,12.209375
8821,2018-11-25 00:00:00.000,12.441489361702136
8822,2018-11-26 00:00:00.000,11.87978723404255
8823,2018-11-27 00:00:00.000,12.046428571428573
8824,2018-11-28 00:00:00.000,11.822352941176474
8825,2018-11-29 00:00:00.000,12.58461538461538
8826,2018-11-30 00:00:00.000,13.390625000000005
8827,2018-12-01 00:00:00.000,15.102083333333338
8828,2018-12-02 00:00:00.000,16.26105263157895
8829,2018-12-03 00:00:00.000,16.780208333333334
8830,2018-12-04 00:00:00.000,17.978947368421053
8831,2018-12-05 00:00:00.000,19.527083333333337
8832,2018-12-06 00:00:00.000,20.10631578947368
8833,2018-12-07 00:00:00.000,20.096428571428564
8834,2018-12-08 00:00:00.000,18.69139784946237
8835,2018-12-09 00:00:00.000,18.758666666666667
8836,2018-12-10 00:00:00.000,17.629166666666663
8837,2018-12-11 00:00:00.000,16.2375
8838,2018-12-12 00:00:00.000,15.240624999999996
8839,2018-12-13 00:00:00.000,15.269791666666661
8840,2018-12-14 00:00:00.000,15.555208333333333
8841,2018-12-15 00:00:00.000,15.779166666666661
8842,2018-12-16 00:00:00.000,14.665624999999999
8843,2018-12-17 00:00:00.000,14.443157894736844
8844,2018-12-18 00:00:00.000,15.006249999999996
8845,2018-12-19 00:00:00.000,14.043333333333333
8846,2018-12-20 00:00:00.000,16.476923076923075
8847,2018-12-21 00:00:00.000,17.594680851063835
8848,2018-12-22 00:00:00.000,19.41684210526315
8849,2018-12-23 00:00:00.000,20.071875000000002
8850,2018-12-24 00:00:00.000,21.59
8851,2018-12-25 00:00:00.000,22.666304347826095
8852,2018-12-26 00:00:00.000,22.363541666666674
8853,2018-12-27 00:00:00.000,24.06979166666667
8854,2018-12-28 00:00:00.000,26.13263157894737
8855,2018-12-29 00:00:00.000,26.308333333333323
8856,2018-12-30 00:00:00.000,27.745833333333337
8857,2018-12-31 00:00:00.000,32.52916666666665
8858,2019-01-01 00:00:00.000,33.772916666666674
8859,2019-01-02 00:00:00.000,30.891397849462365
8860,2019-01-03 00:00:00.000,29.058333333333334
8861,2019-01-04 00:00:00.000,28.063541666666666
8862,2019-01-05 00:00:00.000,27.644791666666674
8863,2019-01-06 00:00:00.000,26.234374999999982
8864,2019-01-07 00:00:00.000,25.734374999999996
8865,2019-01-08 00:00:00.000,25.574736842105263
8866,2019-01-09 00:00:00.000,26.27608695652174
8867,2019-01-10 00:00:00.000,25.560416666666658
8868,2019-01-11 00:00:00.000,24.405208333333334
8869,2019-01-12 00:00:00.000,26.11808510638298
8870,2019-01-13 00:00:00.000,26.95520833333333
8871,2019-01-14 00:00:00.000,26.385416666666668
8872,2019-01-15 00:00:00.000,25.613541666666666
8873,2019-01-16 00:00:00.000,25.91875
8874,2019-01-17 00:00:00.000,27.18020833333333
8875,2019-01-18 00:00:00.000,30.560416666666672
8876,2019-01-19 00:00:00.000,30.779166666666665
8877,2019-01-20 00:00:00.000,34.69166666666667
8878,2019-01-21 00:00:00.000,38.46145833333335
8879,2019-01-22 00:00:00.000,44.480208333333316
8880,2019-01-23 00:00:00.000,49.73333333333333
8881,2019-01-24 00:00:00.000,49.549473684210554
8882,2019-01-25 00:00:00.000,46.15416666666667
8883,2019-01-26 00:00:00.000,43.50104166666667
8884,2019-01-27 00:00:00.000,42.382291666666646
8885,2019-01-28 00:00:00.000,42.120833333333316
8886,2019-01-29 00:00:00.000,41.15833333333334
8887,2019-01-30 00:00:00.000,39.519791666666656
8888,2019-01-31 00:00:00.000,39.040625000000006
8889,2019-02-01 00:00:00.000,38.33437499999998
8890,2019-02-02 00:00:00.000,40.009374999999984
8891,2019-02-03 00:00:00.000,38.91979166666668
8892,2019-02-04 00:00:00.000,38.11041666666666
8893,2019-02-05 00:00:00.000,35.024137931034495
8894,2019-02-06 00:00:00.000,31.35312499999999
8895,2019-02-07 00:00:00.000,29.19687500000001
8896,2019-02-08 00:00:00.000,35.189583333333324
8897,2019-02-09 00:00:00.000,43.88958333333334
8898,2019-02-10 00:00:00.000,42.89791666666665
8899,2019-02-11 00:00:00.000,35.665625
8900,2019-02-12 00:00:00.000,32.55104166666667
8901,2019-02-13 00:00:00.000,32.57708333333333
8902,2019-02-14 00:00:00.000,32.826315789473675
8903,2019-02-15 00:00:00.000,34.57209302325582
8904,2019-02-16 00:00:00.000,37.568749999999994
8905,2019-02-17 00:00:00.000,36.238541666666684
8906,2019-02-18 00:00:00.000,43.807291666666664
8907,2019-02-19 00:00:00.000,58.754166666666684
8908,2019-02-20 00:00:00.000,58.37291666666669
8909,2019-02-21 00:00:00.000,54.981249999999996
8910,2019-02-22 00:00:00.000,50.518750000000004
8911,2019-02-23 00:00:00.000,49.96458333333334
8912,2019-02-24 00:00:00.000,47.55851063829786
8913,2019-02-25 00:00:00.000,46.16354166666668
8914,2019-02-26 00:00:00.000,45.25416666666667
8915,2019-02-27 00:00:00.000,40.71818181818182
8916,2019-02-28 00:00:00.000,35.7125
8917,2019-03-01 00:00:00.000,36.084375
8918,2019-03-02 00:00:00.000,35.78020833333333
8919,2019-03-03 00:00:00.000,43.88750000000001
8920,2019-03-04 00:00:00.000,43.879166666666656
8921,2019-03-05 00:00:00.000,47.291666666666664
8922,2019-03-06 00:00:00.000,51.95104166666667
8923,2019-03-07 00:00:00.000,49.33749999999998
8924,2019-03-08 00:00:00.000,48.763541666666676
8925,2019-03-09 00:00:00.000,45.01354166666666
8926,2019-03-10 00:00:00.000,38.88645833333334
8927,2019-03-11 00:00:00.000,36.09166666666667
8928,2019-03-12 00:00:00.000,37.40729166666666
8929,2019-03-13 00:00:00.000,32.87578947368421
8930,2019-03-14 00:00:00.000,36.43958333333333
8931,2019-03-15 00:00:00.000,37.31145833333335
8932,2019-03-16 00:00:00.000,35.940625000000004
8933,2019-03-17 00:00:00.000,32.86145833333334
8934,2019-03-18 00:00:00.000,33.232291666666676
8935,2019-03-19 00:00:00.000,33.78958333333334
8936,2019-03-20 00:00:00.000,33.16041666666667
8937,2019-03-21 00:00:00.000,31.465624999999978
8938,2019-03-22 00:00:00.000,29.12187499999999
8939,2019-03-23 00:00:00.000,27.949999999999992
8940,2019-03-24 00:00:00.000,25.034374999999997
8941,2019-03-25 00:00:00.000,23.630208333333346
8942,2019-03-26 00:00:00.000,21.535416666666663
8943,2019-03-27 00:00:00.000,20.192708333333332
8944,2019-03-28 00:00:00.000,18.203225806451613
8945,2019-03-29 00:00:00.000,17.105208333333337
8946,2019-03-30 00:00:00.000,17.616666666666664
8947,2019-03-31 00:00:00.000,18.09166666666666
8948,2019-04-01 00:00:00.000,19.261458333333334
8949,2019-04-02 00:00:00.000,21.983333333333338
8950,2019-04-03 00:00:00.000,21.740625000000005
8951,2019-04-04 00:00:00.000,21.808333333333326
8952,2019-04-05 00:00:00.000,21.737499999999997
8953,2019-04-06 00:00:00.000,21.20833333333333
8954,2019-04-07 00:00:00.000,19.875000000000004
8955,2019-04-08 00:00:00.000,19.48958333333333
8956,2019-04-09 00:00:00.000,19.156249999999996
8957,2019-04-10 00:00:00.000,18.607291666666665
8958,2019-04-11 00:00:00.000,18.653124999999996
8959,2019-04-12 00:00:00.000,21.03085106382978
8960,2019-04-13 00:00:00.000,20.339583333333326
8961,2019-04-14 00:00:00.000,24.567708333333332
8962,2019-04-15 00:00:00.000,28.26875
8963,2019-04-16 00:00:00.000,28.262500000000006
8964,2019-04-17 00:00:00.000,27.727083333333322
8965,2019-04-18 00:00:00.000,27.26249999999999
8966,2019-04-19 00:00:00.000,26.243750000000006
8967,2019-04-20 00:00:00.000,26.60208333333334
8968,2019-04-21 00:00:00.000,23.65104166666667
8969,2019-04-22 00:00:00.000,21.171874999999993
8970,2019-04-23 00:00:00.000,19.404494382022467
8971,2019-04-24 00:00:00.000,18.05208333333333
8972,2019-04-25 00:00:00.000,17.006249999999998
8973,2019-04-26 00:00:00.000,16.826041666666665
8974,2019-04-27 00:00:00.000,16.78229166666667
8975,2019-04-28 00:00:00.000,16.16354166666666
8976,2019-04-29 00:00:00.000,17.11827956989247
8977,2019-04-30 00:00:00.000,17.747916666666665
8978,2019-05-01 00:00:00.000,17.69302325581396
8979,2019-05-02 00:00:00.000,17.70625
8980,2019-05-03 00:00:00.000,18.33333333333334
8981,2019-05-04 00:00:00.000,19.8125
8982,2019-05-05 00:00:00.000,21.70322580645161
8983,2019-05-06 00:00:00.000,23.495652173913047
8984,2019-05-07 00:00:00.000,22.393827160493828
8985,2019-05-08 00:00:00.000,22.421428571428574
8986,2019-05-09 00:00:00.000,22.619999999999997
8987,2019-05-10 00:00:00.000,21.660869565217396
8988,2019-05-11 00:00:00.000,20.30361445783132
8989,2019-05-12 00:00:00.000,19.459523809523805
8990,2019-05-13 00:00:00.000,20.433928571428574
8991,2019-05-14 00:00:00.000,20.641052631578955
8992,2019-05-15 00:00:00.000,21.174025974025973
8993,2019-05-16 00:00:00.000,22.009433962264154
8994,2019-05-17 00:00:00.000,22.312499999999996
8995,2019-05-18 00:00:00.000,21.784374999999986
8996,2019-05-19 00:00:00.000,21.73645833333333
8997,2019-05-20 00:00:00.000,19.93958333333334
8998,2019-05-21 00:00:00.000,20.041666666666668
8999,2019-05-22 00:00:00.000,20.30520833333333
9000,2019-05-23 00:00:00.000,19.29791666666667
9001,2019-05-24 00:00:00.000,18.32608695652174
9002,2019-05-25 00:00:00.000,17.469791666666655
9003,2019-05-26 00:00:00.000,18.31770833333334
9004,2019-05-27 00:00:00.000,16.830208333333342
9005,2019-05-28 00:00:00.000,16.134375000000002
9006,2019-05-29 00:00:00.000,15.552083333333329
9007,2019-05-30 00:00:00.000,16.407291666666662
9008,2019-05-31 00:00:00.000,16.686458333333338
9009,2019-06-01 00:00:00.000,18.280208333333338
9010,2019-06-02 00:00:00.000,20.062500000000007
9011,2019-06-03 00:00:00.000,20.361458333333328
9012,2019-06-04 00:00:00.000,20.285416666666666
9013,2019-06-05 00:00:00.000,19.782291666666666
9014,2019-06-06 00:00:00.000,19.94166666666667
9015,2019-06-07 00:00:00.000,19.596875000000008
9016,2019-06-08 00:00:00.000,18.959374999999998
9017,2019-06-09 00:00:00.000,19.101041666666667
9018,2019-06-10 00:00:00.000,18.302083333333325
9019,2019-06-11 00:00:00.000,17.81157894736842
9020,2019-06-12 00:00:00.000,18.435955056179782
9021,2019-06-13 00:00:00.000,22.358333333333345
9022,2019-06-14 00:00:00.000,23.60208333333334
9023,2019-06-15 00:00:00.000,24.509375000000006
9024,2019-06-16 00:00:00.000,25.511458333333326
9025,2019-06-17 00:00:00.000,25.457894736842114
9026,2019-06-18 00:00:00.000,25.321874999999988
9027,2019-06-19 00:00:00.000,26.215625000000003
9028,2019-06-20 00:00:00.000,26.091578947368415
9029,2019-06-21 00:00:00.000,24.030851063829783
9030,2019-06-22 00:00:00.000,22.203125
9031,2019-06-23 00:00:00.000,20.484375
9032,2019-06-24 00:00:00.000,21.25957446808511
9033,2019-06-25 00:00:00.000,21.106593406593408
9034,2019-06-26 00:00:00.000,21.401162790697686
9035,2019-06-27 00:00:00.000,21.73690476190476
9036,2019-06-28 00:00:00.000,21.04605263157895
9037,2019-06-29 00:00:00.000,21.0
9038,2019-06-30 00:00:00.000,21.0
9039,2019-07-01 00:00:00.000,22.0
9040,2019-07-02 00:00:00.000,21.88823529411765
9041,2019-07-03 00:00:00.000,22.754166666666652
9042,2019-07-04 00:00:00.000,22.91145833333334
9043,2019-07-05 00:00:00.000,24.16666666666666
9044,2019-07-06 00:00:00.000,24.30421052631578
9045,2019-07-07 00:00:00.000,26.027368421052625
9046,2019-07-08 00:00:00.000,28.078888888888887
9047,2019-07-09 00:00:00.000,29.5065934065934
9048,2019-07-10 00:00:00.000,31.912820512820524
9049,2019-07-11 00:00:00.000,31.026136363636372
9050,2019-07-12 00:00:00.000,30.656250000000014
9051,2019-07-13 00:00:00.000,29.121875000000006
9052,2019-07-14 00:00:00.000,26.981249999999992
9053,2019-07-15 00:00:00.000,26.38631578947368
9054,2019-07-16 00:00:00.000,25.78333333333333
9055,2019-07-17 00:00:00.000,23.73541666666667
9056,2019-07-18 00:00:00.000,23.314736842105265
9057,2019-07-19 00:00:00.000,23.286458333333332
9058,2019-07-20 00:00:00.000,23.364210526315794
9059,2019-07-21 00:00:00.000,23.670967741935485
9060,2019-07-22 00:00:00.000,22.691666666666674
9061,2019-07-23 00:00:00.000,23.950526315789457
9062,2019-07-24 00:00:00.000,22.605263157894726
9063,2019-07-25 00:00:00.000,20.324468085106382
9064,2019-07-26 00:00:00.000,21.413684210526316
9065,2019-07-27 00:00:00.000,20.218085106382983
9066,2019-07-28 00:00:00.000,19.764210526315786
9067,2019-07-29 00:00:00.000,19.314444444444444
9068,2019-07-30 00:00:00.000,18.58181818181818
9069,2019-07-31 00:00:00.000,18.758888888888883
9070,2019-08-01 00:00:00.000,18.96195652173913
9071,2019-08-02 00:00:00.000,18.55056179775281
9072,2019-08-03 00:00:00.000,17.417777777777783
9073,2019-08-04 00:00:00.000,17.348809523809525
9074,2019-08-05 00:00:00.000,18.13181818181818
9075,2019-08-06 00:00:00.000,19.337179487179494
9076,2019-08-07 00:00:00.000,21.156410256410254
9077,2019-08-08 00:00:00.000,21.237333333333332
9078,2019-08-09 00:00:00.000,20.266666666666676
9079,2019-08-10 00:00:00.000,19.025263157894727
9080,2019-08-11 00:00:00.000,18.602325581395345
9081,2019-08-12 00:00:00.000,18.423655913978497
9082,2019-08-13 00:00:00.000,18.46629213483147
9083,2019-08-14 00:00:00.000,18.45632183908046
9084,2019-08-15 00:00:00.000,18.3
9085,2019-08-16 00:00:00.000,18.564615384615387
9086,2019-08-17 00:00:00.000,21.49787234042553
9087,2019-08-18 00:00:00.000,22.477551020408164
9088,2019-08-19 00:00:00.000,23.310389610389606
9089,2019-08-20 00:00:00.000,24.40410958904109
9090,2019-08-21 00:00:00.000,24.563529411764712
9091,2019-08-22 00:00:00.000,22.140909090909087
9092,2019-08-23 00:00:00.000,20.01318681318681
9093,2019-08-24 00:00:00.000,20.680645161290318
9094,2019-08-25 00:00:00.000,20.015517241379303
9095,2019-08-26 00:00:00.000,20.048571428571414
9096,2019-08-27 00:00:00.000,19.882926829268293
9097,2019-08-28 00:00:00.000,23.159999999999997
9098,2019-08-29 00:00:00.000,27.740624999999998
9099,2019-08-30 00:00:00.000,26.926086956521736
9100,2019-08-31 00:00:00.000,25.93076923076923
9101,2019-09-01 00:00:00.000,30.877272727272736
9102,2019-09-02 00:00:00.000,30.18076923076924
9103,2019-09-03 00:00:00.000,30.366666666666664
9104,2019-09-04 00:00:00.000,32.509375000000006
9105,2019-09-05 00:00:00.000,30.614285714285717
9106,2019-09-06 00:00:00.000,28.35
9107,2019-09-07 00:00:00.000,29.179999999999996
9108,2019-09-08 00:00:00.000,28.915
9109,2019-09-09 00:00:00.000,28.9
9110,2019-09-10 00:00:00.000,27.36470588235294
9111,2019-09-11 00:00:00.000,26.424137931034476
9112,2019-09-12 00:00:00.000,26.475342465753425
9113,2019-09-13 00:00:00.000,25.641666666666683
9114,2019-09-14 00:00:00.000,26.18854166666667
9115,2019-09-15 00:00:00.000,28.619791666666675
9116,2019-09-16 00:00:00.000,29.150000000000006
9117,2019-09-17 00:00:00.000,29.26354166666665
9118,2019-09-18 00:00:00.000,28.81145833333333
9119,2019-09-19 00:00:00.000,25.84791666666668
9120,2019-09-20 00:00:00.000,22.521875000000005
9121,2019-09-21 00:00:00.000,19.210416666666664
9122,2019-09-22 00:00:00.000,17.91354166666667
9123,2019-09-23 00:00:00.000,18.320833333333336
9124,2019-09-24 00:00:00.000,18.309375000000003
9125,2019-09-25 00:00:00.000,18.899999999999995
9126,2019-09-26 00:00:00.000,23.690625000000008
9127,2019-09-27 00:00:00.000,28.951041666666672
9128,2019-09-28 00:00:00.000,28.998958333333338
9129,2019-09-29 00:00:00.000,27.917708333333337
9130,2019-09-30 00:00:00.000,28.558333333333326
9131,2019-10-01 00:00:00.000,27.803124999999994
9132,2019-10-02 00:00:00.000,27.155208333333338
9133,2019-10-03 00:00:00.000,26.603125000000002
9134,2019-10-04 00:00:00.000,25.49270833333333
9135,2019-10-05 00:00:00.000,22.28020833333333
9136,2019-10-06 00:00:00.000,21.219999999999988
9137,2019-10-07 00:00:00.000,20.596842105263164
9138,2019-10-08 00:00:00.000,20.344210526315788
9139,2019-10-09 00:00:00.000,21.113541666666666
9140,2019-10-10 00:00:00.000,22.927472527472535
9141,2019-10-11 00:00:00.000,23.639583333333324
9142,2019-10-12 00:00:00.000,23.109677419354846
9143,2019-10-13 00:00:00.000,22.75520833333333
9144,2019-10-14 00:00:00.000,23.26041666666667
9145,2019-10-15 00:00:00.000,23.814583333333346
9146,2019-10-16 00:00:00.000,24.568750000000005
9147,2019-10-17 00:00:00.000,24.133333333333336
9148,2019-10-18 00:00:00.000,22.767708333333342
9149,2019-10-19 00:00:00.000,21.13229166666667
9150,2019-10-20 00:00:00.000,19.92083333333333
9151,2019-10-21 00:00:00.000,18.528125
9152,2019-10-22 00:00:00.000,18.101041666666674
9153,2019-10-23 00:00:00.000,18.865957446808515
9154,2019-10-24 00:00:00.000,19.8
9155,2019-10-25 00:00:00.000,20.13894736842105
9156,2019-10-26 00:00:00.000,21.387234042553196
9157,2019-10-27 00:00:00.000,38.75851063829787
9158,2019-10-28 00:00:00.000,37.56458333333334
9159,2019-10-29 00:00:00.000,35.36666666666665
9160,2019-10-30 00:00:00.000,32.36145833333333
9161,2019-10-31 00:00:00.000,29.009374999999995
9162,2019-11-01 00:00:00.000,26.021739130434778
9163,2019-11-02 00:00:00.000,23.792631578947372
9164,2019-11-03 00:00:00.000,22.659999999999997
9165,2019-11-04 00:00:00.000,21.481249999999992
9166,2019-11-05 00:00:00.000,20.631395348837213
9167,2019-11-06 00:00:00.000,22.05263157894736
9168,2019-11-07 00:00:00.000,22.006249999999994
9169,2019-11-08 00:00:00.000,22.486458333333335
9170,2019-11-09 00:00:00.000,23.62340425531915
9171,2019-11-10 00:00:00.000,23.91505376344085
9172,2019-11-11 00:00:00.000,24.002105263157897
9173,2019-11-12 00:00:00.000,22.817021276595742
9174,2019-11-13 00:00:00.000,21.924999999999997
9175,2019-11-14 00:00:00.000,21.752631578947373
9176,2019-11-15 00:00:00.000,21.072916666666668
9177,2019-11-16 00:00:00.000,20.33020833333333
9178,2019-11-17 00:00:00.000,18.170526315789473
9179,2019-11-18 00:00:00.000,17.267708333333335
9180,2019-11-19 00:00:00.000,19.029166666666676
9181,2019-11-20 00:00:00.000,23.630208333333325
9182,2019-11-21 00:00:00.000,21.89375
9183,2019-11-22 00:00:00.000,21.84137931034483
9184,2019-11-23 00:00:00.000,22.47187500000001
9185,2019-11-24 00:00:00.000,22.02210526315789
9186,2019-11-25 00:00:00.000,24.023157894736837
9187,2019-11-26 00:00:00.000,23.861052631578964
9188,2019-11-27 00:00:00.000,25.715625000000006
9189,2019-11-28 00:00:00.000,23.761458333333326
9190,2019-11-29 00:00:00.000,22.8625
9191,2019-11-30 00:00:00.000,21.80624999999998
9192,2019-12-01 00:00:00.000,24.79895833333333
9193,2019-12-02 00:00:00.000,22.356250000000003
9194,2019-12-03 00:00:00.000,21.0125
9195,2019-12-04 00:00:00.000,19.986458333333328
9196,2019-12-05 00:00:00.000,20.99479166666667
9197,2019-12-06 00:00:00.000,20.458333333333336
9198,2019-12-07 00:00:00.000,20.049999999999997
9199,2019-12-08 00:00:00.000,20.077894736842108
9200,2019-12-09 00:00:00.000,21.51770833333333
9201,2019-12-10 00:00:00.000,24.514814814814805
9202,2019-12-11 00:00:00.000,23.733333333333334
9203,2019-12-12 00:00:00.000,24.234090909090902
9204,2019-12-13 00:00:00.000,23.913784935579784
9205,2019-12-14 00:00:00.000,23.723438057482657
9206,2019-12-15 00:00:00.000,23.305677898909813
9207,2019-12-16 00:00:00.000,23.20145589692765
9208,2019-12-17 00:00:00.000,23.11227849355798
9209,2019-12-18 00:00:00.000,22.938066402378592
9210,2019-12-19 00:00:00.000,22.795251734390487
9211,2019-12-20 00:00:00.000,22.554102081268585
9212,2019-12-21 00:00:00.000,22.417174430128842
9213,2019-12-22 00:00:00.000,22.399077304261645
9214,2019-12-23 00:00:00.000,22.58920614469772
9215,2019-12-24 00:00:00.000,22.754260654112983
9216,2019-12-25 00:00:00.000,23.226530227948466
9217,2019-12-26 00:00:00.000,23.126450941526265
9218,2019-12-27 00:00:00.000,22.87701585728444
9219,2019-12-28 00:00:00.000,22.65265510406343
9220,2019-12-29 00:00:00.000,22.775192269573836
9221,2019-12-30 00:00:00.000,22.67336868186323
9222,2019-12-31 00:00:00.000,22.53578691774034
9223,2020-01-01 00:00:00.000,23.3405639246779
9224,2020-01-02 00:00:00.000,23.36520218037661
9225,2020-01-03 00:00:00.000,23.037709613478693
9226,2020-01-04 00:00:00.000,22.897947472745294
9227,2020-01-05 00:00:00.000,22.83689692765114
9228,2020-01-06 00:00:00.000,22.77344796828543
9229,2020-01-07 00:00:00.000,22.72090089197225
9230,2020-01-08 00:00:00.000,22.75687710604559
9231,2020-01-09 00:00:00.000,23.314181367690782
9232,2020-01-10 00:00:00.000,23.37697621407334
9233,2020-01-11 00:00:00.000,23.35713478691774
9234,2020-01-12 00:00:00.000,23.36476610505451
9235,2020-01-13 00:00:00.000,23.31657978196234
9236,2020-01-14 00:00:00.000,22.963576808721506
9237,2020-01-15 00:00:00.000,22.919533201189296
9238,2020-01-16 00:00:00.000,23.49210009910803
9239,2020-01-17 00:00:00.000,23.639057482656096
9240,2020-01-18 00:00:00.000,23.738918731417247
9241,2020-01-19 00:00:00.000,23.94976114965312
9242,2020-01-20 00:00:00.000,23.88413181367691
9243,2020-01-21 00:00:00.000,23.19687710604559
9244,2020-01-22 00:00:00.000,23.225658077304264
9245,2020-01-23 00:00:00.000,23.13691674925669
9246,2020-01-24 00:00:00.000,23.295866204162536
9247,2020-01-25 00:00:00.000,23.546827552031715
9248,2020-01-26 00:00:00.000,23.846629335976214
9249,2020-01-27 00:00:00.000,24.123537165510406
9250,2020-01-28 00:00:00.000,24.867045589692765
9251,2020-01-29 00:00:00.000,25.34062338949455
9252,2020-01-30 00:00:00.000,25.05652031714569
9253,2020-01-31 00:00:00.000,24.3607621407334
9254,2020-02-01 00:00:00.000,23.947362735381567
9255,2020-02-02 00:00:00.000,23.657154608523292
9256,2020-02-03 00:00:00.000,23.526550049554015
9257,2020-02-04 00:00:00.000,23.417749256689792
9258,2020-02-05 00:00:00.000,23.46855203171457
9259,2020-02-06 00:00:00.000,23.459830525272547
9260,2020-02-07 00:00:00.000,23.17681764122894
9261,2020-02-08 00:00:00.000,23.08109910802775
9262,2020-02-09 00:00:00.000,23.16002874132805
9263,2020-02-10 00:00:00.000,22.891188305252726
9264,2020-02-11 00:00:00.000,23.09548959365709
9265,2020-02-12 00:00:00.000,23.230018830525275
9266,2020-02-13 00:00:00.000,23.14498414271556
9267,2020-02-14 00:00:00.000,23.25705550049554
9268,2020-02-15 00:00:00.000,23.269701684836473
9269,2020-02-16 00:00:00.000,23.20974132804757
9270,2020-02-17 00:00:00.000,23.17987016848365
9271,2020-02-18 00:00:00.000,23.03247670961348
9272,2020-02-19 00:00:00.000,23.109662041625374
9273,2020-02-20 00:00:00.000,23.21628245787909
9274,2020-02-21 00:00:00.000,23.29673835480674
9275,2020-02-22 00:00:00.000,23.19295242814668
9276,2020-02-23 00:00:00.000,23.34775916749257
9277,2020-02-24 00:00:00.000,23.407719524281468
9278,2020-02-25 00:00:00.000,23.213447968285433
9279,2020-02-26 00:00:00.000,23.21737264618434
9280,2020-02-27 00:00:00.000,23.202546085232903
9281,2020-02-28 00:00:00.000,23.145638255698714
9282,2020-02-29 00:00:00.000,23.183794846382558
9283,2020-03-01 00:00:00.000,23.314181367690782
9284,2020-03-02 00:00:00.000,23.259453914767096
9285,2020-03-03 00:00:00.000,23.147818632309217
9286,2020-03-04 00:00:00.000,23.305895936570863
9287,2020-03-05 00:00:00.000,23.202546085232903
9288,2020-03-06 00:00:00.000,23.250296333002975
9289,2020-03-07 00:00:00.000,23.217590683845394
9290,2020-03-08 00:00:00.000,22.78805649157582
9291,2020-03-09 00:00:00.000,22.694736372646187
9292,2020-03-10 00:00:00.000,22.569364717542122
9293,2020-03-11 00:00:00.000,22.447699702675916
9294,2020-03-12 00:00:00.000,22.266728444003967
9295,2020-03-13 00:00:00.000,22.22878989098117
9296,2020-03-14 00:00:00.000,22.5610792864222
9297,2020-03-15 00:00:00.000,23.438680872150645
9298,2020-03-16 00:00:00.000,24.84371555996036
9299,2020-03-17 00:00:00.000,24.49267492566898
9300,2020-03-18 00:00:00.000,24.262209117938554
9301,2020-03-19 00:00:00.000,24.106094152626362
9302,2020-03-20 00:00:00.000,23.633388503468783
9303,2020-03-21 00:00:00.000,22.85281367690783
9304,2020-03-22 00:00:00.000,22.72417145688801
9305,2020-03-23 00:00:00.000,22.546470763131815
9306,2020-03-24 00:00:00.000,22.38926560951437
9307,2020-03-25 00:00:00.000,22.296381565906838
9308,2020-03-26 00:00:00.000,22.374875123885037
9309,2020-03-27 00:00:00.000,22.24884935579782
9310,2020-03-28 00:00:00.000,22.259315163528246
9311,2020-03-29 00:00:00.000,22.305975222993062
9312,2020-03-30 00:00:00.000,22.199790882061446
9313,2020-03-31 00:00:00.000,22.29376511397423
9314,2020-04-01 00:00:00.000,22.82512289395441
9315,2020-04-02 00:00:00.000,22.78609415262636
9316,2020-04-03 00:00:00.000,22.528373637264618
9317,2020-04-04 00:00:00.000,22.711307234886025
9318,2020-04-05 00:00:00.000,24.22863131813677
9319,2020-04-06 00:00:00.000,25.442228939544105
9320,2020-04-07 00:00:00.000,25.69624281466799
9321,2020-04-08 00:00:00.000,25.469919722497522
9322,2020-04-09 00:00:00.000,24.773071357779983
9323,2020-04-10 00:00:00.000,23.958046580773043
9324,2020-04-11 00:00:00.000,23.671545094152627
9325,2020-04-12 00:00:00.000,23.487739345887018
9326,2020-04-13 00:00:00.000,23.40837363726462
9327,2020-04-14 00:00:00.000,23.32922596630327
9328,2020-04-15 00:00:00.000,23.166569871159563
9329,2020-04-16 00:00:00.000,22.889880079286424
9330,2020-04-17 00:00:00.000,22.76101982160555
9331,2020-04-18 00:00:00.000,22.846054509415264
9332,2020-04-19 00:00:00.000,22.88486521308226
9333,2020-04-20 00:00:00.000,22.730494549058474
9334,2020-04-21 00:00:00.000,22.48520218037661
9335,2020-04-22 00:00:00.000,22.42851238850347
9336,2020-04-23 00:00:00.000,22.42873042616452
9337,2020-04-24 00:00:00.000,22.415866204162537
9338,2020-04-25 00:00:00.000,22.395588701684837
9339,2020-04-26 00:00:00.000,22.38839345887017
9340,2020-04-27 00:00:00.000,22.474954410307234
9341,2020-04-28 00:00:00.000,22.374002973240835
9342,2020-04-29 00:00:00.000,22.25342814667988
9343,2020-04-30 00:00:00.000,22.25211992071358
9344,2020-05-01 00:00:00.000,22.262149653121902
9345,2020-05-02 00:00:00.000,22.241872150644202
9346,2020-05-03 00:00:00.000,22.361792864222004
9347,2020-05-04 00:00:00.000,22.312080277502478
9348,2020-05-05 00:00:00.000,22.09774925668979
9349,2020-05-06 00:00:00.000,22.206550049554014
9350,2020-05-07 00:00:00.000,22.171009910802777
9351,2020-05-08 00:00:00.000,22.122169474727453
9352,2020-05-09 00:00:00.000,22.085757185332014
9353,2020-05-10 00:00:00.000,22.125222001982163
9354,2020-05-11 00:00:00.000,22.23598513379584
9355,2020-05-12 00:00:00.000,22.3600485629336
9356,2020-05-13 00:00:00.000,22.611009910802775
9357,2020-05-14 00:00:00.000,22.773011892963332
9358,2020-05-15 00:00:00.000,22.812258671952428
9359,2020-05-16 00:00:00.000,22.839295341922696
9360,2020-05-17 00:00:00.000,23.227620416253718
9361,2020-05-18 00:00:00.000,23.48752130822597
9362,2020-05-19 00:00:00.000,23.561654112983152
9363,2020-05-20 00:00:00.000,23.790375619425173
9364,2020-05-21 00:00:00.000,23.942129831516354
9365,2020-05-22 00:00:00.000,23.62859167492567
9366,2020-05-23 00:00:00.000,23.310910802775027
9367,2020-05-24 00:00:00.000,23.01677799801784
9368,2020-05-25 00:00:00.000,22.738998017839446
9369,2020-05-26 00:00:00.000,22.518779980178394
9370,2020-05-27 00:00:00.000,22.33322993062438
9371,2020-05-28 00:00:00.000,21.812962962962974
9372,2020-05-29 00:00:00.000,25.710416666666664
9373,2020-05-30 00:00:00.000,26.813541666666666
9374,2020-05-31 00:00:00.000,28.544791666666665
9375,2020-06-01 00:00:00.000,29.068750000000005
9376,2020-06-02 00:00:00.000,28.91666666666666
9377,2020-06-03 00:00:00.000,28.43541666666668
9378,2020-06-04 00:00:00.000,28.355913978494627
9379,2020-06-05 00:00:00.000,31.269791666666666
9380,2020-06-06 00:00:00.000,34.20729166666666
9381,2020-06-07 00:00:00.000,35.04736842105264
9382,2020-06-08 00:00:00.000,30.416666666666668
9383,2020-06-09 00:00:00.000,27.835416666666685
9384,2020-06-10 00:00:00.000,25.77083333333334
9385,2020-06-11 00:00:00.000,26.206249999999994
9386,2020-06-12 00:00:00.000,30.008333333333336
9387,2020-06-13 00:00:00.000,32.178125
9388,2020-06-14 00:00:00.000,31.99791666666667
9389,2020-06-15 00:00:00.000,32.39999999999999
9390,2020-06-16 00:00:00.000,29.96458333333334
9391,2020-06-17 00:00:00.000,27.939583333333328
9392,2020-06-18 00:00:00.000,27.848387096774186
9393,2020-06-19 00:00:00.000,24.564583333333335
9394,2020-06-20 00:00:00.000,28.52812499999999
9395,2020-06-21 00:00:00.000,25.43854166666668
9396,2020-06-22 00:00:00.000,25.83333333333332
9397,2020-06-23 00:00:00.000,24.5368794326241
9398,2020-06-24 00:00:00.000,23.24042553191489
9399,2020-06-25 00:00:00.000,22.364583333333332
9400,2020-06-26 00:00:00.000,25.21979166666667
9401,2020-06-27 00:00:00.000,27.959375000000012
9402,2020-06-28 00:00:00.000,27.249999999999986
9403,2020-06-29 00:00:00.000,25.20105263157895
9404,2020-06-30 00:00:00.000,25.77499999999999
9405,2020-07-01 00:00:00.000,27.115625000000005
9406,2020-07-02 00:00:00.000,26.739583333333332
9407,2020-07-03 00:00:00.000,26.266666666666666
9408,2020-07-04 00:00:00.000,24.146874999999994
9409,2020-07-05 00:00:00.000,23.045263157894745
9410,2020-07-06 00:00:00.000,23.79166666666666
9411,2020-07-07 00:00:00.000,23.791666666666682
9412,2020-07-08 00:00:00.000,22.128125000000008
9413,2020-07-09 00:00:00.000,21.588541666666657
9414,2020-07-10 00:00:00.000,19.15
9415,2020-07-11 00:00:00.000,19.8875
9416,2020-07-12 00:00:00.000,20.009375
9417,2020-07-13 00:00:00.000,20.571428571428573
9418,2020-07-14 00:00:00.000,20.346485127775452
9419,2020-07-15 00:00:00.000,20.12154168412233
9420,2020-07-16 00:00:00.000,19.89659824046921
9421,2020-07-17 00:00:00.000,19.67165479681609
9422,2020-07-18 00:00:00.000,19.446711353162968
9423,2020-07-19 00:00:00.000,19.221767909509847
9424,2020-07-20 00:00:00.000,18.996824465856726
9425,2020-07-21 00:00:00.000,18.771881022203605
9426,2020-07-22 00:00:00.000,18.546937578550484
9427,2020-07-23 00:00:00.000,18.321994134897363
9428,2020-07-24 00:00:00.000,18.09705069124424
9429,2020-07-25 00:00:00.000,17.87210724759112
9430,2020-07-26 00:00:00.000,17.647163803938
9431,2020-07-27 00:00:00.000,17.42222036028488
9432,2020-07-28 00:00:00.000,17.197276916631758
9433,2020-07-29 00:00:00.000,16.972333472978637
9434,2020-07-30 00:00:00.000,16.747390029325516
9435,2020-07-31 00:00:00.000,16.522446585672395
9436,2020-08-01 00:00:00.000,16.297503142019274
9437,2020-08-02 00:00:00.000,16.072559698366153
9438,2020-08-03 00:00:00.000,15.847616254713031
9439,2020-08-04 00:00:00.000,15.62267281105991
9440,2020-08-05 00:00:00.000,15.39772936740679
9441,2020-08-06 00:00:00.000,15.172785923753668
9442,2020-08-07 00:00:00.000,14.947842480100547
9443,2020-08-08 00:00:00.000,14.722899036447426
9444,2020-08-09 00:00:00.000,14.497955592794305
9445,2020-08-10 00:00:00.000,14.273012149141184
9446,2020-08-11 00:00:00.000,14.048068705488063
9447,2020-08-12 00:00:00.000,13.823125261834942
9448,2020-08-13 00:00:00.000,13.59818181818182
9449,2020-08-14 00:00:00.000,13.558333333333335
9450,2020-08-15 00:00:00.000,13.07708333333334
9451,2020-08-16 00:00:00.000,13.465625000000003
9452,2020-08-17 00:00:00.000,13.024999999999997
9453,2020-08-18 00:00:00.000,13.73020833333333
9454,2020-08-19 00:00:00.000,14.689583333333333
9455,2020-08-20 00:00:00.000,16.179166666666667
9456,2020-08-21 00:00:00.000,16.982291666666672
9457,2020-08-22 00:00:00.000,16.636458333333326
9458,2020-08-23 00:00:00.000,17.36875
9459,2020-08-24 00:00:00.000,18.79479166666666
9460,2020-08-25 00:00:00.000,24.071874999999995
9461,2020-08-26 00:00:00.000,25.022916666666664
9462,2020-08-27 00:00:00.000,21.045833333333338
9463,2020-08-28 00:00:00.000,21.521276595744684
9464,2020-08-29 00:00:00.000,21.597775993576878
9465,2020-08-30 00:00:00.000,21.674275391409072
9466,2020-08-31 00:00:00.000,21.750774789241266
9467,2020-09-01 00:00:00.000,21.82727418707346
9468,2020-09-02 00:00:00.000,21.903773584905654
9469,2020-09-03 00:00:00.000,22.95729166666666
9470,2020-09-04 00:00:00.000,21.72604166666666
9471,2020-09-05 00:00:00.000,19.952083333333338
9472,2020-09-06 00:00:00.000,17.759374999999995
9473,2020-09-07 00:00:00.000,15.86041666666666
9474,2020-09-08 00:00:00.000,13.45729166666667
9475,2020-09-09 00:00:00.000,13.078125
9476,2020-09-10 00:00:00.000,13.138541666666669
9477,2020-09-11 00:00:00.000,13.109374999999998
9478,2020-09-12 00:00:00.000,14.479591836734699
9479,2020-09-13 00:00:00.000,15.0640306122449
9480,2020-09-14 00:00:00.000,15.648469387755105
9481,2020-09-15 00:00:00.000,16.232908163265307
9482,2020-09-16 00:00:00.000,16.81734693877551
9483,2020-09-17 00:00:00.000,17.401785714285715
9484,2020-09-18 00:00:00.000,19.491666666666674
9485,2020-09-19 00:00:00.000,19.22526315789474
9486,2020-09-20 00:00:00.000,18.295833333333338
9487,2020-09-21 00:00:00.000,17.67446808510638
9488,2020-09-22 00:00:00.000,16.26421052631579
9489,2020-09-23 00:00:00.000,16.30520833333334
9490,2020-09-24 00:00:00.000,15.708333333333329
9491,2020-09-25 00:00:00.000,14.704210526315798
9492,2020-09-26 00:00:00.000,14.61458333333333
9493,2020-09-27 00:00:00.000,14.61458333333333
9494,2020-09-28 00:00:00.000,15.779569892473116
9495,2020-09-29 00:00:00.000,16.654666666666667
9496,2020-09-30 00:00:00.000,17.909677419354836
9497,2020-10-01 00:00:00.000,18.118383999999995
9498,2020-10-02 00:00:00.000,17.994379428571424
9499,2020-10-03 00:00:00.000,17.870374857142853
9500,2020-10-04 00:00:00.000,17.746370285714285
9501,2020-10-05 00:00:00.000,17.622365714285714
9502,2020-10-06 00:00:00.000,17.498361142857142
9503,2020-10-07 00:00:00.000,17.37435657142857
9504,2020-10-08 00:00:00.000,17.250352
9505,2020-10-09 00:00:00.000,17.126347428571428
9506,2020-10-10 00:00:00.000,17.002342857142857
9507,2020-10-11 00:00:00.000,16.87833828571429
9508,2020-10-12 00:00:00.000,16.754333714285718
9509,2020-10-13 00:00:00.000,16.630329142857146
9510,2020-10-14 00:00:00.000,16.506324571428575
9511,2020-10-15 00:00:00.000,16.382320000000004
9512,2020-10-16 00:00:00.000,17.01713263157895
9513,2020-10-17 00:00:00.000,17.80058064516129
9514,2020-10-18 00:00:00.000,17.406680851063825
9515,2020-10-19 00:00:00.000,17.89037894736842
9516,2020-10-20 00:00:00.000,16.573599999999995
9517,2020-10-21 00:00:00.000,15.924012903225806
9518,2020-10-22 00:00:00.000,14.868046315789467
9519,2020-10-23 00:00:00.000,15.44976
9520,2020-10-24 00:00:00.000,15.530199999999994
9521,2020-10-25 00:00:00.000,16.62715
9522,2020-10-26 00:00:00.000,24.717474999999993
9523,2020-10-27 00:00:00.000,20.877549999999992
9524,2020-10-28 00:00:00.000,19.828600000000005
9525,2020-10-29 00:00:00.000,18.733899999999995
9526,2020-10-30 00:00:00.000,17.979924999999998
9527,2020-10-31 00:00:00.000,18.102136585365855
9528,2020-11-01 00:00:00.000,16.74175319148937
9529,2020-11-02 00:00:00.000,16.263175
9530,2020-11-03 00:00:00.000,16.552749999999993
9531,2020-11-04 00:00:00.000,16.543599999999998
9532,2020-11-05 00:00:00.000,15.504475
9533,2020-11-06 00:00:00.000,17.54665
9534,2020-11-07 00:00:00.000,18.344672340425532
9535,2020-11-08 00:00:00.000,18.460426141372366
9536,2020-11-09 00:00:00.000,18.576179942319204
9537,2020-11-10 00:00:00.000,18.691933743266038
9538,2020-11-11 00:00:00.000,18.807687544212875
9539,2020-11-12 00:00:00.000,18.92344134515971
9540,2020-11-13 00:00:00.000,19.039195146106547
9541,2020-11-14 00:00:00.000,19.15494894705338
9542,2020-11-15 00:00:00.000,19.270702748000218
9543,2020-11-16 00:00:00.000,19.386456548947052
9544,2020-11-17 00:00:00.000,19.50221034989389
9545,2020-11-18 00:00:00.000,19.617964150840727
9546,2020-11-19 00:00:00.000,19.73371795178756
9547,2020-11-20 00:00:00.000,19.8494717527344
9548,2020-11-21 00:00:00.000,19.965225553681233
9549,2020-11-22 00:00:00.000,20.08097935462807
9550,2020-11-23 00:00:00.000,20.196733155574904
9551,2020-11-24 00:00:00.000,20.31248695652174
9552,2020-11-25 00:00:00.000,20.977825
9553,2020-11-26 00:00:00.000,23.082175000000003
9554,2020-11-27 00:00:00.000,22.167550000000006
9555,2020-11-28 00:00:00.000,21.437349999999995
9556,2020-11-29 00:00:00.000,20.67587500000001
9557,2020-11-30 00:00:00.000,19.73860000000001
9558,2020-12-01 00:00:00.000,19.069
9559,2020-12-02 00:00:00.000,18.98515
9560,2020-12-03 00:00:00.000,18.098500000000005
9561,2020-12-04 00:00:00.000,18.222775
9562,2020-12-05 00:00:00.000,19.125686956521744
9563,2020-12-06 00:00:00.000,20.664682352941174
9564,2020-12-07 00:00:00.000,21.91173617021277
9565,2020-12-08 00:00:00.000,21.017724999999995
9566,2020-12-09 00:00:00.000,20.566824999999987
9567,2020-12-10 00:00:00.000,20.974825
9568,2020-12-11 00:00:00.000,21.363475000000008
9569,2020-12-12 00:00:00.000,21.256149999999995
9570,2020-12-13 00:00:00.000,21.920349999999996
9571,2020-12-14 00:00:00.000,22.826875000000005
9572,2020-12-15 00:00:00.000,23.858575000000005
9573,2020-12-16 00:00:00.000,21.710575000000002
9574,2020-12-17 00:00:00.000,22.635800000000003
9575,2020-12-18 00:00:00.000,20.851246315789474
9576,2020-12-19 00:00:00.000,20.216124999999998
9577,2020-12-20 00:00:00.000,20.146900000000006
9578,2020-12-21 00:00:00.000,19.9894
9579,2020-12-22 00:00:00.000,19.073349999999998
9580,2020-12-23 00:00:00.000,18.602490322580646
9581,2020-12-24 00:00:00.000,17.79475
9582,2020-12-25 00:00:00.000,16.778949999999995
9583,2020-12-26 00:00:00.000,16.652649999999994
9584,2020-12-27 00:00:00.000,16.184275000000003
9585,2020-12-28 00:00:00.000,16.552899999999998
9586,2020-12-29 00:00:00.000,16.058563380281694
9587,2020-12-30 00:00:00.000,17.05605217391305
9588,2020-12-31 00:00:00.000,17.319759999999995
9589,2021-01-01 00:00:00.000,16.9744
9590,2021-01-02 00:00:00.000,16.6882
9591,2021-01-03 00:00:00.000,17.000565217391312
9592,2021-01-04 00:00:00.000,16.890024999999994
9593,2021-01-05 00:00:00.000,17.547549999999998
9594,2021-01-06 00:00:00.000,18.841149999999995
9595,2021-01-07 00:00:00.000,19.61702500000001
9596,2021-01-08 00:00:00.000,19.002924999999998
9597,2021-01-09 00:00:00.000,19.147074999999997
9598,2021-01-10 00:00:00.000,18.49412500000001
9599,2021-01-11 00:00:00.000,18.803793684210532
9600,2021-01-12 00:00:00.000,19.2100252631579
9601,2021-01-13 00:00:00.000,19.61777263157896
9602,2021-01-14 00:00:00.000,19.679780645161287
9603,2021-01-15 00:00:00.000,19.287549999999992
9604,2021-01-16 00:00:00.000,19.079874999999994
9605,2021-01-17 00:00:00.000,17.888417582417574
9606,2021-01-18 00:00:00.000,22.88540645161291
9607,2021-01-19 00:00:00.000,28.800249999999988
9608,2021-01-20 00:00:00.000,24.703000000000007
9609,2021-01-21 00:00:00.000,20.570124999999994
9610,2021-01-22 00:00:00.000,19.144374999999993
9611,2021-01-23 00:00:00.000,18.603475000000007
9612,2021-01-24 00:00:00.000,19.513224999999995
9613,2021-01-25 00:00:00.000,24.369025000000008
9614,2021-01-26 00:00:00.000,23.200899999999994
9615,2021-01-27 00:00:00.000,30.258399999999998
9616,2021-01-28 00:00:00.000,26.608074999999996
9617,2021-01-29 00:00:00.000,25.816899999999993
9618,2021-01-30 00:00:00.000,26.149525
9619,2021-01-31 00:00:00.000,26.638299999999987
9620,2021-02-01 00:00:00.000,27.029574999999998
9621,2021-02-02 00:00:00.000,27.022899999999993
9622,2021-02-03 00:00:00.000,28.01995000000001
9623,2021-02-04 00:00:00.000,27.878199999999996
9624,2021-02-05 00:00:00.000,27.888099999999998
9625,2021-02-06 00:00:00.000,26.27117499999999
9626,2021-02-07 00:00:00.000,25.285225
9627,2021-02-08 00:00:00.000,24.617949999999997
9628,2021-02-09 00:00:00.000,25.618518918918927
9629,2021-02-10 00:00:00.000,25.649292392880692
9630,2021-02-11 00:00:00.000,25.680065866842458
9631,2021-02-12 00:00:00.000,25.710839340804224
9632,2021-02-13 00:00:00.000,25.741612814765986
9633,2021-02-14 00:00:00.000,25.772386288727752
9634,2021-02-15 00:00:00.000,25.803159762689518
9635,2021-02-16 00:00:00.000,25.833933236651283
9636,2021-02-17 00:00:00.000,25.86470671061305
9637,2021-02-18 00:00:00.000,25.895480184574815
9638,2021-02-19 00:00:00.000,25.92625365853658
9639,2021-02-20 00:00:00.000,24.57414999999999
9640,2021-02-21 00:00:00.000,23.576050000000006
9641,2021-02-22 00:00:00.000,23.086074999999997
9642,2021-02-23 00:00:00.000,23.424775
9643,2021-02-24 00:00:00.000,24.441474999999993
9644,2021-02-25 00:00:00.000,26.617375000000006
9645,2021-02-26 00:00:00.000,27.975775
9646,2021-02-27 00:00:00.000,29.262850000000004
9647,2021-02-28 00:00:00.000,30.113424999999996
9648,2021-03-01 00:00:00.000,30.389274999999998
9649,2021-03-02 00:00:00.000,29.71517499999999
9650,2021-03-03 00:00:00.000,29.474649999999997
9651,2021-03-04 00:00:00.000,29.224449999999994
9652,2021-03-05 00:00:00.000,28.315825
9653,2021-03-06 00:00:00.000,28.182250000000007
9654,2021-03-07 00:00:00.000,26.5183
9655,2021-03-08 00:00:00.000,26.898625
9656,2021-03-09 00:00:00.000,26.355249999999995
9657,2021-03-10 00:00:00.000,26.106400000000004
9658,2021-03-11 00:00:00.000,27.030024999999984
9659,2021-03-12 00:00:00.000,28.529275
9660,2021-03-13 00:00:00.000,32.36852499999999
9661,2021-03-14 00:00:00.000,33.831250000000004
9662,2021-03-15 00:00:00.000,37.38932499999999
9663,2021-03-16 00:00:00.000,36.1942
9664,2021-03-17 00:00:00.000,33.21595000000001
9665,2021-03-18 00:00:00.000,30.006024999999994
9666,2021-03-19 00:00:00.000,26.496025000000014
9667,2021-03-20 00:00:00.000,26.010625000000005
9668,2021-03-21 00:00:00.000,25.368775000000014
9669,2021-03-22 00:00:00.000,25.431775
9670,2021-03-23 00:00:00.000,31.786000000000012
9671,2021-03-24 00:00:00.000,28.884165217391303
9672,2021-03-25 00:00:00.000,30.595149999999993
9673,2021-03-26 00:00:00.000,31.84495000000001
9674,2021-03-27 00:00:00.000,32.78792500000001
9675,2021-03-28 00:00:00.000,33.547900000000006
9676,2021-03-29 00:00:00.000,33.52337500000001
9677,2021-03-30 00:00:00.000,35.84342500000002
9678,2021-03-31 00:00:00.000,34.03630000000001
9679,2021-04-01 00:00:00.000,32.1547
9680,2021-04-02 00:00:00.000,30.335275
9681,2021-04-03 00:00:00.000,32.244175
9682,2021-04-04 00:00:00.000,29.82235000000001
9683,2021-04-05 00:00:00.000,29.893299999999996
9684,2021-04-06 00:00:00.000,31.495
9685,2021-04-07 00:00:00.000,34.55672499999998
9686,2021-04-08 00:00:00.000,38.457699999999996
9687,2021-04-09 00:00:00.000,38.91834999999999
9688,2021-04-10 00:00:00.000,42.05927499999999
9689,2021-04-11 00:00:00.000,42.32484999999999
9690,2021-04-12 00:00:00.000,42.180174999999984
9691,2021-04-13 00:00:00.000,43.642374999999994
9692,2021-04-14 00:00:00.000,41.32412499999999
9693,2021-04-15 00:00:00.000,37.00779999999998
9694,2021-04-16 00:00:00.000,35.760025
9695,2021-04-17 00:00:00.000,34.65130000000001
9696,2021-04-18 00:00:00.000,32.3893
9697,2021-04-19 00:00:00.000,32.31992499999999
9698,2021-04-20 00:00:00.000,33.17927500000001
9699,2021-04-21 00:00:00.000,31.165674999999997
9700,2021-04-22 00:00:00.000,33.34937500000001
9701,2021-04-23 00:00:00.000,35.928175
9702,2021-04-24 00:00:00.000,38.29337500000001
9703,2021-04-25 00:00:00.000,37.94162500000001
9704,2021-04-26 00:00:00.000,38.259999999999984
9705,2021-04-27 00:00:00.000,38.835625
9706,2021-04-28 00:00:00.000,34.57628965517242
9707,2021-04-29 00:00:00.000,34.493949999999984
9708,2021-04-30 00:00:00.000,35.20577499999998
9709,2021-05-01 00:00:00.000,37.37260000000001
9710,2021-05-02 00:00:00.000,32.85242499999999
9711,2021-05-03 00:00:00.000,30.343374999999998
9712,2021-05-04 00:00:00.000,28.672674999999998
9713,2021-05-05 00:00:00.000,28.974324999999997
9714,2021-05-06 00:00:00.000,33.45017500000001
9715,2021-05-07 00:00:00.000,32.399575
9716,2021-05-08 00:00:00.000,29.24425000000001
9717,2021-05-09 00:00:00.000,27.80867500000002
9718,2021-05-10 00:00:00.000,27.0859
9719,2021-05-11 00:00:00.000,25.25919999999998
9720,2021-05-12 00:00:00.000,26.65997894736844
9721,2021-05-13 00:00:00.000,26.64546723171567
9722,2021-05-14 00:00:00.000,26.630955516062905
9723,2021-05-15 00:00:00.000,26.616443800410135
9724,2021-05-16 00:00:00.000,26.601932084757365
9725,2021-05-17 00:00:00.000,26.587420369104596
9726,2021-05-18 00:00:00.000,26.572908653451826
9727,2021-05-19 00:00:00.000,26.55839693779906
9728,2021-05-20 00:00:00.000,26.54388522214629
9729,2021-05-21 00:00:00.000,26.52937350649352
9730,2021-05-22 00:00:00.000,26.51486179084075
9731,2021-05-23 00:00:00.000,26.500350075187985
9732,2021-05-24 00:00:00.000,26.485838359535215
9733,2021-05-25 00:00:00.000,26.471326643882445
9734,2021-05-26 00:00:00.000,26.456814928229676
9735,2021-05-27 00:00:00.000,26.442303212576906
9736,2021-05-28 00:00:00.000,26.42779149692414
9737,2021-05-29 00:00:00.000,26.41327978127137
9738,2021-05-30 00:00:00.000,26.3987680656186
9739,2021-05-31 00:00:00.000,26.38425634996583
9740,2021-06-01 00:00:00.000,26.36974463431306
9741,2021-06-02 00:00:00.000,26.355232918660295
9742,2021-06-03 00:00:00.000,26.340721203007526
9743,2021-06-04 00:00:00.000,26.326209487354756
9744,2021-06-05 00:00:00.000,26.311697771701986
9745,2021-06-06 00:00:00.000,26.29718605604922
9746,2021-06-07 00:00:00.000,26.28267434039645
9747,2021-06-08 00:00:00.000,26.26816262474368
9748,2021-06-09 00:00:00.000,26.25365090909091
9749,2021-06-10 00:00:00.000,25.02699999999999
9750,2021-06-11 00:00:00.000,23.053900000000002
9751,2021-06-12 00:00:00.000,22.811275
9752,2021-06-13 00:00:00.000,22.324224999999995
9753,2021-06-14 00:00:00.000,20.96815
9754,2021-06-15 00:00:00.000,20.815374999999996
9755,2021-06-16 00:00:00.000,19.147225000000006
9756,2021-06-17 00:00:00.000,18.712149999999998
9757,2021-06-18 00:00:00.000,18.0955
9758,2021-06-19 00:00:00.000,19.589949999999998
9759,2021-06-20 00:00:00.000,20.936615384615376
9760,2021-06-21 00:00:00.000,20.756077341705904
9761,2021-06-22 00:00:00.000,20.575539298796436
9762,2021-06-23 00:00:00.000,20.395001255886964
9763,2021-06-24 00:00:00.000,20.214463212977492
9764,2021-06-25 00:00:00.000,20.03392517006802
9765,2021-06-26 00:00:00.000,19.85338712715855
9766,2021-06-27 00:00:00.000,19.672849084249076
9767,2021-06-28 00:00:00.000,19.492311041339605
9768,2021-06-29 00:00:00.000,19.311772998430136
9769,2021-06-30 00:00:00.000,19.131234955520664
9770,2021-07-01 00:00:00.000,18.950696912611193
9771,2021-07-02 00:00:00.000,18.77015886970172
9772,2021-07-03 00:00:00.000,18.58962082679225
9773,2021-07-04 00:00:00.000,18.40908278388278
9774,2021-07-05 00:00:00.000,18.22854474097331
9775,2021-07-06 00:00:00.000,18.048006698063837
9776,2021-07-07 00:00:00.000,17.867468655154365
9777,2021-07-08 00:00:00.000,17.686930612244893
9778,2021-07-09 00:00:00.000,17.9518
9779,2021-07-10 00:00:00.000,18.459325000000007
9780,2021-07-11 00:00:00.000,19.683574193548388
9781,2021-07-12 00:00:00.000,20.657950000000007
9782,2021-07-13 00:00:00.000,20.733765217391305
9783,2021-07-14 00:00:00.000,19.787499999999998
9784,2021-07-15 00:00:00.000,20.505625
9785,2021-07-16 00:00:00.000,19.763724999999997
9786,2021-07-17 00:00:00.000,18.708999999999996
9787,2021-07-18 00:00:00.000,19.0516
9788,2021-07-19 00:00:00.000,18.824049999999996
9789,2021-07-20 00:00:00.000,18.595675000000007
9790,2021-07-21 00:00:00.000,17.908795789473682
9791,2021-07-22 00:00:00.000,17.84305
9792,2021-07-23 00:00:00.000,18.352000000000004
9793,2021-07-24 00:00:00.000,19.903225
9794,2021-07-25 00:00:00.000,21.769890526315788
9795,2021-07-26 00:00:00.000,24.57182978723405
9796,2021-07-27 00:00:00.000,21.379075
9797,2021-07-28 00:00:00.000,20.524675000000006
9798,2021-07-29 00:00:00.000,20.547175000000003
9799,2021-07-30 00:00:00.000,22.114975000000005
9800,2021-07-31 00:00:00.000,23.74880851063829
9801,2021-08-01 00:00:00.000,22.135449999999995
9802,2021-08-02 00:00:00.000,18.900549999999996
9803,2021-08-03 00:00:00.000,18.9325
9804,2021-08-04 00:00:00.000,20.098674999999997
9805,2021-08-05 00:00:00.000,18.400000000000002
9806,2021-08-06 00:00:00.000,17.440600000000007
9807,2021-08-07 00:00:00.000,17.598700000000004
9808,2021-08-08 00:00:00.000,19.101570526315786
9809,2021-08-09 00:00:00.000,18.81978526315789
9810,2021-08-10 00:00:00.000,19.342150000000004
9811,2021-08-11 00:00:00.000,19.574884705882347
9812,2021-08-12 00:00:00.000,20.77804255319149
9813,2021-08-13 00:00:00.000,21.899710638297865
9814,2021-08-14 00:00:00.000,22.503175
9815,2021-08-15 00:00:00.000,24.044125000000005
9816,2021-08-16 00:00:00.000,22.293700000000005
9817,2021-08-17 00:00:00.000,19.776324210526315
9818,2021-08-18 00:00:00.000,19.411224999999998
9819,2021-08-19 00:00:00.000,19.830249999999996
9820,2021-08-20 00:00:00.000,21.345920879120875
9821,2021-08-21 00:00:00.000,23.28264175824177
9822,2021-08-22 00:00:00.000,23.326303157894724
9823,2021-08-23 00:00:00.000,23.98915000000001
9824,2021-08-24 00:00:00.000,24.163449999999997
9825,2021-08-25 00:00:00.000,23.349925
9826,2021-08-26 00:00:00.000,22.16275
9827,2021-08-27 00:00:00.000,19.749399999999998
9828,2021-08-28 00:00:00.000,17.70587500000001
9829,2021-08-29 00:00:00.000,16.38692500000001
9830,2021-08-30 00:00:00.000,17.957124999999994
9831,2021-08-31 00:00:00.000,16.56156210526316
9832,2021-09-01 00:00:00.000,16.83489999999999
9833,2021-09-02 00:00:00.000,15.743575000000002
9834,2021-09-03 00:00:00.000,15.56978105263158
9835,2021-09-04 00:00:00.000,15.730245454545456
9836,2021-09-05 00:00:00.000,16.113175000000002
9837,2021-09-06 00:00:00.000,16.09212210526315
9838,2021-09-07 00:00:00.000,15.901825000000002
9839,2021-09-08 00:00:00.000,15.824661052631578
9840,2021-09-09 00:00:00.000,17.143224999999994
9841,2021-09-10 00:00:00.000,17.988550000000007
9842,2021-09-11 00:00:00.000,17.002074999999998
9843,2021-09-12 00:00:00.000,16.78225
9844,2021-09-13 00:00:00.000,16.01815000000001
9845,2021-09-14 00:00:00.000,15.777925000000002
9846,2021-09-15 00:00:00.000,18.615854945054952
9847,2021-09-16 00:00:00.000,17.917150000000003
9848,2021-09-17 00:00:00.000,17.730774999999998
9849,2021-09-18 00:00:00.000,18.40759999999999
9850,2021-09-19 00:00:00.000,18.259961643835616
9851,2021-09-20 00:00:00.000,18.461697560975615
9852,2021-09-21 00:00:00.000,17.872
9853,2021-09-22 00:00:00.000,16.671400000000002
9854,2021-09-23 00:00:00.000,17.537650000000003
9855,2021-09-24 00:00:00.000,15.781612631578946
9856,2021-09-25 00:00:00.000,18.30595
9857,2021-09-26 00:00:00.000,18.637525
9858,2021-09-27 00:00:00.000,15.832225000000006
9859,2021-09-28 00:00:00.000,14.101299999999997
9860,2021-09-29 00:00:00.000,13.479474999999999
9861,2021-09-30 00:00:00.000,13.251381052631574
9862,2021-10-01 00:00:00.000,13.156600000000005
9863,2021-10-02 00:00:00.000,13.057675000000001
9864,2021-10-03 00:00:00.000,12.794800000000004
9865,2021-10-04 00:00:00.000,13.420400000000003
9866,2021-10-05 00:00:00.000,14.333753846153847
9867,2021-10-06 00:00:00.000,15.162774999999995
9868,2021-10-07 00:00:00.000,16.351322105263165
9869,2021-10-08 00:00:00.000,17.54425
9870,2021-10-09 00:00:00.000,16.336150000000007
9871,2021-10-10 00:00:00.000,15.939651612903228
9872,2021-10-11 00:00:00.000,17.794944680851067
9873,2021-10-12 00:00:00.000,20.063200000000002
9874,2021-10-13 00:00:00.000,17.329763636363637
9875,2021-10-14 00:00:00.000,14.596327272727276
9876,2021-10-15 00:00:00.000,16.158250000000002
9877,2021-10-16 00:00:00.000,16.22097142857142
9878,2021-10-17 00:00:00.000,17.294199999999996
9879,2021-10-18 00:00:00.000,18.539288421052632
9880,2021-10-19 00:00:00.000,18.008602197802198
9881,2021-10-20 00:00:00.000,17.677334736842106
9882,2021-10-21 00:00:00.000,17.681799999999996
9883,2021-10-22 00:00:00.000,17.207650000000005
9884,2021-10-23 00:00:00.000,16.1593
9885,2021-10-24 00:00:00.000,17.803063829787238
9886,2021-10-25 00:00:00.000,16.245174999999993
9887,2021-10-26 00:00:00.000,16.074739130434782
9888,2021-10-27 00:00:00.000,17.1541
9889,2021-10-28 00:00:00.000,20.32663157894736
9890,2021-10-29 00:00:00.000,22.04348085106383
9891,2021-10-30 00:00:00.000,23.672500000000014
9892,2021-10-31 00:00:00.000,26.31467499999999
9893,2021-11-01 00:00:00.000,26.433489361702133
9894,2021-11-02 00:00:00.000,26.931066666666666
9895,2021-11-03 00:00:00.000,27.096263636363634
9896,2021-11-04 00:00:00.000,27.160674999999998
9897,2021-11-05 00:00:00.000,29.20555
9898,2021-11-06 00:00:00.000,29.89944842105266
9899,2021-11-07 00:00:00.000,30.13682499999999
9900,2021-11-08 00:00:00.000,28.371100000000013
9901,2021-11-09 00:00:00.000,26.6434
9902,2021-11-10 00:00:00.000,27.4657677419355
9903,2021-11-11 00:00:00.000,26.383375000000004
9904,2021-11-12 00:00:00.000,27.83840851063831
9905,2021-11-13 00:00:00.000,27.85648
9906,2021-11-14 00:00:00.000,29.047271578947374
9907,2021-11-15 00:00:00.000,28.65639999999999
9908,2021-11-16 00:00:00.000,28.166425000000004
9909,2021-11-17 00:00:00.000,25.72742500000001
9910,2021-11-18 00:00:00.000,26.029334736842102
9911,2021-11-19 00:00:00.000,25.385882105263153
9912,2021-11-20 00:00:00.000,25.37485
9913,2021-11-21 00:00:00.000,23.642049999999994
9914,2021-11-22 00:00:00.000,23.689600000000002
9915,2021-11-23 00:00:00.000,20.92310588235294
9916,2021-11-24 00:00:00.000,21.205074999999994
9917,2021-11-25 00:00:00.000,21.372731914893617
9918,2021-11-26 00:00:00.000,21.149650000000005
9919,2021-11-27 00:00:00.000,21.064600000000002
9920,2021-11-28 00:00:00.000,22.56025365853658
9921,2021-11-29 00:00:00.000,21.924273684210533
9922,2021-11-30 00:00:00.000,22.78832499999999
9923,2021-12-01 00:00:00.000,23.06155
9924,2021-12-02 00:00:00.000,23.354049999999997
9925,2021-12-03 00:00:00.000,26.08907500000001
9926,2021-12-04 00:00:00.000,27.579174999999996
9927,2021-12-05 00:00:00.000,26.692224999999983
9928,2021-12-06 00:00:00.000,26.663520000000013
9929,2021-12-07 00:00:00.000,26.170156521739113
9930,2021-12-08 00:00:00.000,24.768925
9931,2021-12-09 00:00:00.000,24.93625
9932,2021-12-10 00:00:00.000,24.925450000000012
9933,2021-12-11 00:00:00.000,25.079724999999996
9934,2021-12-12 00:00:00.000,25.898875
9935,2021-12-13 00:00:00.000,24.720025000000003
9936,2021-12-14 00:00:00.000,25.711957446808512
9937,2021-12-15 00:00:00.000,25.900568421052636
9938,2021-12-16 00:00:00.000,26.0797347368421
9939,2021-12-17 00:00:00.000,28.442199999999985
9940,2021-12-18 00:00:00.000,28.557924999999987
9941,2021-12-19 00:00:00.000,28.953549999999996
9942,2021-12-20 00:00:00.000,28.953174999999998
9943,2021-12-21 00:00:00.000,29.732349999999997
9944,2021-12-22 00:00:00.000,30.47649999999999
9945,2021-12-23 00:00:00.000,29.359900000000007
9946,2021-12-24 00:00:00.000,32.71105
9947,2021-12-25 00:00:00.000,33.99902500000001
9948,2021-12-26 00:00:00.000,36.813399999999994
9949,2021-12-27 00:00:00.000,37.888675
9950,2021-12-28 00:00:00.000,37.41190967741936
9951,2021-12-29 00:00:00.000,37.388575
9952,2021-12-30 00:00:00.000,39.69587500000001
9953,2021-12-31 00:00:00.000,40.35129999999999
9954,2022-01-01 00:00:00.000,40.52815000000002
9955,2022-01-02 00:00:00.000,40.353699999999996
9956,2022-01-03 00:00:00.000,43.88274999999999
9957,2022-01-04 00:00:00.000,44.421132530120474
9958,2022-01-05 00:00:00.000,42.0547
9959,2022-01-06 00:00:00.000,40.36854999999999
9960,2022-01-07 00:00:00.000,39.79697500000001
9961,2022-01-08 00:00:00.000,36.46854999999999
9962,2022-01-09 00:00:00.000,34.21217499999998
9963,2022-01-10 00:00:00.000,31.79072499999999
9964,2022-01-11 00:00:00.000,29.459251063829804
9965,2022-01-12 00:00:00.000,28.291750000000008
9966,2022-01-13 00:00:00.000,27.915549999999993
9967,2022-01-14 00:00:00.000,26.77015000000001
9968,2022-01-15 00:00:00.000,26.648124999999997
9969,2022-01-16 00:00:00.000,27.168400000000002
9970,2022-01-17 00:00:00.000,27.201325
9971,2022-01-18 00:00:00.000,27.38380000000001
9972,2022-01-19 00:00:00.000,27.826075000000003
9973,2022-01-20 00:00:00.000,27.94382499999999
9974,2022-01-21 00:00:00.000,30.298150000000003
9975,2022-01-22 00:00:00.000,41.390425
9976,2022-01-23 00:00:00.000,37.94065
9977,2022-01-24 00:00:00.000,38.990649999999995
9978,2022-01-25 00:00:00.000,37.10035
9979,2022-01-26 00:00:00.000,35.27837894736843
9980,2022-01-27 00:00:00.000,32.28085
9981,2022-01-28 00:00:00.000,30.342210526315785
9982,2022-01-29 00:00:00.000,29.341899999999995
9983,2022-01-30 00:00:00.000,28.77954999999999
9984,2022-01-31 00:00:00.000,29.305374999999998
9985,2022-02-01 00:00:00.000,33.37932210526317
9986,2022-02-02 00:00:00.000,37.58364999999999
9987,2022-02-03 00:00:00.000,37.48052499999999
9988,2022-02-04 00:00:00.000,36.62657499999999
9989,2022-02-05 00:00:00.000,35.404599999999995
9990,2022-02-06 00:00:00.000,33.92365
9991,2022-02-07 00:00:00.000,32.40887499999999
9992,2022-02-08 00:00:00.000,28.766274999999997
9993,2022-02-09 00:00:00.000,25.659475
9994,2022-02-10 00:00:00.000,24.426070000000003
9995,2022-02-11 00:00:00.000,23.334033684210524
9996,2022-02-12 00:00:00.000,22.776399999999995
9997,2022-02-13 00:00:00.000,22.755850000000006
9998,2022-02-14 00:00:00.000,25.040349999999993
9999,2022-02-15 00:00:00.000,29.20345
10000,2022-02-16 00:00:00.000,28.760050000000003
10001,2022-02-17 00:00:00.000,29.25835000000001
10002,2022-02-18 00:00:00.000,28.635024999999995
10003,2022-02-19 00:00:00.000,29.020225000000007
10004,2022-02-20 00:00:00.000,30.813775000000003
10005,2022-02-21 00:00:00.000,34.04747499999999
10006,2022-02-22 00:00:00.000,36.42692500000001
10007,2022-02-23 00:00:00.000,33.16374999999999
10008,2022-02-24 00:00:00.000,28.51262500000001
10009,2022-02-25 00:00:00.000,26.542225000000006
10010,2022-02-26 00:00:00.000,25.60322499999999
10011,2022-02-27 00:00:00.000,25.55995
10012,2022-02-28 00:00:00.000,26.184775000000005
10013,2022-03-01 00:00:00.000,27.475075000000015
10014,2022-03-02 00:00:00.000,29.269750000000002
10015,2022-03-03 00:00:00.000,30.158649999999994
10016,2022-03-04 00:00:00.000,34.05122500000001
10017,2022-03-05 00:00:00.000,36.412675
10018,2022-03-06 00:00:00.000,33.480925
10019,2022-03-07 00:00:00.000,31.92557499999999
10020,2022-03-08 00:00:00.000,28.937050000000003
10021,2022-03-09 00:00:00.000,24.987400000000004
10022,2022-03-10 00:00:00.000,24.721156521739125
10023,2022-03-11 00:00:00.000,22.349174468085103
10024,2022-03-12 00:00:00.000,21.887199999999996
10025,2022-03-13 00:00:00.000,22.306675
10026,2022-03-14 00:00:00.000,22.708225000000002
10027,2022-03-15 00:00:00.000,23.92907500000001
10028,2022-03-16 00:00:00.000,25.774536170212766
10029,2022-03-17 00:00:00.000,29.12545
10030,2022-03-18 00:00:00.000,31.324075000000004
10031,2022-03-19 00:00:00.000,32.88602500000001
10032,2022-03-20 00:00:00.000,33.58697500000001
10033,2022-03-21 00:00:00.000,39.903355789473686
10034,2022-03-22 00:00:00.000,36.36970989010989
10035,2022-03-23 00:00:00.000,31.21810000000001
10036,2022-03-24 00:00:00.000,28.815775
10037,2022-03-25 00:00:00.000,28.72225
10038,2022-03-26 00:00:00.000,26.928624999999997
10039,2022-03-27 00:00:00.000,26.68119999999999
10040,2022-03-28 00:00:00.000,27.027775000000005
10041,2022-03-29 00:00:00.000,30.048324999999995
10042,2022-03-30 00:00:00.000,32.06665000000001
10043,2022-03-31 00:00:00.000,32.35329999999999
10044,2022-04-01 00:00:00.000,33.882325
10045,2022-04-02 00:00:00.000,34.478275000000004
10046,2022-04-03 00:00:00.000,34.38272500000001
10047,2022-04-04 00:00:00.000,37.58777499999999
10048,2022-04-05 00:00:00.000,35.31842500000001
10049,2022-04-06 00:00:00.000,30.053274999999985
10050,2022-04-07 00:00:00.000,28.16664999999999
10051,2022-04-08 00:00:00.000,25.87854999999999
10052,2022-04-09 00:00:00.000,26.454399999999996
10053,2022-04-10 00:00:00.000,26.248375
10054,2022-04-11 00:00:00.000,27.582400000000007
10055,2022-04-12 00:00:00.000,31.57802500000001
10056,2022-04-13 00:00:00.000,33.392064516129025
10057,2022-04-14 00:00:00.000,31.083175000000008
10058,2022-04-15 00:00:00.000,33.39460000000001
10059,2022-04-16 00:00:00.000,32.683600000000006
10060,2022-04-17 00:00:00.000,35.812825
10061,2022-04-18 00:00:00.000,37.670049999999996
10062,2022-04-19 00:00:00.000,36.2768294736842
10063,2022-04-20 00:00:00.000,35.71316483516484
10064,2022-04-21 00:00:00.000,33.303651612903224
10065,2022-04-22 00:00:00.000,31.649725
10066,2022-04-23 00:00:00.000,29.832475000000013
10067,2022-04-24 00:00:00.000,29.951574999999995
10068,2022-04-25 00:00:00.000,31.587924999999988
10069,2022-04-26 00:00:00.000,34.472275
10070,2022-04-27 00:00:00.000,38.02285
10071,2022-04-28 00:00:00.000,40.717075000000015
10072,2022-04-29 00:00:00.000,39.52495
10073,2022-04-30 00:00:00.000,40.93480000000002
10074,2022-05-01 00:00:00.000,40.13664999999999
10075,2022-05-02 00:00:00.000,39.468775
10076,2022-05-03 00:00:00.000,35.01520000000002
10077,2022-05-04 00:00:00.000,31.852450000000005
10078,2022-05-05 00:00:00.000,30.855099999999993
10079,2022-05-06 00:00:00.000,27.782199999999992
10080,2022-05-07 00:00:00.000,31.17595000000001
10081,2022-05-08 00:00:00.000,37.755406315789465
10082,2022-05-09 00:00:00.000,34.022725
10083,2022-05-10 00:00:00.000,32.23982500000001
10084,2022-05-11 00:00:00.000,32.38577500000002
10085,2022-05-12 00:00:00.000,35.220778947368416
10086,2022-05-13 00:00:00.000,34.73237500000001
10087,2022-05-14 00:00:00.000,34.439425
10088,2022-05-15 00:00:00.000,34.772574999999996
10089,2022-05-16 00:00:00.000,39.18110434782608
10090,2022-05-17 00:00:00.000,37.82424999999999
10091,2022-05-18 00:00:00.000,36.63159999999998
10092,2022-05-19 00:00:00.000,32.793025000000014
10093,2022-05-20 00:00:00.000,31.38924999999998
10094,2022-05-21 00:00:00.000,28.121124999999996
10095,2022-05-22 00:00:00.000,26.687200000000008
10096,2022-05-23 00:00:00.000,25.125625
10097,2022-05-24 00:00:00.000,25.746099999999995
10098,2022-05-25 00:00:00.000,24.3604
10099,2022-05-26 00:00:00.000,30.289555555555562
10100,2022-05-27 00:00:00.000,33.76247500000001
10101,2022-05-28 00:00:00.000,30.119425000000003
10102,2022-05-29 00:00:00.000,27.552475000000015
10103,2022-05-30 00:00:00.000,25.987300000000005
10104,2022-05-31 00:00:00.000,24.547674999999995
10105,2022-06-01 00:00:00.000,22.379575000000003
10106,2022-06-02 00:00:00.000,21.68187234042553
10107,2022-06-03 00:00:00.000,21.18805
10108,2022-06-04 00:00:00.000,17.393199999999993
10109,2022-06-05 00:00:00.000,18.488494915254233
10110,2022-06-06 00:00:00.000,19.58378983050847
10111,2022-06-07 00:00:00.000,20.679084745762708
10112,2022-06-08 00:00:00.000,20.5033
10113,2022-06-09 00:00:00.000,19.38250000000001
10114,2022-06-10 00:00:00.000,19.726074999999994
10115,2022-06-11 00:00:00.000,19.65384842105263
10116,2022-06-12 00:00:00.000,20.00876363636364
10117,2022-06-13 00:00:00.000,20.15108051948052
10118,2022-06-14 00:00:00.000,20.293397402597403
10119,2022-06-15 00:00:00.000,20.435714285714287
10120,2022-06-16 00:00:00.000,21.311049999999994
10121,2022-06-17 00:00:00.000,24.348700000000004
10122,2022-06-18 00:00:00.000,21.6529
10123,2022-06-19 00:00:00.000,20.469775000000006
10124,2022-06-20 00:00:00.000,19.359174999999997
10125,2022-06-21 00:00:00.000,18.157375
10126,2022-06-22 00:00:00.000,17.487999999999996
10127,2022-06-23 00:00:00.000,17.584899999999987
10128,2022-06-24 00:00:00.000,16.359187096774193
10129,2022-06-25 00:00:00.000,15.756624999999998
10130,2022-06-26 00:00:00.000,17.50368
10131,2022-06-27 00:00:00.000,19.114158241758243
10132,2022-06-28 00:00:00.000,17.309424999999994
10133,2022-06-29 00:00:00.000,17.762650000000008
10134,2022-06-30 00:00:00.000,18.311083870967746
10135,2022-07-01 00:00:00.000,18.226000000000003
10136,2022-07-02 00:00:00.000,19.682199999999998
10137,2022-07-03 00:00:00.000,21.411330526315794
10138,2022-07-04 00:00:00.000,22.136200000000006
10139,2022-07-05 00:00:00.000,21.907299999999996
10140,2022-07-06 00:00:00.000,23.12694999999999
10141,2022-07-07 00:00:00.000,22.671474999999997
10142,2022-07-08 00:00:00.000,23.195125000000004
10143,2022-07-09 00:00:00.000,24.791724999999996
10144,2022-07-10 00:00:00.000,22.70475368421053
10145,2022-07-11 00:00:00.000,23.376709677419345
10146,2022-07-12 00:00:00.000,27.12009999999998
10147,2022-07-13 00:00:00.000,31.712875000000007
10148,2022-07-14 00:00:00.000,35.80827234042552
10149,2022-07-15 00:00:00.000,32.311075
10150,2022-07-16 00:00:00.000,34.29715000000001
10151,2022-07-17 00:00:00.000,29.840179310344823
10152,2022-07-18 00:00:00.000,33.30326829268292
10153,2022-07-19 00:00:00.000,33.98315862068966
10154,2022-07-20 00:00:00.000,38.713415384615395
10155,2022-07-21 00:00:00.000,41.51088275862067
10156,2022-07-22 00:00:00.000,33.301062068965514
10157,2022-07-23 00:00:00.000,34.82237183098592
10158,2022-07-24 00:00:00.000,34.76852173913042
10159,2022-07-25 00:00:00.000,39.93671648351647
10160,2022-07-26 00:00:00.000,36.43205714285713
10161,2022-07-27 00:00:00.000,33.06131139240506
10162,2022-07-28 00:00:00.000,32.397999999999996
10163,2022-07-29 00:00:00.000,31.767027027027023
10164,2022-07-30 00:00:00.000,36.35461686746989
10165,2022-07-31 00:00:00.000,31.16385060240963
10166,2022-08-01 00:00:00.000,33.91093176470588
10167,2022-08-02 00:00:00.000,32.047270000000005
10168,2022-08-03 00:00:00.000,29.121812987012994
10169,2022-08-04 00:00:00.000,26.243740659340663
10170,2022-08-05 00:00:00.000,27.558413186813187
10171,2022-08-06 00:00:00.000,27.788085106382983
10172,2022-08-07 00:00:00.000,27.621040000000004
10173,2022-08-08 00:00:00.000,26.923548936170214
10174,2022-08-09 00:00:00.000,27.120100000000004
10175,2022-08-10 00:00:00.000,25.641747368421058
10176,2022-08-11 00:00:00.000,26.192357894736837
10177,2022-08-12 00:00:00.000,26.820775000000012
10178,2022-08-13 00:00:00.000,28.675150000000013
10179,2022-08-14 00:00:00.000,28.40792499999999
10180,2022-08-15 00:00:00.000,27.147925000000015
10181,2022-08-16 00:00:00.000,25.81780000000001
10182,2022-08-17 00:00:00.000,25.384749999999993
10183,2022-08-18 00:00:00.000,26.25239090909091
10184,2022-08-19 00:00:00.000,26.405649999999994
10185,2022-08-20 00:00:00.000,21.09205
10186,2022-08-21 00:00:00.000,25.132375
10187,2022-08-22 00:00:00.000,23.66657500000001
10188,2022-08-23 00:00:00.000,20.17727499999999
10189,2022-08-24 00:00:00.000,20.44528791208791
10190,2022-08-25 00:00:00.000,21.471474999999998
10191,2022-08-26 00:00:00.000,22.105300000000003
10192,2022-08-27 00:00:00.000,23.640399999999996
10193,2022-08-28 00:00:00.000,25.469049999999985
10194,2022-08-29 00:00:00.000,26.966875000000005
10195,2022-08-30 00:00:00.000,28.850800000000007
10196,2022-08-31 00:00:00.000,27.99534999999999
10197,2022-09-01 00:00:00.000,26.05195
10198,2022-09-02 00:00:00.000,25.91282500000001
10199,2022-09-03 00:00:00.000,21.984250000000003
10200,2022-09-04 00:00:00.000,20.028474999999997
10201,2022-09-05 00:00:00.000,20.138527272727273
10202,2022-09-06 00:00:00.000,19.989319030303033
10203,2022-09-07 00:00:00.000,19.84011078787879
10204,2022-09-08 00:00:00.000,19.69090254545455
10205,2022-09-09 00:00:00.000,19.541694303030305
10206,2022-09-10 00:00:00.000,19.392486060606064
10207,2022-09-11 00:00:00.000,19.24327781818182
10208,2022-09-12 00:00:00.000,19.09406957575758
10209,2022-09-13 00:00:00.000,18.944861333333336
10210,2022-09-14 00:00:00.000,18.79565309090909
10211,2022-09-15 00:00:00.000,18.64644484848485
10212,2022-09-16 00:00:00.000,18.497236606060607
10213,2022-09-17 00:00:00.000,18.348028363636367
10214,2022-09-18 00:00:00.000,18.198820121212123
10215,2022-09-19 00:00:00.000,18.049611878787882
10216,2022-09-20 00:00:00.000,17.900403636363638
10217,2022-09-21 00:00:00.000,17.751195393939398
10218,2022-09-22 00:00:00.000,17.601987151515154
10219,2022-09-23 00:00:00.000,17.452778909090913
10220,2022-09-24 00:00:00.000,17.30357066666667
10221,2022-09-25 00:00:00.000,17.15436242424243
10222,2022-09-26 00:00:00.000,17.005154181818185
10223,2022-09-27 00:00:00.000,16.85594593939394
10224,2022-09-28 00:00:00.000,16.7067376969697
10225,2022-09-29 00:00:00.000,16.557529454545456
10226,2022-09-30 00:00:00.000,16.408321212121216
10227,2022-10-01 00:00:00.000,16.25911296969697
10228,2022-10-02 00:00:00.000,16.10990472727273
10229,2022-10-03 00:00:00.000,15.960696484848487
10230,2022-10-04 00:00:00.000,15.811488242424245
10231,2022-10-05 00:00:00.000,15.662280000000003
10232,2022-10-06 00:00:00.000,15.529344999999992
10233,2022-10-07 00:00:00.000,16.6350925
10234,2022-10-08 00:00:00.000,18.72432516129032
10235,2022-10-09 00:00:00.000,24.463954
10236,2022-10-10 00:00:00.000,26.754808000000008
10237,2022-10-11 00:00:00.000,25.841038000000008
10238,2022-10-12 00:00:00.000,29.8486195
10239,2022-10-13 00:00:00.000,28.675246
10240,2022-10-14 00:00:00.000,25.0406995
10241,2022-10-15 00:00:00.000,24.422797000000013
10242,2022-10-16 00:00:00.000,18.546738999999995
10243,2022-10-17 00:00:00.000,15.9488575
10244,2022-10-18 00:00:00.000,14.279154042553186
10245,2022-10-19 00:00:00.000,13.380302500000004
10246,2022-10-20 00:00:00.000,13.571949999999994
10247,2022-10-21 00:00:00.000,14.942676210526313
10248,2022-10-22 00:00:00.000,16.704804999999997
10249,2022-10-23 00:00:00.000,16.9370425
10250,2022-10-24 00:00:00.000,17.2983925
10251,2022-10-25 00:00:00.000,18.110770000000002
10252,2022-10-26 00:00:00.000,19.21230652631579
10253,2022-10-27 00:00:00.000,19.24135
10254,2022-10-28 00:00:00.000,19.7996275
10255,2022-10-29 00:00:00.000,18.927437499999993
10256,2022-10-30 00:00:00.000,18.227755
10257,2022-10-31 00:00:00.000,18.301015000000003
10258,2022-11-01 00:00:00.000,19.146275862068965
10259,2022-11-02 00:00:00.000,19.082071470795213
10260,2022-11-03 00:00:00.000,19.017867079521462
10261,2022-11-04 00:00:00.000,18.953662688247714
10262,2022-11-05 00:00:00.000,18.889458296973963
10263,2022-11-06 00:00:00.000,18.82525390570021
10264,2022-11-07 00:00:00.000,18.76104951442646
10265,2022-11-08 00:00:00.000,18.69684512315271
10266,2022-11-09 00:00:00.000,18.632640731878958
10267,2022-11-10 00:00:00.000,18.568436340605206
10268,2022-11-11 00:00:00.000,18.50423194933146
10269,2022-11-12 00:00:00.000,18.440027558057707
10270,2022-11-13 00:00:00.000,18.375823166783956
10271,2022-11-14 00:00:00.000,18.311618775510205
10272,2022-11-15 00:00:00.000,18.247414384236453
10273,2022-11-16 00:00:00.000,18.183209992962702
10274,2022-11-17 00:00:00.000,18.11900560168895
10275,2022-11-18 00:00:00.000,18.054801210415203
10276,2022-11-19 00:00:00.000,17.99059681914145
10277,2022-11-20 00:00:00.000,17.9263924278677
10278,2022-11-21 00:00:00.000,17.86218803659395
10279,2022-11-22 00:00:00.000,17.797983645320198
10280,2022-11-23 00:00:00.000,17.733779254046446
10281,2022-11-24 00:00:00.000,17.6695748627727
10282,2022-11-25 00:00:00.000,17.605370471498947
10283,2022-11-26 00:00:00.000,17.541166080225196
10284,2022-11-27 00:00:00.000,17.476961688951445
10285,2022-11-28 00:00:00.000,17.412757297677693
10286,2022-11-29 00:00:00.000,17.348552906403942
10287,2022-11-30 00:00:00.000,17.28434851513019
10288,2022-12-01 00:00:00.000,17.220144123856443
10289,2022-12-02 00:00:00.000,17.15593973258269
10290,2022-12-03 00:00:00.000,17.09173534130894
10291,2022-12-04 00:00:00.000,17.02753095003519
10292,2022-12-05 00:00:00.000,16.963326558761437
10293,2022-12-06 00:00:00.000,16.899122167487686
10294,2022-12-07 00:00:00.000,16.834917776213935
10295,2022-12-08 00:00:00.000,16.770713384940187
10296,2022-12-09 00:00:00.000,16.706508993666436
10297,2022-12-10 00:00:00.000,16.642304602392684
10298,2022-12-11 00:00:00.000,16.578100211118933
10299,2022-12-12 00:00:00.000,16.51389581984518
10300,2022-12-13 00:00:00.000,16.44969142857143
10301,2022-12-14 00:00:00.000,19.674584421052636
10302,2022-12-15 00:00:00.000,20.97207225806452
10303,2022-12-16 00:00:00.000,21.171519999999994
10304,2022-12-17 00:00:00.000,20.5343725
10305,2022-12-18 00:00:00.000,20.20440936170213
10306,2022-12-19 00:00:00.000,21.00134153846154
10307,2022-12-20 00:00:00.000,21.796375
10308,2022-12-21 00:00:00.000,22.310845
10309,2022-12-22 00:00:00.000,23.3086825
10310,2022-12-23 00:00:00.000,24.656726153846172
10311,2022-12-24 00:00:00.000,24.736714947368426
10312,2022-12-25 00:00:00.000,24.440582500000016
10313,2022-12-26 00:00:00.000,25.208327500000006
10314,2022-12-27 00:00:00.000,27.715668999999995
10315,2022-12-28 00:00:00.000,27.32057499999999
10316,2022-12-29 00:00:00.000,26.885369263157898
10317,2022-12-30 00:00:00.000,28.049379999999996
10318,2022-12-31 00:00:00.000,28.484237499999995
10319,2023-01-01 00:00:00.000,29.595347500000003
10320,2023-01-02 00:00:00.000,32.18307549999999
10321,2023-01-03 00:00:00.000,49.97298399999999
10322,2023-01-04 00:00:00.000,59.08520200000003
10323,2023-01-05 00:00:00.000,76.51619553684209
10324,2023-01-06 00:00:00.000,88.1236075
10325,2023-01-07 00:00:00.000,87.9363265
10326,2023-01-08 00:00:00.000,86.803486
10327,2023-01-09 00:00:00.000,80.76810100000002
10328,2023-01-10 00:00:00.000,96.38868399999997
10329,2023-01-11 00:00:00.000,88.72525150000001
10330,2023-01-12 00:00:00.000,85.52039649999999
10331,2023-01-13 00:00:00.000,79.89982749999999
10332,2023-01-14 00:00:00.000,76.609624
10333,2023-01-15 00:00:00.000,75.75449768421055
10334,2023-01-16 00:00:00.000,77.828701
10335,2023-01-17 00:00:00.000,73.97009212631579
10336,2023-01-18 00:00:00.000,79.36176700000003
10337,2023-01-19 00:00:00.000,76.582159
10338,2023-01-20 00:00:00.000,73.07288050000001
10339,2023-01-21 00:00:00.000,78.91493050000001
10340,2023-01-22 00:00:00.000,78.43931200000002
10341,2023-01-23 00:00:00.000,79.84674297872344
10342,2023-01-24 00:00:00.000,79.46458239999997
10343,2023-01-25 00:00:00.000,76.00738599999998
10344,2023-01-26 00:00:00.000,67.9733095
10345,2023-01-27 00:00:00.000,60.81116199999999
10346,2023-01-28 00:00:00.000,56.496561999999976
10347,2023-01-29 00:00:00.000,52.590484
10348,2023-01-30 00:00:00.000,48.7805335
10349,2023-01-31 00:00:00.000,46.043326
10350,2023-02-01 00:00:00.000,45.659537500000006
10351,2023-02-02 00:00:00.000,44.438345500000004
10352,2023-02-03 00:00:00.000,44.38306000000001
10353,2023-02-04 00:00:00.000,43.723858
10354,2023-02-05 00:00:00.000,45.15501100000002
10355,2023-02-06 00:00:00.000,44.371704999999984
10356,2023-02-07 00:00:00.000,42.31782400000003
10357,2023-02-08 00:00:00.000,40.27167999999999
10358,2023-02-09 00:00:00.000,37.59322749999998
10359,2023-02-10 00:00:00.000,37.85568249999999
10360,2023-02-11 00:00:00.000,35.71860999999999
10361,2023-02-12 00:00:00.000,33.287779067083335
10362,2023-02-13 00:00:00.000,31.6605679478125
10363,2023-02-14 00:00:00.000,32.408163246145826
10364,2023-02-15 00:00:00.000,30.977263544791665
10365,2023-02-16 00:00:00.000,31.802656343437473
10366,2023-02-17 00:00:00.000,32.67820914166667
10367,2023-02-18 00:00:00.000,33.73715944031249
10368,2023-02-19 00:00:00.000,34.390374738854184
10369,2023-02-20 00:00:00.000,35.89474993770833
10370,2023-02-21 00:00:00.000,46.10127549510417
10371,2023-02-22 00:00:00.000,52.60366651270834
10372,2023-02-23 00:00:00.000,55.860299308333346
10373,2023-02-24 00:00:00.000,53.46625716364582
10374,2023-02-25 00:00:00.000,49.808567490208326
10375,2023-02-26 00:00:00.000,45.040453711458326
10376,2023-02-27 00:00:00.000,41.88433202010416
10377,2023-02-28 00:00:00.000,41.203107806041665
10378,2023-03-01 00:00:00.000,39.12879476864581
10379,2023-03-02 00:00:00.000,35.582035522395834
10380,2023-03-03 00:00:00.000,34.895038320833336
10381,2023-03-04 00:00:00.000,38.79848020906251
10382,2023-03-05 00:00:00.000,39.023793099375006
10383,2023-03-06 00:00:00.000,34.36153421635417
10384,2023-03-07 00:00:00.000,32.88195951489582
10385,2023-03-08 00:00:00.000,30.436392313541656
10386,2023-03-09 00:00:00.000,28.403686567045455
10387,2023-03-10 00:00:00.000,33.12575649999999
10388,2023-03-11 00:00:00.000,27.35464750000001
10389,2023-03-12 00:00:00.000,26.496235
10390,2023-03-13 00:00:00.000,27.807820000000007
10391,2023-03-14 00:00:00.000,31.785542499999995
10392,2023-03-15 00:00:00.000,37.28126800000002
10393,2023-03-16 00:00:00.000,35.611390422535216
10394,2023-03-17 00:00:00.000,36.277524571428586
10395,2023-03-18 00:00:00.000,34.1274487804878
10396,2023-03-19 00:00:00.000,37.09408252631579
10397,2023-03-20 00:00:00.000,44.58323049999999
10398,2023-03-21 00:00:00.000,54.52380250000001
10399,2023-03-22 00:00:00.000,52.952597499999996
10400,2023-03-23 00:00:00.000,47.43722964210527
10401,2023-03-24 00:00:00.000,42.096436000000004
10402,2023-03-25 00:00:00.000,34.064784999999986
10403,2023-03-26 00:00:00.000,31.917832
10404,2023-03-27 00:00:00.000,28.545947499999997
10405,2023-03-28 00:00:00.000,29.71117749999999
10406,2023-03-29 00:00:00.000,29.044277894736837
10407,2023-03-30 00:00:00.000,25.640215
10408,2023-03-31 00:00:00.000,26.53567000000001
10409,2023-04-01 00:00:00.000,26.128284999999995
10410,2023-04-02 00:00:00.000,27.333774999999992
10411,2023-04-03 00:00:00.000,29.137455999999993
10412,2023-04-04 00:00:00.000,27.986555764705876
10413,2023-04-05 00:00:00.000,26.83565552941176
10414,2023-04-06 00:00:00.000,25.684755294117643
10415,2023-04-07 00:00:00.000,24.533855058823526
10416,2023-04-08 00:00:00.000,23.382954823529406
10417,2023-04-09 00:00:00.000,22.23205458823529
10418,2023-04-10 00:00:00.000,21.081154352941173
10419,2023-04-11 00:00:00.000,19.930254117647056
10420,2023-04-12 00:00:00.000,19.445042499999992
10421,2023-04-13 00:00:00.000,17.602570000000004
10422,2023-04-14 00:00:00.000,18.49489
10423,2023-04-15 00:00:00.000,19.96941250000001
10424,2023-04-16 00:00:00.000,22.054104999999993
10425,2023-04-17 00:00:00.000,25.632289256145825
10426,2023-04-18 00:00:00.000,26.54996860760417
10427,2023-04-19 00:00:00.000,25.776579145625018
10428,2023-04-20 00:00:00.000,23.68772718364583
10429,2023-04-21 00:00:00.000,22.382814038225806
10430,2023-04-22 00:00:00.000,22.22194941803939
10431,2023-04-23 00:00:00.000,22.061084797852978
10432,2023-04-24 00:00:00.000,21.90022017766656
10433,2023-04-25 00:00:00.000,21.73935555748015
10434,2023-04-26 00:00:00.000,21.578490937293733
10435,2023-04-27 00:00:00.000,21.41762631710732
10436,2023-04-28 00:00:00.000,21.256761696920904
10437,2023-04-29 00:00:00.000,21.09589707673449
10438,2023-04-30 00:00:00.000,20.935032456548075
10439,2023-05-01 00:00:00.000,20.774167836361663
10440,2023-05-02 00:00:00.000,20.613303216175247
10441,2023-05-03 00:00:00.000,20.452438595988834
10442,2023-05-04 00:00:00.000,20.291573975802418
10443,2023-05-05 00:00:00.000,20.130709355616005
10444,2023-05-06 00:00:00.000,19.96984473542959
10445,2023-05-07 00:00:00.000,19.808980115243177
10446,2023-05-08 00:00:00.000,19.64811549505676
10447,2023-05-09 00:00:00.000,19.487250874870348
10448,2023-05-10 00:00:00.000,19.326386254683932
10449,2023-05-11 00:00:00.000,19.16552163449752
10450,2023-05-12 00:00:00.000,19.004657014311103
10451,2023-05-13 00:00:00.000,18.84379239412469
10452,2023-05-14 00:00:00.000,18.682927773938275
10453,2023-05-15 00:00:00.000,18.522063153751862
10454,2023-05-16 00:00:00.000,18.361198533565446
10455,2023-05-17 00:00:00.000,18.200333913379033
10456,2023-05-18 00:00:00.000,18.039469293192617
10457,2023-05-19 00:00:00.000,17.878604673006205
10458,2023-05-20 00:00:00.000,17.71774005281979
10459,2023-05-21 00:00:00.000,17.556875432633376
10460,2023-05-22 00:00:00.000,17.39601081244696
10461,2023-05-23 00:00:00.000,17.235146192260547
10462,2023-05-24 00:00:00.000,17.07428157207413
10463,2023-05-25 00:00:00.000,16.91341695188772
10464,2023-05-26 00:00:00.000,16.752552331701303
10465,2023-05-27 00:00:00.000,16.59168771151489
10466,2023-05-28 00:00:00.000,16.430823091328474
10467,2023-05-29 00:00:00.000,16.26995847114206
10468,2023-05-30 00:00:00.000,16.109093850955645
10469,2023-05-31 00:00:00.000,15.948229230769233
10470,2023-06-01 00:00:00.000,16.21504505263158
10471,2023-06-02 00:00:00.000,16.266564999999993
10472,2023-06-03 00:00:00.000,16.346177500000007
10473,2023-06-04 00:00:00.000,16.42671747368421
10474,2023-06-05 00:00:00.000,18.13493642105263
10475,2023-06-06 00:00:00.000,19.784447500000002
10476,2023-06-07 00:00:00.000,19.558067500000003
10477,2023-06-08 00:00:00.000,18.19862989473684
10478,2023-06-09 00:00:00.000,18.402572500000005
10479,2023-06-10 00:00:00.000,18.35035
10480,2023-06-11 00:00:00.000,19.077752500000003
10481,2023-06-12 00:00:00.000,18.0209275
10482,2023-06-13 00:00:00.000,17.792815
10483,2023-06-14 00:00:00.000,17.61018808510638
10484,2023-06-15 00:00:00.000,17.972995
10485,2023-06-16 00:00:00.000,18.449184999999996
10486,2023-06-17 00:00:00.000,19.0968925
10487,2023-06-18 00:00:00.000,19.63636
10488,2023-06-19 00:00:00.000,19.36575999999999
10489,2023-06-20 00:00:00.000,17.634414999999994
10490,2023-06-21 00:00:00.000,16.887872500000004
10491,2023-06-22 00:00:00.000,17.503569999999996
10492,2023-06-23 00:00:00.000,17.347727499999998
10493,2023-06-24 00:00:00.000,17.978109999999997
10494,2023-06-25 00:00:00.000,18.849557499999996
10495,2023-06-26 00:00:00.000,19.70607250000001
10496,2023-06-27 00:00:00.000,19.023851304347833
10497,2023-06-28 00:00:00.000,19.355447500000007
10498,2023-06-29 00:00:00.000,18.965222499999996
10499,2023-06-30 00:00:00.000,18.331209999999995
10500,2023-07-01 00:00:00.000,17.227690000000006
10501,2023-07-02 00:00:00.000,16.649365
10502,2023-07-03 00:00:00.000,17.77021
10503,2023-07-04 00:00:00.000,19.259005000000002
10504,2023-07-05 00:00:00.000,20.685869999999998
10505,2023-07-06 00:00:00.000,21.98916571428571
10506,2023-07-07 00:00:00.000,20.494596210526314
10507,2023-07-08 00:00:00.000,21.287515000000003
10508,2023-07-09 00:00:00.000,23.796505
10509,2023-07-10 00:00:00.000,23.4837835
10510,2023-07-11 00:00:00.000,22.808155
10511,2023-07-12 00:00:00.000,23.187609670329667
10512,2023-07-13 00:00:00.000,21.863117499999998
10513,2023-07-14 00:00:00.000,20.8399525
10514,2023-07-15 00:00:00.000,19.695925000000003
10515,2023-07-16 00:00:00.000,18.29911483870968
10516,2023-07-17 00:00:00.000,17.71576
10517,2023-07-18 00:00:00.000,16.942652500000005
10518,2023-07-19 00:00:00.000,17.16427789473684
10519,2023-07-20 00:00:00.000,16.663637500000004
10520,2023-07-21 00:00:00.000,16.448893473684212
10521,2023-07-22 00:00:00.000,15.958757499999999
10522,2023-07-23 00:00:00.000,17.109088
10523,2023-07-24 00:00:00.000,18.305139999999994
10524,2023-07-25 00:00:00.000,18.528506956521742
10525,2023-07-26 00:00:00.000,18.553730434782604
10526,2023-07-27 00:00:00.000,16.60562610526315
10527,2023-07-28 00:00:00.000,16.1935525
10528,2023-07-29 00:00:00.000,15.173692765957451
10529,2023-07-30 00:00:00.000,14.810852500000003
10530,2023-07-31 00:00:00.000,14.952917500000005
10531,2023-08-01 00:00:00.000,16.134812499999992
10532,2023-08-02 00:00:00.000,17.31460722891566
10533,2023-08-03 00:00:00.000,17.546743829787236
10534,2023-08-04 00:00:00.000,17.033183448275857
10535,2023-08-05 00:00:00.000,18.382388085106385
10536,2023-08-06 00:00:00.000,18.514029999999995
10537,2023-08-07 00:00:00.000,19.351652499999993
10538,2023-08-08 00:00:00.000,23.094155452631593
10539,2023-08-09 00:00:00.000,20.818419999999996
10540,2023-08-10 00:00:00.000,18.238809999999997
10541,2023-08-11 00:00:00.000,16.252457500000002
10542,2023-08-12 00:00:00.000,15.937633913043474
10543,2023-08-13 00:00:00.000,16.257208888888893
10544,2023-08-14 00:00:00.000,15.168655000000001
10545,2023-08-15 00:00:00.000,15.143782127659575
10546,2023-08-16 00:00:00.000,15.778545217391304
10547,2023-08-17 00:00:00.000,16.368534999999998
10548,2023-08-18 00:00:00.000,20.590637499999996
10549,2023-08-19 00:00:00.000,19.24221361702127
10550,2023-08-20 00:00:00.000,17.7396025
10551,2023-08-21 00:00:00.000,17.140120000000003
10552,2023-08-22 00:00:00.000,15.952354782608703
10553,2023-08-23 00:00:00.000,14.008210000000004
10554,2023-08-24 00:00:00.000,13.546952500000002
10555,2023-08-25 00:00:00.000,14.452802499999999
10556,2023-08-26 00:00:00.000,14.877347500000004
10557,2023-08-27 00:00:00.000,14.342170000000003
10558,2023-08-28 00:00:00.000,14.659877500000007
10559,2023-08-29 00:00:00.000,15.060909999999998
10560,2023-08-30 00:00:00.000,16.019477499999997
10561,2023-08-31 00:00:00.000,20.239668347826083
10562,2023-09-01 00:00:00.000,22.593062736842104
10563,2023-09-02 00:00:00.000,21.254762500000002
10564,2023-09-03 00:00:00.000,22.588375000000003
10565,2023-09-04 00:00:00.000,21.867655000000003
10566,2023-09-05 00:00:00.000,19.718519578947372
10567,2023-09-06 00:00:00.000,20.9953825
10568,2023-09-07 00:00:00.000,19.299430000000005
10569,2023-09-08 00:00:00.000,17.5688275
10570,2023-09-09 00:00:00.000,16.93432000000001
10571,2023-09-10 00:00:00.000,18.103674999999992
10572,2023-09-11 00:00:00.000,18.010634105263158
10573,2023-09-12 00:00:00.000,18.18587452631579
10574,2023-09-13 00:00:00.000,18.575327500000004
10575,2023-09-14 00:00:00.000,20.6216575
10576,2023-09-15 00:00:00.000,23.76895
10577,2023-09-16 00:00:00.000,29.41791400000001
10578,2023-09-17 00:00:00.000,31.310509
10579,2023-09-18 00:00:00.000,28.745372499999988
10580,2023-09-19 00:00:00.000,27.251015499999994
10581,2023-09-20 00:00:00.000,26.49763449999999
10582,2023-09-21 00:00:00.000,22.2085848275862
10583,2023-09-22 00:00:00.000,20.370115
10584,2023-09-23 00:00:00.000,20.734613894736842
10585,2023-09-24 00:00:00.000,20.614313263157904
10586,2023-09-25 00:00:00.000,20.34585999999999
10587,2023-09-26 00:00:00.000,20.9450575
10588,2023-09-27 00:00:00.000,23.238144999999992
10589,2023-09-28 00:00:00.000,24.649720000000002
10590,2023-09-29 00:00:00.000,29.332159000000015
10591,2023-09-30 00:00:00.000,30.554399500000006
10592,2023-10-01 00:00:00.000,30.22184950000001
10593,2023-10-02 00:00:00.000,32.86496289361703
10594,2023-10-03 00:00:00.000,26.736225600000004
10595,2023-10-04 00:00:00.000,23.627807058823528
10596,2023-10-05 00:00:00.000,31.649020000000004
10597,2023-10-06 00:00:00.000,21.19253297297297
10598,2023-10-07 00:00:00.000,20.14207529411764
10599,2023-10-08 00:00:00.000,15.811791999999997
10600,2023-10-09 00:00:00.000,20.026909176470593
10601,2023-10-10 00:00:00.000,19.877742022471917
10602,2023-10-11 00:00:00.000,21.743805070422532
10603,2023-10-12 00:00:00.000,19.742620000000006
10604,2023-10-13 00:00:00.000,21.08763612903225
10605,2023-10-14 00:00:00.000,20.556570322580647
10606,2023-10-15 00:00:00.000,20.019131914893613
10607,2023-10-16 00:00:00.000,19.816952500000003
10608,2023-10-17 00:00:00.000,18.975205000000006
10609,2023-10-18 00:00:00.000,17.607547789473685
10610,2023-10-19 00:00:00.000,16.352007191011236
10611,2023-10-20 00:00:00.000,17.38303663157895
10612,2023-10-21 00:00:00.000,16.3808602739726
10613,2023-10-22 00:00:00.000,15.0025825
10614,2023-10-23 00:00:00.000,16.048937021276597
10615,2023-10-24 00:00:00.000,16.516375
10616,2023-10-25 00:00:00.000,19.971767741935484
10617,2023-10-26 00:00:00.000,20.460998736842104
10618,2023-10-27 00:00:00.000,22.341287500000004
10619,2023-10-28 00:00:00.000,23.326089999999997
10620,2023-10-29 00:00:00.000,26.482766484210533
10621,2023-10-30 00:00:00.000,25.999475516483507
10622,2023-10-31 00:00:00.000,23.116533052631578
10623,2023-11-01 00:00:00.000,21.091594725274728
10624,2023-11-02 00:00:00.000,18.779020000000003
10625,2023-11-03 00:00:00.000,17.043581935483875
10626,2023-11-04 00:00:00.000,17.04727189873418
10627,2023-11-05 00:00:00.000,16.41477361702128
10628,2023-11-06 00:00:00.000,15.715872000000003
10629,2023-11-07 00:00:00.000,16.113857500000005
10630,2023-11-08 00:00:00.000,16.375431999999996
10631,2023-11-09 00:00:00.000,16.006525000000003
10632,2023-11-10 00:00:00.000,16.145932631578955
10633,2023-11-11 00:00:00.000,15.571824516129029
10634,2023-11-12 00:00:00.000,15.125533658536582
10635,2023-11-13 00:00:00.000,15.595643404255316
10636,2023-11-14 00:00:00.000,15.761052903225806
10637,2023-11-15 00:00:00.000,15.25132
10638,2023-11-16 00:00:00.000,15.145094736842104
10639,2023-11-17 00:00:00.000,14.616399999999997
10640,2023-11-18 00:00:00.000,14.636463999999997
10641,2023-11-19 00:00:00.000,13.832979999999996
10642,2023-11-20 00:00:00.000,
10643,2023-11-21 00:00:00.000,
10644,2023-11-22 00:00:00.000,
10645,2023-11-23 00:00:00.000,
10646,2023-11-24 00:00:00.000,
10647,2023-11-25 00:00:00.000,
10648,2023-11-26 00:00:00.000,
10649,2023-11-27 00:00:00.000,
10650,2023-11-28 00:00:00.000,
10651,2023-11-29 00:00:00.000,
10652,2023-11-30 00:00:00.000,
10653,2023-12-01 00:00:00.000,
10654,2023-12-02 00:00:00.000,
10655,2023-12-03 00:00:00.000,
10656,2023-12-04 00:00:00.000,
10657,2023-12-05 00:00:00.000,
10658,2023-12-06 00:00:00.000,
10659,2023-12-07 00:00:00.000,
10660,2023-12-08 00:00:00.000,
10661,2023-12-09 00:00:00.000,
10662,2023-12-10 00:00:00.000,
10663,2023-12-11 00:00:00.000,
10664,2023-12-12 00:00:00.000,
10665,2023-12-13 00:00:00.000,
10666,2023-12-14 00:00:00.000,
10667,2023-12-15 00:00:00.000,
10668,2023-12-16 00:00:00.000,
10669,2023-12-17 00:00:00.000,
10670,2023-12-18 00:00:00.000,
10671,2023-12-19 00:00:00.000,
10672,2023-12-20 00:00:00.000,
10673,2023-12-21 00:00:00.000,
10674,2023-12-22 00:00:00.000,
10675,2023-12-23 00:00:00.000,
10676,2023-12-24 00:00:00.000,
10677,2023-12-25 00:00:00.000,
10678,2023-12-26 00:00:00.000,
10679,2023-12-27 00:00:00.000,
10680,2023-12-28 00:00:00.000,
10681,2023-12-29 00:00:00.000,
10682,2023-12-30 00:00:00.000,
10683,2023-12-31 00:00:00.000,
10684,2024-01-01 00:00:00.000,
10685,2024-01-02 00:00:00.000,
10686,2024-01-03 00:00:00.000,
10687,2024-01-04 00:00:00.000,
10688,2024-01-05 00:00:00.000,
10689,2024-01-06 00:00:00.000,
10690,2024-01-07 00:00:00.000,
10691,2024-01-08 00:00:00.000,
10692,2024-01-09 00:00:00.000,
10693,2024-01-10 00:00:00.000,
10694,2024-01-11 00:00:00.000,
10695,2024-01-12 00:00:00.000,
10696,2024-01-13 00:00:00.000,
10697,2024-01-14 00:00:00.000,
10698,2024-01-15 00:00:00.000,
10699,2024-01-16 00:00:00.000,
10700,2024-01-17 00:00:00.000,
10701,2024-01-18 00:00:00.000,
10702,2024-01-19 00:00:00.000,
10703,2024-01-20 00:00:00.000,
10704,2024-01-21 00:00:00.000,
10705,2024-01-22 00:00:00.000,
10706,2024-01-23 00:00:00.000,
10707,2024-01-24 00:00:00.000,
10708,2024-01-25 00:00:00.000,
10709,2024-01-26 00:00:00.000,
10710,2024-01-27 00:00:00.000,
10711,2024-01-28 00:00:00.000,
10712,2024-01-29 00:00:00.000,
10713,2024-01-30 00:00:00.000,
10714,2024-01-31 00:00:00.000,
10715,2024-02-01 00:00:00.000,
10716,2024-02-02 00:00:00.000,
10717,2024-02-03 00:00:00.000,
10718,2024-02-04 00:00:00.000,
10719,2024-02-05 00:00:00.000,
10720,2024-02-06 00:00:00.000,
10721,2024-02-07 00:00:00.000,
10722,2024-02-08 00:00:00.000,
10723,2024-02-09 00:00:00.000,
10724,2024-02-10 00:00:00.000,
10725,2024-02-11 00:00:00.000,
10726,2024-02-12 00:00:00.000,
10727,2024-02-13 00:00:00.000,
10728,2024-02-14 00:00:00.000,
10729,2024-02-15 00:00:00.000,
10730,2024-02-16 00:00:00.000,
10731,2024-02-17 00:00:00.000,
10732,2024-02-18 00:00:00.000,
10733,2024-02-19 00:00:00.000,
10734,2024-02-20 00:00:00.000,
10735,2024-02-21 00:00:00.000,
10736,2024-02-22 00:00:00.000,
10737,2024-02-23 00:00:00.000,
10738,2024-02-24 00:00:00.000,
10739,2024-02-25 00:00:00.000,
10740,2024-02-26 00:00:00.000,
10741,2024-02-27 00:00:00.000,
10742,2024-02-28 00:00:00.000,
10743,2024-02-29 00:00:00.000,
10744,2024-03-01 00:00:00.000,
10745,2024-03-02 00:00:00.000,
10746,2024-03-03 00:00:00.000,
10747,2024-03-04 00:00:00.000,
10748,2024-03-05 00:00:00.000,
10749,2024-03-06 00:00:00.000,
10750,2024-03-07 00:00:00.000,
10751,2024-03-08 00:00:00.000,
10752,2024-03-09 00:00:00.000,
10753,2024-03-10 00:00:00.000,
10754,2024-03-11 00:00:00.000,
10755,2024-03-12 00:00:00.000,
10756,2024-03-13 00:00:00.000,
10757,2024-03-14 00:00:00.000,
10758,2024-03-15 00:00:00.000,
10759,2024-03-16 00:00:00.000,
10760,2024-03-17 00:00:00.000,
10761,2024-03-18 00:00:00.000,
10762,2024-03-19 00:00:00.000,
10763,2024-03-20 00:00:00.000,
10764,2024-03-21 00:00:00.000,
10765,2024-03-22 00:00:00.000,
10766,2024-03-23 00:00:00.000,
10767,2024-03-24 00:00:00.000,
10768,2024-03-25 00:00:00.000,
10769,2024-03-26 00:00:00.000,
10770,2024-03-27 00:00:00.000,
10771,2024-03-28 00:00:00.000,
10772,2024-03-29 00:00:00.000,
10773,2024-03-30 00:00:00.000,
10774,2024-03-31 00:00:00.000,
10775,2024-04-01 00:00:00.000,
10776,2024-04-02 00:00:00.000,
10777,2024-04-03 00:00:00.000,
10778,2024-04-04 00:00:00.000,
10779,2024-04-05 00:00:00.000,
10780,2024-04-06 00:00:00.000,
10781,2024-04-07 00:00:00.000,
10782,2024-04-08 00:00:00.000,
10783,2024-04-09 00:00:00.000,
10784,2024-04-10 00:00:00.000,
10785,2024-04-11 00:00:00.000,
10786,2024-04-12 00:00:00.000,
10787,2024-04-13 00:00:00.000,
10788,2024-04-14 00:00:00.000,
10789,2024-04-15 00:00:00.000,
10790,2024-04-16 00:00:00.000,
10791,2024-04-17 00:00:00.000,
10792,2024-04-18 00:00:00.000,
10793,2024-04-19 00:00:00.000,
10794,2024-04-20 00:00:00.000,
10795,2024-04-21 00:00:00.000,
10796,2024-04-22 00:00:00.000,
10797,2024-04-23 00:00:00.000,
10798,2024-04-24 00:00:00.000,
10799,2024-04-25 00:00:00.000,
10800,2024-04-26 00:00:00.000,
10801,2024-04-27 00:00:00.000,
10802,2024-04-28 00:00:00.000,
10803,2024-04-29 00:00:00.000,
10804,2024-04-30 00:00:00.000,
10805,2024-05-01 00:00:00.000,
10806,2024-05-02 00:00:00.000,
10807,2024-05-03 00:00:00.000,
10808,2024-05-04 00:00:00.000,
10809,2024-05-05 00:00:00.000,
10810,2024-05-06 00:00:00.000,
10811,2024-05-07 00:00:00.000,
10812,2024-05-08 00:00:00.000,
10813,2024-05-09 00:00:00.000,
10814,2024-05-10 00:00:00.000,
10815,2024-05-11 00:00:00.000,
10816,2024-05-12 00:00:00.000,
10817,2024-05-13 00:00:00.000,
10818,2024-05-14 00:00:00.000,
10819,2024-05-15 00:00:00.000,
10820,2024-05-16 00:00:00.000,
10821,2024-05-17 00:00:00.000,
10822,2024-05-18 00:00:00.000,
10823,2024-05-19 00:00:00.000,
10824,2024-05-20 00:00:00.000,
10825,2024-05-21 00:00:00.000,
10826,2024-05-22 00:00:00.000,
10827,2024-05-23 00:00:00.000,
10828,2024-05-24 00:00:00.000,
10829,2024-05-25 00:00:00.000,
10830,2024-05-26 00:00:00.000,
10831,2024-05-27 00:00:00.000,
10832,2024-05-28 00:00:00.000,
10833,2024-05-29 00:00:00.000,
10834,2024-05-30 00:00:00.000,
10835,2024-05-31 00:00:00.000,
10836,2024-06-01 00:00:00.000,
10837,2024-06-02 00:00:00.000,
10838,2024-06-03 00:00:00.000,
10839,2024-06-04 00:00:00.000,
10840,2024-06-05 00:00:00.000,
10841,2024-06-06 00:00:00.000,
10842,2024-06-07 00:00:00.000,
10843,2024-06-08 00:00:00.000,
10844,2024-06-09 00:00:00.000,
10845,2024-06-10 00:00:00.000,
10846,2024-06-11 00:00:00.000,
10847,2024-06-12 00:00:00.000,
10848,2024-06-13 00:00:00.000,
10849,2024-06-14 00:00:00.000,
10850,2024-06-15 00:00:00.000,
10851,2024-06-16 00:00:00.000,
10852,2024-06-17 00:00:00.000,
10853,2024-06-18 00:00:00.000,
10854,2024-06-19 00:00:00.000,
10855,2024-06-20 00:00:00.000,
10856,2024-06-21 00:00:00.000,
10857,2024-06-22 00:00:00.000,
10858,2024-06-23 00:00:00.000,
10859,2024-06-24 00:00:00.000,
10860,2024-06-25 00:00:00.000,
10861,2024-06-26 00:00:00.000,
10862,2024-06-27 00:00:00.000,
10863,2024-06-28 00:00:00.000,
10864,2024-06-29 00:00:00.000,
10865,2024-06-30 00:00:00.000,
10866,2024-07-01 00:00:00.000,
10867,2024-07-02 00:00:00.000,
10868,2024-07-03 00:00:00.000,
10869,2024-07-04 00:00:00.000,
10870,2024-07-05 00:00:00.000,
10871,2024-07-06 00:00:00.000,
10872,2024-07-07 00:00:00.000,
10873,2024-07-08 00:00:00.000,
10874,2024-07-09 00:00:00.000,
10875,2024-07-10 00:00:00.000,
10876,2024-07-11 00:00:00.000,
10877,2024-07-12 00:00:00.000,
10878,2024-07-13 00:00:00.000,
10879,2024-07-14 00:00:00.000,
10880,2024-07-15 00:00:00.000,
10881,2024-07-16 00:00:00.000,
10882,2024-07-17 00:00:00.000,
10883,2024-07-18 00:00:00.000,
10884,2024-07-19 00:00:00.000,
10885,2024-07-20 00:00:00.000,
10886,2024-07-21 00:00:00.000,
10887,2024-07-22 00:00:00.000,
10888,2024-07-23 00:00:00.000,
10889,2024-07-24 00:00:00.000,
10890,2024-07-25 00:00:00.000,
10891,2024-07-26 00:00:00.000,
10892,2024-07-27 00:00:00.000,
10893,2024-07-28 00:00:00.000,
10894,2024-07-29 00:00:00.000,
10895,2024-07-30 00:00:00.000,
10896,2024-07-31 00:00:00.000,
10897,2024-08-01 00:00:00.000,
10898,2024-08-02 00:00:00.000,
10899,2024-08-03 00:00:00.000,
10900,2024-08-04 00:00:00.000,
10901,2024-08-05 00:00:00.000,
10902,2024-08-06 00:00:00.000,
10903,2024-08-07 00:00:00.000,
10904,2024-08-08 00:00:00.000,
10905,2024-08-09 00:00:00.000,
10906,2024-08-10 00:00:00.000,
10907,2024-08-11 00:00:00.000,
10908,2024-08-12 00:00:00.000,
10909,2024-08-13 00:00:00.000,
10910,2024-08-14 00:00:00.000,
10911,2024-08-15 00:00:00.000,
10912,2024-08-16 00:00:00.000,
10913,2024-08-17 00:00:00.000,
10914,2024-08-18 00:00:00.000,
10915,2024-08-19 00:00:00.000,
10916,2024-08-20 00:00:00.000,
10917,2024-08-21 00:00:00.000,
10918,2024-08-22 00:00:00.000,
10919,2024-08-23 00:00:00.000,
10920,2024-08-24 00:00:00.000,
10921,2024-08-25 00:00:00.000,
10922,2024-08-26 00:00:00.000,
10923,2024-08-27 00:00:00.000,
10924,2024-08-28 00:00:00.000,
10925,2024-08-29 00:00:00.000,
10926,2024-08-30 00:00:00.000,
10927,2024-08-31 00:00:00.000,
10928,2024-09-01 00:00:00.000,
10929,2024-09-02 00:00:00.000,
10930,2024-09-03 00:00:00.000,
10931,2024-09-04 00:00:00.000,
10932,2024-09-05 00:00:00.000,
10933,2024-09-06 00:00:00.000,
10934,2024-09-07 00:00:00.000,
10935,2024-09-08 00:00:00.000,
10936,2024-09-09 00:00:00.000,
10937,2024-09-10 00:00:00.000,
10938,2024-09-11 00:00:00.000,
10939,2024-09-12 00:00:00.000,
10940,2024-09-13 00:00:00.000,
10941,2024-09-14 00:00:00.000,
10942,2024-09-15 00:00:00.000,
10943,2024-09-16 00:00:00.000,
10944,2024-09-17 00:00:00.000,
10945,2024-09-18 00:00:00.000,
10946,2024-09-19 00:00:00.000,
10947,2024-09-20 00:00:00.000,
10948,2024-09-21 00:00:00.000,
10949,2024-09-22 00:00:00.000,
10950,2024-09-23 00:00:00.000,
10951,2024-09-24 00:00:00.000,
10952,2024-09-25 00:00:00.000,
10953,2024-09-26 00:00:00.000,
10954,2024-09-27 00:00:00.000,
10955,2024-09-28 00:00:00.000,
10956,2024-09-29 00:00:00.000,
10957,2024-09-30 00:00:00.000,
